<?xml version="1.0" encoding="utf-8"?>
<COLLADA xmlns="http://www.collada.org/2005/11/COLLADASchema" version="1.4.1" xmlns:xsi="http://www.w3.org/2001/XMLSchema-instance">
  <asset>
    <contributor>
      <author>Blender User</author>
      <authoring_tool>Blender 3.6.2 commit date:2023-08-16, commit time:16:43, hash:e53e55951e7a</authoring_tool>
    </contributor>
    <created>2024-03-01T09:40:45</created>
    <modified>2024-03-01T09:40:45</modified>
    <unit name="meter" meter="1"/>
    <up_axis>Z_UP</up_axis>
  </asset>
  <library_effects>
    <effect id="Material_011-effect">
      <profile_COMMON>
        <technique sid="common">
          <lambert>
            <emission>
              <color sid="emission">0 0 0 1</color>
            </emission>
            <diffuse>
              <color sid="diffuse">0.1 0.1 0.1 1</color>
            </diffuse>
            <reflectivity>
              <float sid="specular">0.5</float>
            </reflectivity>
          </lambert>
        </technique>
      </profile_COMMON>
    </effect>
  </library_effects>
  <library_images/>
  <library_materials>
    <material id="Material_011-material" name="Material.011">
      <instance_effect url="#Material_011-effect"/>
    </material>
  </library_materials>
  <library_geometries>
    <geometry id="ust-10lx_001-mesh" name="ust-10lx.001">
      <mesh>
        <source id="ust-10lx_001-mesh-positions">
          <float_array id="ust-10lx_001-mesh-positions-array" count="9585">0.01849997 0.02149999 0.0337001 0.01853883 0.02101874 0.0337001 0.01852023 0.02115172 0.03440004 0.01865422 0.02054995 0.0337001 0.01858085 0.0208081 0.03440004 0.01854354 0.02101945 0.03440004 0.01884591 0.02010715 0.03440004 0.01881909 0.02015358 0.03440004 0.01884359 0.02010565 0.0337001 0.01868087 0.02047377 0.03440004 0.0186578 0.02055102 0.03440004 0.01899337 0.01985144 0.03440004 0.01910156 0.01969772 0.0337001 0.01910567 0.01970076 0.03440004 0.01920181 0.0195716 0.03440004 0.01942181 0.01933634 0.0337001 0.0194227 0.01933735 0.03440004 0.01944112 0.01931786 0.03440004 0.01979577 0.01903092 0.0337001 0.01970851 0.01909363 0.03440004 0.0202139 0.01878952 0.0337001 0.01999998 0.01890188 0.03440004 0.01979804 0.01903462 0.03440004 0.02066564 0.01861983 0.03440004 0.02063941 0.01862603 0.03440004 0.02066522 0.0186184 0.0337001 0.02031171 0.0187453 0.03440004 0.02021574 0.01879346 0.03440004 0.02097892 0.01854544 0.03440004 0.02113837 0.01852184 0.0337001 0.02113896 0.01852685 0.03440004 0.0213254 0.01850491 0.03440004 0.02162075 0.01850241 0.0337001 0.02162075 0.01850491 0.03440004 0.02167439 0.01850491 0.03440004 0.02210003 0.01856046 0.0337001 0.02202093 0.01854544 0.03440004 0.02256381 0.01869481 0.0337001 0.02236038 0.01862603 0.03440004 0.02209907 0.0185641 0.03440004 0.023 0.01890188 0.0337001 0.02268821 0.0187453 0.03440004 0.02256214 0.01869934 0.03440004 0.0233972 0.01917618 0.0337001 0.02329134 0.01909363 0.03440004 0.023 0.01890188 0.03440004 0.02374541 0.0195105 0.0337001 0.02355867 0.01931786 0.03440004 0.0233941 0.01917982 0.03440004 0.02403312 0.01989775 0.03440004 0.02400642 0.01985144 0.03440004 0.02403557 0.01989644 0.0337001 0.02379798 0.0195716 0.03440004 0.02374291 0.01951307 0.03440004 0.02418076 0.02015358 0.03440004 0.02425992 0.02032405 0.0337001 0.02425527 0.02032595 0.03440004 0.02431905 0.02047377 0.03440004 0.02441281 0.02078205 0.0337001 0.02441138 0.02078247 0.03440004 0.024419 0.0208081 0.03440004 0.02449011 0.02125859 0.0337001 0.02447956 0.02115172 0.03440004 0.02441138 0.02221751 0.03440004 0.024419 0.02219182 0.03440004 0.02441281 0.02221781 0.0337001 0.02447956 0.02184826 0.03440004 0.02449011 0.02174139 0.0337001 0.02448594 0.02174115 0.03440004 0.02449995 0.02149999 0.0337001 0.02449995 0.02149999 0.03440004 0.02448594 0.02125883 0.03440004 0.02431905 0.02252602 0.03440004 0.02425992 0.02267587 0.0337001 0.02425527 0.0226739 0.03440004 0.02418076 0.0228464 0.03440004 0.02403557 0.02310335 0.0337001 0.02403312 0.02310204 0.03440004 0.02400642 0.02314835 0.03440004 0.02374541 0.02348935 0.0337001 0.02379798 0.02342832 0.03440004 0.0233972 0.02382367 0.0337001 0.02355867 0.02368199 0.03440004 0.02374291 0.02348685 0.03440004 0.023 0.02409791 0.0337001 0.02329134 0.02390635 0.03440004 0.0233941 0.0238201 0.03440004 0.02256381 0.02430504 0.0337001 0.02268821 0.02425462 0.03440004 0.023 0.02409791 0.03440004 0.02210003 0.02443933 0.0337001 0.02236038 0.02437382 0.03440004 0.02256214 0.02430051 0.03440004 0.02162075 0.02449476 0.03440004 0.02167439 0.02449476 0.03440004 0.02162075 0.02449744 0.0337001 0.02202093 0.02445441 0.03440004 0.02209907 0.02443569 0.03440004 0.0213254 0.02449476 0.03440004 0.02113837 0.02447795 0.0337001 0.02113896 0.02447307 0.03440004 0.02097892 0.02445441 0.03440004 0.02066522 0.02438139 0.0337001 0.02066564 0.02438002 0.03440004 0.02063941 0.02437382 0.03440004 0.0202139 0.02421033 0.0337001 0.02031171 0.02425462 0.03440004 0.01979577 0.02396893 0.0337001 0.01999998 0.02409791 0.03440004 0.02021574 0.02420634 0.03440004 0.0194227 0.02366244 0.03440004 0.01944112 0.02368199 0.03440004 0.01942181 0.02366358 0.0337001 0.01970851 0.02390635 0.03440004 0.01979804 0.02396517 0.03440004 0.01920181 0.02342832 0.03440004 0.01910156 0.02330207 0.0337001 0.01910567 0.02329909 0.03440004 0.01899337 0.02314835 0.03440004 0.01884359 0.02289414 0.0337001 0.01884591 0.02289283 0.03440004 0.01881909 0.0228464 0.03440004 0.01865422 0.02244997 0.0337001 0.01868087 0.02252602 0.03440004 0.01853883 0.02198112 0.0337001 0.01858085 0.02219182 0.03440004 0.0186578 0.02244883 0.03440004 0.01849997 0.02149999 0.03440004 0.01852023 0.02184826 0.03440004 0.01854354 0.0219804 0.03440004 0.0238353 0.0209465 0.03500002 0.0238837 0.02122128 0.03500002 0.02149999 0.02149999 0.03500002 0.02389997 0.02149999 0.03500002 0.0238837 0.02177858 0.03500002 0.02350515 0.02018105 0.03500002 0.02364468 0.02042287 0.03500002 0.02375525 0.02067911 0.03500002 0.02293318 0.01957488 0.03500002 0.0231468 0.01975429 0.03500002 0.02333837 0.0199573 0.03500002 0.0221883 0.0192008 0.03500002 0.02245056 0.0192961 0.03500002 0.02269995 0.01942139 0.03500002 0.02136033 0.01910406 0.03500002 0.02163952 0.01910406 0.03500002 0.02191662 0.0191363 0.03500002 0.02054923 0.0192961 0.03500002 0.02081155 0.0192008 0.03500002 0.02108323 0.0191363 0.03500002 0.01985299 0.01975429 0.03500002 0.02006667 0.01957488 0.03500002 0.02029997 0.01942139 0.03500002 0.01935511 0.02042287 0.03500002 0.01949483 0.02018105 0.03500002 0.01966148 0.0199573 0.03500002 0.01911622 0.02122128 0.03500002 0.01916468 0.0209465 0.03500002 0.01924473 0.02067911 0.03500002 0.01916468 0.02205348 0.03500002 0.01911622 0.02177858 0.03500002 0.01909995 0.02149999 0.03500002 0.01949483 0.0228188 0.03500002 0.01935511 0.02257698 0.03500002 0.01924473 0.02232068 0.03500002 0.02006667 0.02342504 0.03500002 0.01985299 0.02324569 0.03500002 0.01966148 0.02304255 0.03500002 0.02081155 0.02379918 0.03500002 0.02054923 0.02370369 0.03500002 0.02029997 0.02357846 0.03500002 0.02163952 0.0238958 0.03500002 0.02136033 0.0238958 0.03500002 0.02108323 0.02386349 0.03500002 0.02245056 0.02370369 0.03500002 0.0221883 0.02379918 0.03500002 0.02191662 0.02386349 0.03500002 0.0231468 0.02324569 0.03500002 0.02293318 0.02342504 0.03500002 0.02269995 0.02357846 0.03500002 0.02364468 0.02257698 0.03500002 0.02350515 0.0228188 0.03500002 0.02333837 0.02304255 0.03500002 0.0238353 0.02205348 0.03500002 0.02375525 0.02232068 0.03500002 0.02149999 0.02149999 0.0337001 0.0244646 0.02184653 0.03453361 0.0243048 0.02252084 0.03453361 0.02416729 0.0228396 0.03453361 0.02399379 0.02314025 0.03453361 0.02354836 0.02367115 0.03453361 0.02235609 0.02435952 0.03453361 0.02132642 0.02447986 0.03453361 0.02064383 0.02435952 0.03453361 0.02000749 0.02408504 0.03453361 0.01921325 0.02341866 0.03453361 0.01900607 0.02314025 0.03453361 0.0188325 0.0228396 0.03453361 0.01859533 0.02218836 0.03453361 0.01859533 0.02081149 0.03453361 0.01900607 0.01985973 0.03453361 0.01945143 0.01932877 0.03453361 0.02000749 0.01891481 0.03453361 0.02098155 0.01856029 0.03453361 0.02132642 0.01851993 0.03453361 0.02167356 0.01851993 0.03453361 0.02235609 0.01864027 0.03453361 0.02354836 0.01932877 0.03453361 0.02416729 0.02016019 0.03453361 0.02376401 0.02036291 0.034985 0.02388072 0.02063333 0.034985 0.02399981 0.02058994 0.03494065 0.02396512 0.02091556 0.034985 0.02408862 0.02088648 0.03494065 0.02419918 0.02086025 0.03486913 0.02401638 0.02120584 0.034985 0.02414232 0.02119112 0.03494065 0.02425533 0.02117782 0.03486913 0.02434957 0.02116692 0.03477412 0.02403336 0.02149999 0.034985 0.02416032 0.02149999 0.03494065 0.02427405 0.02149999 0.03486913 0.02436906 0.02149999 0.03477412 0.02444046 0.02149999 0.03466039 0.02401638 0.02179408 0.034985 0.02414232 0.0218088 0.03494065 0.02425533 0.02182203 0.03486913 0.02434957 0.02183306 0.03477412 0.02442055 0.02184122 0.03466039 0.02442055 0.02115857 0.03466039 0.0244646 0.02115345 0.03453361 0.02448493 0.02149999 0.03453361 0.02440446 0.02081149 0.03453361 0.02436131 0.02082175 0.03466039 0.02429175 0.02083832 0.03477412 0.0243048 0.02047908 0.03453361 0.02412778 0.02018022 0.03466039 0.0242632 0.02049422 0.03466039 0.02406388 0.02021235 0.03477412 0.0241959 0.02051866 0.03477412 0.02397888 0.02025485 0.03486913 0.0241068 0.0205512 0.03486913 0.02387732 0.02030605 0.03494065 0.02344065 0.01987147 0.034985 0.02323848 0.01965719 0.034985 0.02353793 0.01978993 0.03494065 0.02332562 0.0195648 0.03494065 0.02362507 0.01971668 0.03486913 0.0234037 0.01948219 0.03486913 0.02369785 0.01965576 0.03477412 0.02346885 0.01941305 0.03477412 0.02375257 0.01960968 0.03466039 0.0235179 0.01936095 0.03466039 0.0237866 0.01958113 0.03453361 0.02250343 0.01917368 0.034985 0.02222657 0.01907289 0.034985 0.02255368 0.01905721 0.03494065 0.02226299 0.01895141 0.03494065 0.02259874 0.01895266 0.03486913 0.02229559 0.01884227 0.03486913 0.02263635 0.01886552 0.03477412 0.02232283 0.01875138 0.03477412 0.02266466 0.0187999 0.03466039 0.02234321 0.01868283 0.03466039 0.02268213 0.01875913 0.03453361 0.02049636 0.01917368 0.034985 0.02023321 0.01930588 0.034985 0.0204463 0.01905721 0.03494065 0.02016979 0.01919603 0.03494065 0.02040112 0.01895266 0.03486913 0.02011293 0.01909744 0.03486913 0.02036345 0.01886552 0.03477412 0.0200653 0.01901525 0.03477412 0.02033513 0.0187999 0.03466039 0.02002966 0.01895338 0.03466039 0.02031767 0.01875913 0.03453361 0.0195592 0.01987147 0.034985 0.01938325 0.0201078 0.034985 0.01946192 0.01978993 0.03494065 0.01927727 0.020038 0.03494065 0.01937478 0.01971668 0.03486913 0.01918226 0.0199756 0.03486913 0.01930207 0.01965576 0.03477412 0.01910287 0.01992326 0.03477412 0.01924735 0.01960968 0.03466039 0.01904302 0.01988399 0.03466039 0.01921325 0.01958113 0.03453361 0.01911926 0.02063333 0.034985 0.01903474 0.02091556 0.034985 0.01900011 0.02058994 0.03494065 0.01891136 0.02088648 0.03494065 0.01889318 0.0205512 0.03486913 0.01880067 0.02086025 0.03486913 0.01880389 0.02051866 0.03477412 0.0187081 0.02083832 0.03477412 0.01873672 0.02049422 0.03466039 0.01863867 0.02082175 0.03466039 0.01869493 0.02047908 0.03453361 0.0189836 0.02179408 0.034985 0.01903474 0.02208423 0.034985 0.01885753 0.0218088 0.03494065 0.01891136 0.0221135 0.03494065 0.01874452 0.02182203 0.03486913 0.01880067 0.0221396 0.03486913 0.01865029 0.02183306 0.03477412 0.0187081 0.02216166 0.03477412 0.0185793 0.02184122 0.03466039 0.01863867 0.02217811 0.03466039 0.01853507 0.02184653 0.03453361 0.01998692 0.02353215 0.034985 0.02023321 0.02369391 0.034985 0.01991122 0.02363377 0.03494065 0.02016979 0.02380383 0.03494065 0.01984328 0.02372515 0.03486913 0.02011293 0.02390241 0.03486913 0.01978665 0.0238012 0.03477412 0.0200653 0.02398467 0.03477412 0.01974385 0.02385854 0.03466039 0.02002966 0.02404654 0.03466039 0.01971745 0.02389425 0.03453361 0.02105993 0.02399498 0.034985 0.02135252 0.02402919 0.034985 0.02103799 0.02411991 0.03494065 0.02134519 0.02415579 0.03494065 0.02101814 0.02423191 0.03486913 0.0213387 0.0242694 0.03486913 0.02100175 0.02432543 0.03477412 0.02133303 0.02436423 0.03477412 0.02098923 0.02439588 0.03466039 0.02132898 0.02443552 0.03466039 0.02098155 0.02443957 0.03453361 0.02193993 0.02399498 0.034985 0.02222657 0.02392703 0.034985 0.0219618 0.02411991 0.03494065 0.02226299 0.02404844 0.03494065 0.02198171 0.02423191 0.03486913 0.02229559 0.02415752 0.03486913 0.02199804 0.02432543 0.03477412 0.02232283 0.02424854 0.03477412 0.02201062 0.02439588 0.03466039 0.02234321 0.02431702 0.03466039 0.02201831 0.02443957 0.03453361 0.02301275 0.02353215 0.034985 0.02323848 0.02334266 0.034985 0.02308863 0.02363377 0.03494065 0.02332562 0.02343505 0.03494065 0.02315652 0.02372515 0.03486913 0.0234037 0.02351766 0.03486913 0.02321314 0.0238012 0.03477412 0.02346885 0.02358675 0.03477412 0.02325594 0.02385854 0.03466039 0.0235179 0.0236389 0.03466039 0.02328234 0.02389425 0.03453361 0.02399379 0.01985973 0.03453361 0.02395677 0.01988399 0.03466039 0.02389705 0.01992326 0.03477412 0.02381759 0.0199756 0.03486913 0.02372252 0.020038 0.03494065 0.02361667 0.0201078 0.034985 0.02328234 0.01910567 0.03453361 0.02325594 0.01914113 0.03466039 0.02321314 0.01919847 0.03477412 0.02315652 0.01927483 0.03486913 0.02308863 0.01936608 0.03494065 0.02301275 0.01946777 0.034985 0.02276659 0.01930588 0.034985 0.02283 0.01919603 0.03494065 0.02288705 0.01909744 0.03486913 0.02293437 0.01901525 0.03477412 0.02297013 0.01895338 0.03466039 0.02299243 0.01891481 0.03453361 0.02201831 0.01856029 0.03453361 0.02201062 0.01860404 0.03466039 0.02199804 0.01867449 0.03477412 0.02198171 0.01876801 0.03486913 0.0219618 0.01887995 0.03494065 0.02193993 0.01900494 0.034985 0.02164727 0.0189706 0.034985 0.02165466 0.018844 0.03494065 0.02166128 0.01873058 0.03486913 0.02166682 0.01863569 0.03477412 0.02167081 0.01856434 0.03466039 0.02132898 0.01856434 0.03466039 0.02133303 0.01863569 0.03477412 0.0213387 0.01873058 0.03486913 0.02134519 0.018844 0.03494065 0.02135252 0.0189706 0.034985 0.02098923 0.01860404 0.03466039 0.02100175 0.01867449 0.03477412 0.02101814 0.01876801 0.03486913 0.02103799 0.01887995 0.03494065 0.02105993 0.01900494 0.034985 0.02064383 0.01864027 0.03453361 0.02065658 0.01868283 0.03466039 0.02067703 0.01875138 0.03477412 0.0207042 0.01884227 0.03486913 0.02073699 0.01895141 0.03494065 0.02077335 0.01907289 0.034985 0.01971745 0.01910567 0.03453361 0.01974385 0.01914113 0.03466039 0.01978665 0.01919847 0.03477412 0.01984328 0.01927483 0.03486913 0.01991122 0.01936608 0.03494065 0.01998692 0.01946777 0.034985 0.01976138 0.01965719 0.034985 0.01967436 0.0195648 0.03494065 0.01959615 0.01948219 0.03486913 0.01953107 0.01941305 0.03477412 0.01948189 0.01936095 0.03466039 0.0188325 0.02016019 0.03453361 0.0188722 0.02018022 0.03466039 0.01893591 0.02021235 0.03477412 0.01902097 0.02025485 0.03486913 0.0191226 0.02030605 0.03494065 0.01923584 0.02036291 0.034985 0.01853507 0.02115345 0.03453361 0.0185793 0.02115857 0.03466039 0.01865029 0.02116692 0.03477412 0.01874452 0.02117782 0.03486913 0.01885753 0.02119112 0.03494065 0.0189836 0.02120584 0.034985 0.01896643 0.02149999 0.034985 0.01883953 0.02149999 0.03494065 0.01872587 0.02149999 0.03486913 0.01863086 0.02149999 0.03477412 0.01855939 0.02149999 0.03466039 0.01851499 0.02149999 0.03453361 0.01869493 0.02252084 0.03453361 0.01873672 0.0225057 0.03466039 0.01880389 0.02248126 0.03477412 0.01889318 0.02244865 0.03486913 0.01900011 0.02240985 0.03494065 0.01911926 0.02236646 0.034985 0.01923584 0.02263695 0.034985 0.0191226 0.02269393 0.03494065 0.01902097 0.02274501 0.03486913 0.01893591 0.02278763 0.03477412 0.0188722 0.02281957 0.03466039 0.01904302 0.02311587 0.03466039 0.01910287 0.02307659 0.03477412 0.01918226 0.02302438 0.03486913 0.01927727 0.02296185 0.03494065 0.01938325 0.02289205 0.034985 0.01924735 0.02339017 0.03466039 0.01930207 0.02334409 0.03477412 0.01937478 0.02328312 0.03486913 0.01946192 0.02320986 0.03494065 0.0195592 0.02312839 0.034985 0.01945143 0.02367115 0.03453361 0.01948189 0.0236389 0.03466039 0.01953107 0.02358675 0.03477412 0.01959615 0.02351766 0.03486913 0.01967436 0.02343505 0.03494065 0.01976138 0.02334266 0.034985 0.02031767 0.02424079 0.03453361 0.02033513 0.02420008 0.03466039 0.02036345 0.02413433 0.03477412 0.02040112 0.02404719 0.03486913 0.0204463 0.02394258 0.03494065 0.02049636 0.0238263 0.034985 0.02077335 0.02392703 0.034985 0.02073699 0.02404844 0.03494065 0.0207042 0.02415752 0.03486913 0.02067703 0.02424854 0.03477412 0.02065658 0.02431702 0.03466039 0.02167356 0.02447986 0.03453361 0.02167081 0.02443552 0.03466039 0.02166682 0.02436423 0.03477412 0.02166128 0.0242694 0.03486913 0.02165466 0.02415579 0.03494065 0.02164727 0.02402919 0.034985 0.02268213 0.02424079 0.03453361 0.02266466 0.02420008 0.03466039 0.02263635 0.02413433 0.03477412 0.02259874 0.02404719 0.03486913 0.02255368 0.02394258 0.03494065 0.02250343 0.0238263 0.034985 0.02276659 0.02369391 0.034985 0.02283 0.02380383 0.03494065 0.02288705 0.02390241 0.03486913 0.02293437 0.02398467 0.03477412 0.02297013 0.02404654 0.03466039 0.02299243 0.02408504 0.03453361 0.0237866 0.02341866 0.03453361 0.02375257 0.02339017 0.03466039 0.02369785 0.02334409 0.03477412 0.02362507 0.02328312 0.03486913 0.02353793 0.02320986 0.03494065 0.02344065 0.02312839 0.034985 0.02361667 0.02289205 0.034985 0.02372252 0.02296185 0.03494065 0.02381759 0.02302438 0.03486913 0.02389705 0.02307659 0.03477412 0.02395677 0.02311587 0.03466039 0.02412778 0.02281957 0.03466039 0.02406388 0.02278763 0.03477412 0.02397888 0.02274501 0.03486913 0.02387732 0.02269393 0.03494065 0.02376401 0.02263695 0.034985 0.0242632 0.0225057 0.03466039 0.0241959 0.02248126 0.03477412 0.0241068 0.02244865 0.03486913 0.02399981 0.02240985 0.03494065 0.02388072 0.02236646 0.034985 0.02440446 0.02218836 0.03453361 0.02436131 0.02217811 0.03466039 0.02429175 0.02216166 0.03477412 0.02419918 0.0221396 0.03486913 0.02408862 0.0221135 0.03494065 0.02396512 0.02208423 0.034985 -0.02449995 0.02149999 0.0337001 -0.02446115 0.02101874 0.0337001 -0.02447956 0.02115172 0.03440004 -0.02434545 0.02054995 0.0337001 -0.024419 0.0208081 0.03440004 -0.02445638 0.02101945 0.03440004 -0.02415394 0.02010715 0.03440004 -0.02418076 0.02015358 0.03440004 -0.02415633 0.02010565 0.0337001 -0.02431905 0.02047377 0.03440004 -0.02434206 0.02055102 0.03440004 -0.02400642 0.01985144 0.03440004 -0.0238983 0.01969772 0.0337001 -0.02389425 0.01970076 0.03440004 -0.02379798 0.0195716 0.03440004 -0.02357804 0.01933634 0.0337001 -0.02357709 0.01933735 0.03440004 -0.02355867 0.01931786 0.03440004 -0.02320402 0.01903092 0.0337001 -0.02329134 0.01909363 0.03440004 -0.02278608 0.01878952 0.0337001 -0.023 0.01890188 0.03440004 -0.02320182 0.01903462 0.03440004 -0.02233415 0.01861983 0.03440004 -0.02236038 0.01862603 0.03440004 -0.02233463 0.0186184 0.0337001 -0.02268821 0.0187453 0.03440004 -0.02278411 0.01879346 0.03440004 -0.02202093 0.01854544 0.03440004 -0.02186161 0.01852184 0.0337001 -0.02186089 0.01852685 0.03440004 -0.02167439 0.01850491 0.03440004 -0.02137917 0.01850241 0.0337001 -0.02137917 0.01850491 0.03440004 -0.0213254 0.01850491 0.03440004 -0.02089989 0.01856046 0.0337001 -0.02097892 0.01854544 0.03440004 -0.02043604 0.01869481 0.0337001 -0.02063941 0.01862603 0.03440004 -0.02090072 0.0185641 0.03440004 -0.01999998 0.01890188 0.0337001 -0.02031171 0.0187453 0.03440004 -0.02043765 0.01869934 0.03440004 -0.01960265 0.01917618 0.0337001 -0.01970851 0.01909363 0.03440004 -0.01999998 0.01890188 0.03440004 -0.01925444 0.0195105 0.0337001 -0.01944112 0.01931786 0.03440004 -0.01960575 0.01917982 0.03440004 -0.01896667 0.01989775 0.03440004 -0.01899337 0.01985144 0.03440004 -0.01896435 0.01989644 0.0337001 -0.01920181 0.0195716 0.03440004 -0.01925694 0.01951307 0.03440004 -0.01881909 0.02015358 0.03440004 -0.01873993 0.02032405 0.0337001 -0.01874452 0.02032595 0.03440004 -0.01868087 0.02047377 0.03440004 -0.01858717 0.02078205 0.0337001 -0.01858854 0.02078247 0.03440004 -0.01858085 0.0208081 0.03440004 -0.01850968 0.02125859 0.0337001 -0.01852023 0.02115172 0.03440004 -0.01858854 0.02221751 0.03440004 -0.01858085 0.02219182 0.03440004 -0.01858717 0.02221781 0.0337001 -0.01852023 0.02184826 0.03440004 -0.01850968 0.02174139 0.0337001 -0.01851391 0.02174115 0.03440004 -0.01849997 0.02149999 0.0337001 -0.01849997 0.02149999 0.03440004 -0.01851391 0.02125883 0.03440004 -0.01868087 0.02252602 0.03440004 -0.01873993 0.02267587 0.0337001 -0.01874452 0.0226739 0.03440004 -0.01881909 0.0228464 0.03440004 -0.01896435 0.02310335 0.0337001 -0.01896667 0.02310204 0.03440004 -0.01899337 0.02314835 0.03440004 -0.01925444 0.02348935 0.0337001 -0.01920181 0.02342832 0.03440004 -0.01960265 0.02382367 0.0337001 -0.01944112 0.02368199 0.03440004 -0.01925694 0.02348685 0.03440004 -0.01999998 0.02409791 0.0337001 -0.01970851 0.02390635 0.03440004 -0.01960575 0.0238201 0.03440004 -0.02043604 0.02430504 0.0337001 -0.02031171 0.02425462 0.03440004 -0.01999998 0.02409791 0.03440004 -0.02089989 0.02443933 0.0337001 -0.02063941 0.02437382 0.03440004 -0.02043765 0.02430051 0.03440004 -0.02137917 0.02449476 0.03440004 -0.0213254 0.02449476 0.03440004 -0.02137917 0.02449744 0.0337001 -0.02097892 0.02445441 0.03440004 -0.02090072 0.02443569 0.03440004 -0.02167439 0.02449476 0.03440004 -0.02186161 0.02447795 0.0337001 -0.02186089 0.02447307 0.03440004 -0.02202093 0.02445441 0.03440004 -0.02233463 0.02438139 0.0337001 -0.02233415 0.02438002 0.03440004 -0.02236038 0.02437382 0.03440004 -0.02278608 0.02421033 0.0337001 -0.02268821 0.02425462 0.03440004 -0.02320402 0.02396893 0.0337001 -0.023 0.02409791 0.03440004 -0.02278411 0.02420634 0.03440004 -0.02357709 0.02366244 0.03440004 -0.02355867 0.02368199 0.03440004 -0.02357804 0.02366358 0.0337001 -0.02329134 0.02390635 0.03440004 -0.02320182 0.02396517 0.03440004 -0.02379798 0.02342832 0.03440004 -0.0238983 0.02330207 0.0337001 -0.02389425 0.02329909 0.03440004 -0.02400642 0.02314835 0.03440004 -0.02415633 0.02289414 0.0337001 -0.02415394 0.02289283 0.03440004 -0.02418076 0.0228464 0.03440004 -0.02434545 0.02244997 0.0337001 -0.02431905 0.02252602 0.03440004 -0.02446115 0.02198112 0.0337001 -0.024419 0.02219182 0.03440004 -0.02434206 0.02244883 0.03440004 -0.02449995 0.02149999 0.03440004 -0.02447956 0.02184826 0.03440004 -0.02445638 0.0219804 0.03440004 -0.01916468 0.0209465 0.03500002 -0.01911622 0.02122128 0.03500002 -0.02149999 0.02149999 0.03500002 -0.01909995 0.02149999 0.03500002 -0.01911622 0.02177858 0.03500002 -0.01949483 0.02018105 0.03500002 -0.01935511 0.02042287 0.03500002 -0.01924473 0.02067911 0.03500002 -0.02006667 0.01957488 0.03500002 -0.01985299 0.01975429 0.03500002 -0.01966148 0.0199573 0.03500002 -0.02081155 0.0192008 0.03500002 -0.02054923 0.0192961 0.03500002 -0.02029997 0.01942139 0.03500002 -0.02163952 0.01910406 0.03500002 -0.02136033 0.01910406 0.03500002 -0.02108323 0.0191363 0.03500002 -0.02245056 0.0192961 0.03500002 -0.0221883 0.0192008 0.03500002 -0.02191662 0.0191363 0.03500002 -0.0231468 0.01975429 0.03500002 -0.02293318 0.01957488 0.03500002 -0.02269995 0.01942139 0.03500002 -0.02364468 0.02042287 0.03500002 -0.02350515 0.02018105 0.03500002 -0.02333837 0.0199573 0.03500002 -0.0238837 0.02122128 0.03500002 -0.0238353 0.0209465 0.03500002 -0.02375525 0.02067911 0.03500002 -0.0238353 0.02205348 0.03500002 -0.0238837 0.02177858 0.03500002 -0.02389997 0.02149999 0.03500002 -0.02350515 0.0228188 0.03500002 -0.02364468 0.02257698 0.03500002 -0.02375525 0.02232068 0.03500002 -0.02293318 0.02342504 0.03500002 -0.0231468 0.02324569 0.03500002 -0.02333837 0.02304255 0.03500002 -0.0221883 0.02379918 0.03500002 -0.02245056 0.02370369 0.03500002 -0.02269995 0.02357846 0.03500002 -0.02136033 0.0238958 0.03500002 -0.02163952 0.0238958 0.03500002 -0.02191662 0.02386349 0.03500002 -0.02054923 0.02370369 0.03500002 -0.02081155 0.02379918 0.03500002 -0.02108323 0.02386349 0.03500002 -0.01985299 0.02324569 0.03500002 -0.02006667 0.02342504 0.03500002 -0.02029997 0.02357846 0.03500002 -0.01935511 0.02257698 0.03500002 -0.01949483 0.0228188 0.03500002 -0.01966148 0.02304255 0.03500002 -0.01916468 0.02205348 0.03500002 -0.01924473 0.02232068 0.03500002 -0.02149999 0.02149999 0.0337001 -0.01853507 0.02184653 0.03453361 -0.01869493 0.02252084 0.03453361 -0.0188325 0.0228396 0.03453361 -0.01900607 0.02314025 0.03453361 -0.01945143 0.02367115 0.03453361 -0.02064383 0.02435952 0.03453361 -0.02167356 0.02447986 0.03453361 -0.02235609 0.02435952 0.03453361 -0.02299243 0.02408504 0.03453361 -0.0237866 0.02341866 0.03453361 -0.02399379 0.02314025 0.03453361 -0.02416729 0.0228396 0.03453361 -0.02440446 0.02218836 0.03453361 -0.02440446 0.02081149 0.03453361 -0.02399379 0.01985973 0.03453361 -0.02354836 0.01932877 0.03453361 -0.02299243 0.01891481 0.03453361 -0.02201831 0.01856029 0.03453361 -0.02167356 0.01851993 0.03453361 -0.02132642 0.01851993 0.03453361 -0.02064383 0.01864027 0.03453361 -0.01945143 0.01932877 0.03453361 -0.0188325 0.02016019 0.03453361 -0.01923584 0.02036291 0.034985 -0.01911926 0.02063333 0.034985 -0.01900011 0.02058994 0.03494065 -0.01903474 0.02091556 0.034985 -0.01891136 0.02088648 0.03494065 -0.01880067 0.02086025 0.03486913 -0.0189836 0.02120584 0.034985 -0.01885753 0.02119112 0.03494065 -0.01874452 0.02117782 0.03486913 -0.01865029 0.02116692 0.03477412 -0.01896643 0.02149999 0.034985 -0.01883953 0.02149999 0.03494065 -0.01872587 0.02149999 0.03486913 -0.01863086 0.02149999 0.03477412 -0.01855939 0.02149999 0.03466039 -0.0189836 0.02179408 0.034985 -0.01885753 0.0218088 0.03494065 -0.01874452 0.02182203 0.03486913 -0.01865029 0.02183306 0.03477412 -0.0185793 0.02184122 0.03466039 -0.0185793 0.02115857 0.03466039 -0.01853507 0.02115345 0.03453361 -0.01851499 0.02149999 0.03453361 -0.01859533 0.02081149 0.03453361 -0.01863867 0.02082175 0.03466039 -0.0187081 0.02083832 0.03477412 -0.01869493 0.02047908 0.03453361 -0.0188722 0.02018022 0.03466039 -0.01873672 0.02049422 0.03466039 -0.01893591 0.02021235 0.03477412 -0.01880389 0.02051866 0.03477412 -0.01902097 0.02025485 0.03486913 -0.01889318 0.0205512 0.03486913 -0.0191226 0.02030605 0.03494065 -0.0195592 0.01987147 0.034985 -0.01976138 0.01965719 0.034985 -0.01946192 0.01978993 0.03494065 -0.01967436 0.0195648 0.03494065 -0.01937478 0.01971668 0.03486913 -0.01959615 0.01948219 0.03486913 -0.01930207 0.01965576 0.03477412 -0.01953107 0.01941305 0.03477412 -0.01924735 0.01960968 0.03466039 -0.01948189 0.01936095 0.03466039 -0.01921325 0.01958113 0.03453361 -0.02049636 0.01917368 0.034985 -0.02077335 0.01907289 0.034985 -0.0204463 0.01905721 0.03494065 -0.02073699 0.01895141 0.03494065 -0.02040112 0.01895266 0.03486913 -0.0207042 0.01884227 0.03486913 -0.02036345 0.01886552 0.03477412 -0.02067703 0.01875138 0.03477412 -0.02033513 0.0187999 0.03466039 -0.02065658 0.01868283 0.03466039 -0.02031767 0.01875913 0.03453361 -0.02250343 0.01917368 0.034985 -0.02276659 0.01930588 0.034985 -0.02255368 0.01905721 0.03494065 -0.02283 0.01919603 0.03494065 -0.02259874 0.01895266 0.03486913 -0.02288705 0.01909744 0.03486913 -0.02263635 0.01886552 0.03477412 -0.02293437 0.01901525 0.03477412 -0.02266466 0.0187999 0.03466039 -0.02297013 0.01895338 0.03466039 -0.02268213 0.01875913 0.03453361 -0.02344065 0.01987147 0.034985 -0.02361667 0.0201078 0.034985 -0.02353793 0.01978993 0.03494065 -0.02372252 0.020038 0.03494065 -0.02362507 0.01971668 0.03486913 -0.02381759 0.0199756 0.03486913 -0.02369785 0.01965576 0.03477412 -0.02389705 0.01992326 0.03477412 -0.02375257 0.01960968 0.03466039 -0.02395677 0.01988399 0.03466039 -0.0237866 0.01958113 0.03453361 -0.02388072 0.02063333 0.034985 -0.02396512 0.02091556 0.034985 -0.02399981 0.02058994 0.03494065 -0.02408862 0.02088648 0.03494065 -0.0241068 0.0205512 0.03486913 -0.02419918 0.02086025 0.03486913 -0.0241959 0.02051866 0.03477412 -0.02429175 0.02083832 0.03477412 -0.0242632 0.02049422 0.03466039 -0.02436131 0.02082175 0.03466039 -0.0243048 0.02047908 0.03453361 -0.02401638 0.02179408 0.034985 -0.02396512 0.02208423 0.034985 -0.02414232 0.0218088 0.03494065 -0.02408862 0.0221135 0.03494065 -0.02425533 0.02182203 0.03486913 -0.02419918 0.0221396 0.03486913 -0.02434957 0.02183306 0.03477412 -0.02429175 0.02216166 0.03477412 -0.02442055 0.02184122 0.03466039 -0.02436131 0.02217811 0.03466039 -0.0244646 0.02184653 0.03453361 -0.02301275 0.02353215 0.034985 -0.02276659 0.02369391 0.034985 -0.02308863 0.02363377 0.03494065 -0.02283 0.02380383 0.03494065 -0.02315652 0.02372515 0.03486913 -0.02288705 0.02390241 0.03486913 -0.02321314 0.0238012 0.03477412 -0.02293437 0.02398467 0.03477412 -0.02325594 0.02385854 0.03466039 -0.02297013 0.02404654 0.03466039 -0.02328234 0.02389425 0.03453361 -0.02193993 0.02399498 0.034985 -0.02164727 0.02402919 0.034985 -0.0219618 0.02411991 0.03494065 -0.02165466 0.02415579 0.03494065 -0.02198171 0.02423191 0.03486913 -0.02166128 0.0242694 0.03486913 -0.02199804 0.02432543 0.03477412 -0.02166682 0.02436423 0.03477412 -0.02201062 0.02439588 0.03466039 -0.02167081 0.02443552 0.03466039 -0.02201831 0.02443957 0.03453361 -0.02105993 0.02399498 0.034985 -0.02077335 0.02392703 0.034985 -0.02103799 0.02411991 0.03494065 -0.02073699 0.02404844 0.03494065 -0.02101814 0.02423191 0.03486913 -0.0207042 0.02415752 0.03486913 -0.02100175 0.02432543 0.03477412 -0.02067703 0.02424854 0.03477412 -0.02098923 0.02439588 0.03466039 -0.02065658 0.02431702 0.03466039 -0.02098155 0.02443957 0.03453361 -0.01998692 0.02353215 0.034985 -0.01976138 0.02334266 0.034985 -0.01991122 0.02363377 0.03494065 -0.01967436 0.02343505 0.03494065 -0.01984328 0.02372515 0.03486913 -0.01959615 0.02351766 0.03486913 -0.01978665 0.0238012 0.03477412 -0.01953107 0.02358675 0.03477412 -0.01974385 0.02385854 0.03466039 -0.01948189 0.0236389 0.03466039 -0.01971745 0.02389425 0.03453361 -0.01900607 0.01985973 0.03453361 -0.01904302 0.01988399 0.03466039 -0.01910287 0.01992326 0.03477412 -0.01918226 0.0199756 0.03486913 -0.01927727 0.020038 0.03494065 -0.01938325 0.0201078 0.034985 -0.01971745 0.01910567 0.03453361 -0.01974385 0.01914113 0.03466039 -0.01978665 0.01919847 0.03477412 -0.01984328 0.01927483 0.03486913 -0.01991122 0.01936608 0.03494065 -0.01998692 0.01946777 0.034985 -0.02023321 0.01930588 0.034985 -0.02016979 0.01919603 0.03494065 -0.02011293 0.01909744 0.03486913 -0.0200653 0.01901525 0.03477412 -0.02002966 0.01895338 0.03466039 -0.02000749 0.01891481 0.03453361 -0.02098155 0.01856029 0.03453361 -0.02098923 0.01860404 0.03466039 -0.02100175 0.01867449 0.03477412 -0.02101814 0.01876801 0.03486913 -0.02103799 0.01887995 0.03494065 -0.02105993 0.01900494 0.034985 -0.02135252 0.0189706 0.034985 -0.02134519 0.018844 0.03494065 -0.0213387 0.01873058 0.03486913 -0.02133303 0.01863569 0.03477412 -0.02132898 0.01856434 0.03466039 -0.02167081 0.01856434 0.03466039 -0.02166682 0.01863569 0.03477412 -0.02166128 0.01873058 0.03486913 -0.02165466 0.018844 0.03494065 -0.02164727 0.0189706 0.034985 -0.02201062 0.01860404 0.03466039 -0.02199804 0.01867449 0.03477412 -0.02198171 0.01876801 0.03486913 -0.0219618 0.01887995 0.03494065 -0.02193993 0.01900494 0.034985 -0.02235609 0.01864027 0.03453361 -0.02234321 0.01868283 0.03466039 -0.02232283 0.01875138 0.03477412 -0.02229559 0.01884227 0.03486913 -0.02226299 0.01895141 0.03494065 -0.02222657 0.01907289 0.034985 -0.02328234 0.01910567 0.03453361 -0.02325594 0.01914113 0.03466039 -0.02321314 0.01919847 0.03477412 -0.02315652 0.01927483 0.03486913 -0.02308863 0.01936608 0.03494065 -0.02301275 0.01946777 0.034985 -0.02323848 0.01965719 0.034985 -0.02332562 0.0195648 0.03494065 -0.0234037 0.01948219 0.03486913 -0.02346885 0.01941305 0.03477412 -0.0235179 0.01936095 0.03466039 -0.02416729 0.02016019 0.03453361 -0.02412778 0.02018022 0.03466039 -0.02406388 0.02021235 0.03477412 -0.02397888 0.02025485 0.03486913 -0.02387732 0.02030605 0.03494065 -0.02376401 0.02036291 0.034985 -0.0244646 0.02115345 0.03453361 -0.02442055 0.02115857 0.03466039 -0.02434957 0.02116692 0.03477412 -0.02425533 0.02117782 0.03486913 -0.02414232 0.02119112 0.03494065 -0.02401638 0.02120584 0.034985 -0.02403336 0.02149999 0.034985 -0.02416032 0.02149999 0.03494065 -0.02427405 0.02149999 0.03486913 -0.02436906 0.02149999 0.03477412 -0.02444046 0.02149999 0.03466039 -0.02448493 0.02149999 0.03453361 -0.0243048 0.02252084 0.03453361 -0.0242632 0.0225057 0.03466039 -0.0241959 0.02248126 0.03477412 -0.0241068 0.02244865 0.03486913 -0.02399981 0.02240985 0.03494065 -0.02388072 0.02236646 0.034985 -0.02376401 0.02263695 0.034985 -0.02387732 0.02269393 0.03494065 -0.02397888 0.02274501 0.03486913 -0.02406388 0.02278763 0.03477412 -0.02412778 0.02281957 0.03466039 -0.02395677 0.02311587 0.03466039 -0.02389705 0.02307659 0.03477412 -0.02381759 0.02302438 0.03486913 -0.02372252 0.02296185 0.03494065 -0.02361667 0.02289205 0.034985 -0.02375257 0.02339017 0.03466039 -0.02369785 0.02334409 0.03477412 -0.02362507 0.02328312 0.03486913 -0.02353793 0.02320986 0.03494065 -0.02344065 0.02312839 0.034985 -0.02354836 0.02367115 0.03453361 -0.0235179 0.0236389 0.03466039 -0.02346885 0.02358675 0.03477412 -0.0234037 0.02351766 0.03486913 -0.02332562 0.02343505 0.03494065 -0.02323848 0.02334266 0.034985 -0.02268213 0.02424079 0.03453361 -0.02266466 0.02420008 0.03466039 -0.02263635 0.02413433 0.03477412 -0.02259874 0.02404719 0.03486913 -0.02255368 0.02394258 0.03494065 -0.02250343 0.0238263 0.034985 -0.02222657 0.02392703 0.034985 -0.02226299 0.02404844 0.03494065 -0.02229559 0.02415752 0.03486913 -0.02232283 0.02424854 0.03477412 -0.02234321 0.02431702 0.03466039 -0.02132642 0.02447986 0.03453361 -0.02132898 0.02443552 0.03466039 -0.02133303 0.02436423 0.03477412 -0.0213387 0.0242694 0.03486913 -0.02134519 0.02415579 0.03494065 -0.02135252 0.02402919 0.034985 -0.02031767 0.02424079 0.03453361 -0.02033513 0.02420008 0.03466039 -0.02036345 0.02413433 0.03477412 -0.02040112 0.02404719 0.03486913 -0.0204463 0.02394258 0.03494065 -0.02049636 0.0238263 0.034985 -0.02023321 0.02369391 0.034985 -0.02016979 0.02380383 0.03494065 -0.02011293 0.02390241 0.03486913 -0.0200653 0.02398467 0.03477412 -0.02002966 0.02404654 0.03466039 -0.02000749 0.02408504 0.03453361 -0.01921325 0.02341866 0.03453361 -0.01924735 0.02339017 0.03466039 -0.01930207 0.02334409 0.03477412 -0.01937478 0.02328312 0.03486913 -0.01946192 0.02320986 0.03494065 -0.0195592 0.02312839 0.034985 -0.01938325 0.02289205 0.034985 -0.01927727 0.02296185 0.03494065 -0.01918226 0.02302438 0.03486913 -0.01910287 0.02307659 0.03477412 -0.01904302 0.02311587 0.03466039 -0.0188722 0.02281957 0.03466039 -0.01893591 0.02278763 0.03477412 -0.01902097 0.02274501 0.03486913 -0.0191226 0.02269393 0.03494065 -0.01923584 0.02263695 0.034985 -0.01873672 0.0225057 0.03466039 -0.01880389 0.02248126 0.03477412 -0.01889318 0.02244865 0.03486913 -0.01900011 0.02240985 0.03494065 -0.01911926 0.02236646 0.034985 -0.01859533 0.02218836 0.03453361 -0.01863867 0.02217811 0.03466039 -0.0187081 0.02216166 0.03477412 -0.01880067 0.0221396 0.03486913 -0.01891136 0.0221135 0.03494065 -0.01903474 0.02208423 0.034985 -0.02449995 -0.02149999 0.0337001 -0.02446115 -0.02198112 0.0337001 -0.02447956 -0.02184826 0.03440004 -0.02434545 -0.02244997 0.0337001 -0.024419 -0.02219182 0.03440004 -0.02445638 -0.0219804 0.03440004 -0.02415394 -0.02289283 0.03440004 -0.02418076 -0.0228464 0.03440004 -0.02415633 -0.02289414 0.0337001 -0.02431905 -0.02252602 0.03440004 -0.02434206 -0.02244883 0.03440004 -0.02400642 -0.02314835 0.03440004 -0.0238983 -0.02330207 0.0337001 -0.02389425 -0.02329909 0.03440004 -0.02379798 -0.02342832 0.03440004 -0.02357804 -0.02366358 0.0337001 -0.02357709 -0.02366244 0.03440004 -0.02355867 -0.02368199 0.03440004 -0.02320402 -0.02396893 0.0337001 -0.02329134 -0.02390635 0.03440004 -0.02278608 -0.02421033 0.0337001 -0.023 -0.02409791 0.03440004 -0.02320182 -0.02396517 0.03440004 -0.02233415 -0.02438002 0.03440004 -0.02236038 -0.02437382 0.03440004 -0.02233463 -0.02438139 0.0337001 -0.02268821 -0.02425462 0.03440004 -0.02278411 -0.02420634 0.03440004 -0.02202093 -0.02445441 0.03440004 -0.02186161 -0.02447795 0.0337001 -0.02186089 -0.02447307 0.03440004 -0.02167439 -0.02449476 0.03440004 -0.02137917 -0.02449744 0.0337001 -0.02137917 -0.02449476 0.03440004 -0.0213254 -0.02449476 0.03440004 -0.02089989 -0.02443933 0.0337001 -0.02097892 -0.02445441 0.03440004 -0.02043604 -0.02430504 0.0337001 -0.02063941 -0.02437382 0.03440004 -0.02090072 -0.02443569 0.03440004 -0.01999998 -0.02409791 0.0337001 -0.02031171 -0.02425462 0.03440004 -0.02043765 -0.02430051 0.03440004 -0.01960265 -0.02382367 0.0337001 -0.01970851 -0.02390635 0.03440004 -0.01999998 -0.02409791 0.03440004 -0.01925444 -0.02348935 0.0337001 -0.01944112 -0.02368199 0.03440004 -0.01960575 -0.0238201 0.03440004 -0.01896667 -0.02310204 0.03440004 -0.01899337 -0.02314835 0.03440004 -0.01896435 -0.02310335 0.0337001 -0.01920181 -0.02342832 0.03440004 -0.01925694 -0.02348685 0.03440004 -0.01881909 -0.0228464 0.03440004 -0.01873993 -0.02267587 0.0337001 -0.01874452 -0.0226739 0.03440004 -0.01868087 -0.02252602 0.03440004 -0.01858717 -0.02221781 0.0337001 -0.01858854 -0.02221751 0.03440004 -0.01858085 -0.02219182 0.03440004 -0.01850968 -0.02174139 0.0337001 -0.01852023 -0.02184826 0.03440004 -0.01858854 -0.02078247 0.03440004 -0.01858085 -0.0208081 0.03440004 -0.01858717 -0.02078205 0.0337001 -0.01852023 -0.02115172 0.03440004 -0.01850968 -0.02125859 0.0337001 -0.01851391 -0.02125883 0.03440004 -0.01849997 -0.02149999 0.0337001 -0.01849997 -0.02149999 0.03440004 -0.01851391 -0.02174115 0.03440004 -0.01868087 -0.02047377 0.03440004 -0.01873993 -0.02032405 0.0337001 -0.01874452 -0.02032595 0.03440004 -0.01881909 -0.02015358 0.03440004 -0.01896435 -0.01989644 0.0337001 -0.01896667 -0.01989775 0.03440004 -0.01899337 -0.01985144 0.03440004 -0.01925444 -0.0195105 0.0337001 -0.01920181 -0.0195716 0.03440004 -0.01960265 -0.01917618 0.0337001 -0.01944112 -0.01931786 0.03440004 -0.01925694 -0.01951307 0.03440004 -0.01999998 -0.01890188 0.0337001 -0.01970851 -0.01909363 0.03440004 -0.01960575 -0.01917982 0.03440004 -0.02043604 -0.01869481 0.0337001 -0.02031171 -0.0187453 0.03440004 -0.01999998 -0.01890188 0.03440004 -0.02089989 -0.01856046 0.0337001 -0.02063941 -0.01862603 0.03440004 -0.02043765 -0.01869934 0.03440004 -0.02137917 -0.01850491 0.03440004 -0.0213254 -0.01850491 0.03440004 -0.02137917 -0.01850241 0.0337001 -0.02097892 -0.01854544 0.03440004 -0.02090072 -0.0185641 0.03440004 -0.02167439 -0.01850491 0.03440004 -0.02186161 -0.01852184 0.0337001 -0.02186089 -0.01852685 0.03440004 -0.02202093 -0.01854544 0.03440004 -0.02233463 -0.0186184 0.0337001 -0.02233415 -0.01861983 0.03440004 -0.02236038 -0.01862603 0.03440004 -0.02278608 -0.01878952 0.0337001 -0.02268821 -0.0187453 0.03440004 -0.02320402 -0.01903092 0.0337001 -0.023 -0.01890188 0.03440004 -0.02278411 -0.01879346 0.03440004 -0.02357709 -0.01933735 0.03440004 -0.02355867 -0.01931786 0.03440004 -0.02357804 -0.01933634 0.0337001 -0.02329134 -0.01909363 0.03440004 -0.02320182 -0.01903462 0.03440004 -0.02379798 -0.0195716 0.03440004 -0.0238983 -0.01969772 0.0337001 -0.02389425 -0.01970076 0.03440004 -0.02400642 -0.01985144 0.03440004 -0.02415633 -0.02010565 0.0337001 -0.02415394 -0.02010715 0.03440004 -0.02418076 -0.02015358 0.03440004 -0.02434545 -0.02054995 0.0337001 -0.02431905 -0.02047377 0.03440004 -0.02446115 -0.02101874 0.0337001 -0.024419 -0.0208081 0.03440004 -0.02434206 -0.02055102 0.03440004 -0.02449995 -0.02149999 0.03440004 -0.02447956 -0.02115172 0.03440004 -0.02445638 -0.02101945 0.03440004 -0.01916468 -0.02205348 0.03500002 -0.01911622 -0.02177858 0.03500002 -0.02149999 -0.02149999 0.03500002 -0.01909995 -0.02149999 0.03500002 -0.01911622 -0.02122128 0.03500002 -0.01949483 -0.0228188 0.03500002 -0.01935511 -0.02257698 0.03500002 -0.01924473 -0.02232068 0.03500002 -0.02006667 -0.02342504 0.03500002 -0.01985299 -0.02324569 0.03500002 -0.01966148 -0.02304255 0.03500002 -0.02081155 -0.02379918 0.03500002 -0.02054923 -0.02370369 0.03500002 -0.02029997 -0.02357846 0.03500002 -0.02163952 -0.0238958 0.03500002 -0.02136033 -0.0238958 0.03500002 -0.02108323 -0.02386349 0.03500002 -0.02245056 -0.02370369 0.03500002 -0.0221883 -0.02379918 0.03500002 -0.02191662 -0.02386349 0.03500002 -0.0231468 -0.02324569 0.03500002 -0.02293318 -0.02342504 0.03500002 -0.02269995 -0.02357846 0.03500002 -0.02364468 -0.02257698 0.03500002 -0.02350515 -0.0228188 0.03500002 -0.02333837 -0.02304255 0.03500002 -0.0238837 -0.02177858 0.03500002 -0.0238353 -0.02205348 0.03500002 -0.02375525 -0.02232068 0.03500002 -0.0238353 -0.0209465 0.03500002 -0.0238837 -0.02122128 0.03500002 -0.02389997 -0.02149999 0.03500002 -0.02350515 -0.02018105 0.03500002 -0.02364468 -0.02042287 0.03500002 -0.02375525 -0.02067911 0.03500002 -0.02293318 -0.01957488 0.03500002 -0.0231468 -0.01975429 0.03500002 -0.02333837 -0.0199573 0.03500002 -0.0221883 -0.0192008 0.03500002 -0.02245056 -0.0192961 0.03500002 -0.02269995 -0.01942139 0.03500002 -0.02136033 -0.01910406 0.03500002 -0.02163952 -0.01910406 0.03500002 -0.02191662 -0.0191363 0.03500002 -0.02054923 -0.0192961 0.03500002 -0.02081155 -0.0192008 0.03500002 -0.02108323 -0.0191363 0.03500002 -0.01985299 -0.01975429 0.03500002 -0.02006667 -0.01957488 0.03500002 -0.02029997 -0.01942139 0.03500002 -0.01935511 -0.02042287 0.03500002 -0.01949483 -0.02018105 0.03500002 -0.01966148 -0.0199573 0.03500002 -0.01916468 -0.0209465 0.03500002 -0.01924473 -0.02067911 0.03500002 -0.02149999 -0.02149999 0.0337001 -0.01853507 -0.02115345 0.03453361 -0.01869493 -0.02047908 0.03453361 -0.0188325 -0.02016019 0.03453361 -0.01900607 -0.01985973 0.03453361 -0.01945143 -0.01932877 0.03453361 -0.02064383 -0.01864027 0.03453361 -0.02167356 -0.01851993 0.03453361 -0.02235609 -0.01864027 0.03453361 -0.02299243 -0.01891481 0.03453361 -0.0237866 -0.01958113 0.03453361 -0.02399379 -0.01985973 0.03453361 -0.02416729 -0.02016019 0.03453361 -0.02440446 -0.02081149 0.03453361 -0.02440446 -0.02218836 0.03453361 -0.02399379 -0.02314025 0.03453361 -0.02354836 -0.02367115 0.03453361 -0.02299243 -0.02408504 0.03453361 -0.02201831 -0.02443957 0.03453361 -0.02167356 -0.02447986 0.03453361 -0.02132642 -0.02447986 0.03453361 -0.02064383 -0.02435952 0.03453361 -0.01945143 -0.02367115 0.03453361 -0.0188325 -0.0228396 0.03453361 -0.01923584 -0.02263695 0.034985 -0.01911926 -0.02236646 0.034985 -0.01900011 -0.02240985 0.03494065 -0.01903474 -0.02208423 0.034985 -0.01891136 -0.0221135 0.03494065 -0.01880067 -0.0221396 0.03486913 -0.0189836 -0.02179408 0.034985 -0.01885753 -0.0218088 0.03494065 -0.01874452 -0.02182203 0.03486913 -0.01865029 -0.02183306 0.03477412 -0.01896643 -0.02149999 0.034985 -0.01883953 -0.02149999 0.03494065 -0.01872587 -0.02149999 0.03486913 -0.01863086 -0.02149999 0.03477412 -0.01855939 -0.02149999 0.03466039 -0.0189836 -0.02120584 0.034985 -0.01885753 -0.02119112 0.03494065 -0.01874452 -0.02117782 0.03486913 -0.01865029 -0.02116692 0.03477412 -0.0185793 -0.02115857 0.03466039 -0.0185793 -0.02184122 0.03466039 -0.01853507 -0.02184653 0.03453361 -0.01851499 -0.02149999 0.03453361 -0.01859533 -0.02218836 0.03453361 -0.01863867 -0.02217811 0.03466039 -0.0187081 -0.02216166 0.03477412 -0.01869493 -0.02252084 0.03453361 -0.0188722 -0.02281957 0.03466039 -0.01873672 -0.0225057 0.03466039 -0.01893591 -0.02278763 0.03477412 -0.01880389 -0.02248126 0.03477412 -0.01902097 -0.02274501 0.03486913 -0.01889318 -0.02244865 0.03486913 -0.0191226 -0.02269393 0.03494065 -0.0195592 -0.02312839 0.034985 -0.01976138 -0.02334266 0.034985 -0.01946192 -0.02320986 0.03494065 -0.01967436 -0.02343505 0.03494065 -0.01937478 -0.02328312 0.03486913 -0.01959615 -0.02351766 0.03486913 -0.01930207 -0.02334409 0.03477412 -0.01953107 -0.02358675 0.03477412 -0.01924735 -0.02339017 0.03466039 -0.01948189 -0.0236389 0.03466039 -0.01921325 -0.02341866 0.03453361 -0.02049636 -0.0238263 0.034985 -0.02077335 -0.02392703 0.034985 -0.0204463 -0.02394258 0.03494065 -0.02073699 -0.02404844 0.03494065 -0.02040112 -0.02404719 0.03486913 -0.0207042 -0.02415752 0.03486913 -0.02036345 -0.02413433 0.03477412 -0.02067703 -0.02424854 0.03477412 -0.02033513 -0.02420008 0.03466039 -0.02065658 -0.02431702 0.03466039 -0.02031767 -0.02424079 0.03453361 -0.02250343 -0.0238263 0.034985 -0.02276659 -0.02369391 0.034985 -0.02255368 -0.02394258 0.03494065 -0.02283 -0.02380383 0.03494065 -0.02259874 -0.02404719 0.03486913 -0.02288705 -0.02390241 0.03486913 -0.02263635 -0.02413433 0.03477412 -0.02293437 -0.02398467 0.03477412 -0.02266466 -0.02420008 0.03466039 -0.02297013 -0.02404654 0.03466039 -0.02268213 -0.02424079 0.03453361 -0.02344065 -0.02312839 0.034985 -0.02361667 -0.02289205 0.034985 -0.02353793 -0.02320986 0.03494065 -0.02372252 -0.02296185 0.03494065 -0.02362507 -0.02328312 0.03486913 -0.02381759 -0.02302438 0.03486913 -0.02369785 -0.02334409 0.03477412 -0.02389705 -0.02307659 0.03477412 -0.02375257 -0.02339017 0.03466039 -0.02395677 -0.02311587 0.03466039 -0.0237866 -0.02341866 0.03453361 -0.02388072 -0.02236646 0.034985 -0.02396512 -0.02208423 0.034985 -0.02399981 -0.02240985 0.03494065 -0.02408862 -0.0221135 0.03494065 -0.0241068 -0.02244865 0.03486913 -0.02419918 -0.0221396 0.03486913 -0.0241959 -0.02248126 0.03477412 -0.02429175 -0.02216166 0.03477412 -0.0242632 -0.0225057 0.03466039 -0.02436131 -0.02217811 0.03466039 -0.0243048 -0.02252084 0.03453361 -0.02401638 -0.02120584 0.034985 -0.02396512 -0.02091556 0.034985 -0.02414232 -0.02119112 0.03494065 -0.02408862 -0.02088648 0.03494065 -0.02425533 -0.02117782 0.03486913 -0.02419918 -0.02086025 0.03486913 -0.02434957 -0.02116692 0.03477412 -0.02429175 -0.02083832 0.03477412 -0.02442055 -0.02115857 0.03466039 -0.02436131 -0.02082175 0.03466039 -0.0244646 -0.02115345 0.03453361 -0.02301275 -0.01946777 0.034985 -0.02276659 -0.01930588 0.034985 -0.02308863 -0.01936608 0.03494065 -0.02283 -0.01919603 0.03494065 -0.02315652 -0.01927483 0.03486913 -0.02288705 -0.01909744 0.03486913 -0.02321314 -0.01919847 0.03477412 -0.02293437 -0.01901525 0.03477412 -0.02325594 -0.01914113 0.03466039 -0.02297013 -0.01895338 0.03466039 -0.02328234 -0.01910567 0.03453361 -0.02193993 -0.01900494 0.034985 -0.02164727 -0.0189706 0.034985 -0.0219618 -0.01887995 0.03494065 -0.02165466 -0.018844 0.03494065 -0.02198171 -0.01876801 0.03486913 -0.02166128 -0.01873058 0.03486913 -0.02199804 -0.01867449 0.03477412 -0.02166682 -0.01863569 0.03477412 -0.02201062 -0.01860404 0.03466039 -0.02167081 -0.01856434 0.03466039 -0.02201831 -0.01856029 0.03453361 -0.02105993 -0.01900494 0.034985 -0.02077335 -0.01907289 0.034985 -0.02103799 -0.01887995 0.03494065 -0.02073699 -0.01895141 0.03494065 -0.02101814 -0.01876801 0.03486913 -0.0207042 -0.01884227 0.03486913 -0.02100175 -0.01867449 0.03477412 -0.02067703 -0.01875138 0.03477412 -0.02098923 -0.01860404 0.03466039 -0.02065658 -0.01868283 0.03466039 -0.02098155 -0.01856029 0.03453361 -0.01998692 -0.01946777 0.034985 -0.01976138 -0.01965719 0.034985 -0.01991122 -0.01936608 0.03494065 -0.01967436 -0.0195648 0.03494065 -0.01984328 -0.01927483 0.03486913 -0.01959615 -0.01948219 0.03486913 -0.01978665 -0.01919847 0.03477412 -0.01953107 -0.01941305 0.03477412 -0.01974385 -0.01914113 0.03466039 -0.01948189 -0.01936095 0.03466039 -0.01971745 -0.01910567 0.03453361 -0.01900607 -0.02314025 0.03453361 -0.01904302 -0.02311587 0.03466039 -0.01910287 -0.02307659 0.03477412 -0.01918226 -0.02302438 0.03486913 -0.01927727 -0.02296185 0.03494065 -0.01938325 -0.02289205 0.034985 -0.01971745 -0.02389425 0.03453361 -0.01974385 -0.02385854 0.03466039 -0.01978665 -0.0238012 0.03477412 -0.01984328 -0.02372515 0.03486913 -0.01991122 -0.02363377 0.03494065 -0.01998692 -0.02353215 0.034985 -0.02023321 -0.02369391 0.034985 -0.02016979 -0.02380383 0.03494065 -0.02011293 -0.02390241 0.03486913 -0.0200653 -0.02398467 0.03477412 -0.02002966 -0.02404654 0.03466039 -0.02000749 -0.02408504 0.03453361 -0.02098155 -0.02443957 0.03453361 -0.02098923 -0.02439588 0.03466039 -0.02100175 -0.02432543 0.03477412 -0.02101814 -0.02423191 0.03486913 -0.02103799 -0.02411991 0.03494065 -0.02105993 -0.02399498 0.034985 -0.02135252 -0.02402919 0.034985 -0.02134519 -0.02415579 0.03494065 -0.0213387 -0.0242694 0.03486913 -0.02133303 -0.02436423 0.03477412 -0.02132898 -0.02443552 0.03466039 -0.02167081 -0.02443552 0.03466039 -0.02166682 -0.02436423 0.03477412 -0.02166128 -0.0242694 0.03486913 -0.02165466 -0.02415579 0.03494065 -0.02164727 -0.02402919 0.034985 -0.02201062 -0.02439588 0.03466039 -0.02199804 -0.02432543 0.03477412 -0.02198171 -0.02423191 0.03486913 -0.0219618 -0.02411991 0.03494065 -0.02193993 -0.02399498 0.034985 -0.02235609 -0.02435952 0.03453361 -0.02234321 -0.02431702 0.03466039 -0.02232283 -0.02424854 0.03477412 -0.02229559 -0.02415752 0.03486913 -0.02226299 -0.02404844 0.03494065 -0.02222657 -0.02392703 0.034985 -0.02328234 -0.02389425 0.03453361 -0.02325594 -0.02385854 0.03466039 -0.02321314 -0.0238012 0.03477412 -0.02315652 -0.02372515 0.03486913 -0.02308863 -0.02363377 0.03494065 -0.02301275 -0.02353215 0.034985 -0.02323848 -0.02334266 0.034985 -0.02332562 -0.02343505 0.03494065 -0.0234037 -0.02351766 0.03486913 -0.02346885 -0.02358675 0.03477412 -0.0235179 -0.0236389 0.03466039 -0.02416729 -0.0228396 0.03453361 -0.02412778 -0.02281957 0.03466039 -0.02406388 -0.02278763 0.03477412 -0.02397888 -0.02274501 0.03486913 -0.02387732 -0.02269393 0.03494065 -0.02376401 -0.02263695 0.034985 -0.0244646 -0.02184653 0.03453361 -0.02442055 -0.02184122 0.03466039 -0.02434957 -0.02183306 0.03477412 -0.02425533 -0.02182203 0.03486913 -0.02414232 -0.0218088 0.03494065 -0.02401638 -0.02179408 0.034985 -0.02403336 -0.02149999 0.034985 -0.02416032 -0.02149999 0.03494065 -0.02427405 -0.02149999 0.03486913 -0.02436906 -0.02149999 0.03477412 -0.02444046 -0.02149999 0.03466039 -0.02448493 -0.02149999 0.03453361 -0.0243048 -0.02047908 0.03453361 -0.0242632 -0.02049422 0.03466039 -0.0241959 -0.02051866 0.03477412 -0.0241068 -0.0205512 0.03486913 -0.02399981 -0.02058994 0.03494065 -0.02388072 -0.02063333 0.034985 -0.02376401 -0.02036291 0.034985 -0.02387732 -0.02030605 0.03494065 -0.02397888 -0.02025485 0.03486913 -0.02406388 -0.02021235 0.03477412 -0.02412778 -0.02018022 0.03466039 -0.02395677 -0.01988399 0.03466039 -0.02389705 -0.01992326 0.03477412 -0.02381759 -0.0199756 0.03486913 -0.02372252 -0.020038 0.03494065 -0.02361667 -0.0201078 0.034985 -0.02375257 -0.01960968 0.03466039 -0.02369785 -0.01965576 0.03477412 -0.02362507 -0.01971668 0.03486913 -0.02353793 -0.01978993 0.03494065 -0.02344065 -0.01987147 0.034985 -0.02354836 -0.01932877 0.03453361 -0.0235179 -0.01936095 0.03466039 -0.02346885 -0.01941305 0.03477412 -0.0234037 -0.01948219 0.03486913 -0.02332562 -0.0195648 0.03494065 -0.02323848 -0.01965719 0.034985 -0.02268213 -0.01875913 0.03453361 -0.02266466 -0.0187999 0.03466039 -0.02263635 -0.01886552 0.03477412 -0.02259874 -0.01895266 0.03486913 -0.02255368 -0.01905721 0.03494065 -0.02250343 -0.01917368 0.034985 -0.02222657 -0.01907289 0.034985 -0.02226299 -0.01895141 0.03494065 -0.02229559 -0.01884227 0.03486913 -0.02232283 -0.01875138 0.03477412 -0.02234321 -0.01868283 0.03466039 -0.02132642 -0.01851993 0.03453361 -0.02132898 -0.01856434 0.03466039 -0.02133303 -0.01863569 0.03477412 -0.0213387 -0.01873058 0.03486913 -0.02134519 -0.018844 0.03494065 -0.02135252 -0.0189706 0.034985 -0.02031767 -0.01875913 0.03453361 -0.02033513 -0.0187999 0.03466039 -0.02036345 -0.01886552 0.03477412 -0.02040112 -0.01895266 0.03486913 -0.0204463 -0.01905721 0.03494065 -0.02049636 -0.01917368 0.034985 -0.02023321 -0.01930588 0.034985 -0.02016979 -0.01919603 0.03494065 -0.02011293 -0.01909744 0.03486913 -0.0200653 -0.01901525 0.03477412 -0.02002966 -0.01895338 0.03466039 -0.02000749 -0.01891481 0.03453361 -0.01921325 -0.01958113 0.03453361 -0.01924735 -0.01960968 0.03466039 -0.01930207 -0.01965576 0.03477412 -0.01937478 -0.01971668 0.03486913 -0.01946192 -0.01978993 0.03494065 -0.0195592 -0.01987147 0.034985 -0.01938325 -0.0201078 0.034985 -0.01927727 -0.020038 0.03494065 -0.01918226 -0.0199756 0.03486913 -0.01910287 -0.01992326 0.03477412 -0.01904302 -0.01988399 0.03466039 -0.0188722 -0.02018022 0.03466039 -0.01893591 -0.02021235 0.03477412 -0.01902097 -0.02025485 0.03486913 -0.0191226 -0.02030605 0.03494065 -0.01923584 -0.02036291 0.034985 -0.01873672 -0.02049422 0.03466039 -0.01880389 -0.02051866 0.03477412 -0.01889318 -0.0205512 0.03486913 -0.01900011 -0.02058994 0.03494065 -0.01911926 -0.02063333 0.034985 -0.01859533 -0.02081149 0.03453361 -0.01863867 -0.02082175 0.03466039 -0.0187081 -0.02083832 0.03477412 -0.01880067 -0.02086025 0.03486913 -0.01891136 -0.02088648 0.03494065 -0.01903474 -0.02091556 0.034985 0.01849997 -0.02149999 0.0337001 0.01853883 -0.02198112 0.0337001 0.01852023 -0.02184826 0.03440004 0.01865422 -0.02244997 0.0337001 0.01858085 -0.02219182 0.03440004 0.01854354 -0.0219804 0.03440004 0.01884591 -0.02289283 0.03440004 0.01881909 -0.0228464 0.03440004 0.01884359 -0.02289414 0.0337001 0.01868087 -0.02252602 0.03440004 0.0186578 -0.02244883 0.03440004 0.01899337 -0.02314835 0.03440004 0.01910156 -0.02330207 0.0337001 0.01910567 -0.02329909 0.03440004 0.01920181 -0.02342832 0.03440004 0.01942181 -0.02366358 0.0337001 0.0194227 -0.02366244 0.03440004 0.01944112 -0.02368199 0.03440004 0.01979577 -0.02396893 0.0337001 0.01970851 -0.02390635 0.03440004 0.0202139 -0.02421033 0.0337001 0.01999998 -0.02409791 0.03440004 0.01979804 -0.02396517 0.03440004 0.02066564 -0.02438002 0.03440004 0.02063941 -0.02437382 0.03440004 0.02066522 -0.02438139 0.0337001 0.02031171 -0.02425462 0.03440004 0.02021574 -0.02420634 0.03440004 0.02097892 -0.02445441 0.03440004 0.02113837 -0.02447795 0.0337001 0.02113896 -0.02447307 0.03440004 0.0213254 -0.02449476 0.03440004 0.02162075 -0.02449744 0.0337001 0.02162075 -0.02449476 0.03440004 0.02167439 -0.02449476 0.03440004 0.02210003 -0.02443933 0.0337001 0.02202093 -0.02445441 0.03440004 0.02256381 -0.02430504 0.0337001 0.02236038 -0.02437382 0.03440004 0.02209907 -0.02443569 0.03440004 0.023 -0.02409791 0.0337001 0.02268821 -0.02425462 0.03440004 0.02256214 -0.02430051 0.03440004 0.0233972 -0.02382367 0.0337001 0.02329134 -0.02390635 0.03440004 0.023 -0.02409791 0.03440004 0.02374541 -0.02348935 0.0337001 0.02355867 -0.02368199 0.03440004 0.0233941 -0.0238201 0.03440004 0.02403312 -0.02310204 0.03440004 0.02400642 -0.02314835 0.03440004 0.02403557 -0.02310335 0.0337001 0.02379798 -0.02342832 0.03440004 0.02374291 -0.02348685 0.03440004 0.02418076 -0.0228464 0.03440004 0.02425992 -0.02267587 0.0337001 0.02425527 -0.0226739 0.03440004 0.02431905 -0.02252602 0.03440004 0.02441281 -0.02221781 0.0337001 0.02441138 -0.02221751 0.03440004 0.024419 -0.02219182 0.03440004 0.02449011 -0.02174139 0.0337001 0.02447956 -0.02184826 0.03440004 0.02441138 -0.02078247 0.03440004 0.024419 -0.0208081 0.03440004 0.02441281 -0.02078205 0.0337001 0.02447956 -0.02115172 0.03440004 0.02449011 -0.02125859 0.0337001 0.02448594 -0.02125883 0.03440004 0.02449995 -0.02149999 0.0337001 0.02449995 -0.02149999 0.03440004 0.02448594 -0.02174115 0.03440004 0.02431905 -0.02047377 0.03440004 0.02425992 -0.02032405 0.0337001 0.02425527 -0.02032595 0.03440004 0.02418076 -0.02015358 0.03440004 0.02403557 -0.01989644 0.0337001 0.02403312 -0.01989775 0.03440004 0.02400642 -0.01985144 0.03440004 0.02374541 -0.0195105 0.0337001 0.02379798 -0.0195716 0.03440004 0.0233972 -0.01917618 0.0337001 0.02355867 -0.01931786 0.03440004 0.02374291 -0.01951307 0.03440004 0.023 -0.01890188 0.0337001 0.02329134 -0.01909363 0.03440004 0.0233941 -0.01917982 0.03440004 0.02256381 -0.01869481 0.0337001 0.02268821 -0.0187453 0.03440004 0.023 -0.01890188 0.03440004 0.02210003 -0.01856046 0.0337001 0.02236038 -0.01862603 0.03440004 0.02256214 -0.01869934 0.03440004 0.02162075 -0.01850491 0.03440004 0.02167439 -0.01850491 0.03440004 0.02162075 -0.01850241 0.0337001 0.02202093 -0.01854544 0.03440004 0.02209907 -0.0185641 0.03440004 0.0213254 -0.01850491 0.03440004 0.02113837 -0.01852184 0.0337001 0.02113896 -0.01852685 0.03440004 0.02097892 -0.01854544 0.03440004 0.02066522 -0.0186184 0.0337001 0.02066564 -0.01861983 0.03440004 0.02063941 -0.01862603 0.03440004 0.0202139 -0.01878952 0.0337001 0.02031171 -0.0187453 0.03440004 0.01979577 -0.01903092 0.0337001 0.01999998 -0.01890188 0.03440004 0.02021574 -0.01879346 0.03440004 0.0194227 -0.01933735 0.03440004 0.01944112 -0.01931786 0.03440004 0.01942181 -0.01933634 0.0337001 0.01970851 -0.01909363 0.03440004 0.01979804 -0.01903462 0.03440004 0.01920181 -0.0195716 0.03440004 0.01910156 -0.01969772 0.0337001 0.01910567 -0.01970076 0.03440004 0.01899337 -0.01985144 0.03440004 0.01884359 -0.02010565 0.0337001 0.01884591 -0.02010715 0.03440004 0.01881909 -0.02015358 0.03440004 0.01865422 -0.02054995 0.0337001 0.01868087 -0.02047377 0.03440004 0.01853883 -0.02101874 0.0337001 0.01858085 -0.0208081 0.03440004 0.0186578 -0.02055102 0.03440004 0.01849997 -0.02149999 0.03440004 0.01852023 -0.02115172 0.03440004 0.01854354 -0.02101945 0.03440004 0.0238353 -0.02205348 0.03500002 0.0238837 -0.02177858 0.03500002 0.02149999 -0.02149999 0.03500002 0.02389997 -0.02149999 0.03500002 0.0238837 -0.02122128 0.03500002 0.02350515 -0.0228188 0.03500002 0.02364468 -0.02257698 0.03500002 0.02375525 -0.02232068 0.03500002 0.02293318 -0.02342504 0.03500002 0.0231468 -0.02324569 0.03500002 0.02333837 -0.02304255 0.03500002 0.0221883 -0.02379918 0.03500002 0.02245056 -0.02370369 0.03500002 0.02269995 -0.02357846 0.03500002 0.02136033 -0.0238958 0.03500002 0.02163952 -0.0238958 0.03500002 0.02191662 -0.02386349 0.03500002 0.02054923 -0.02370369 0.03500002 0.02081155 -0.02379918 0.03500002 0.02108323 -0.02386349 0.03500002 0.01985299 -0.02324569 0.03500002 0.02006667 -0.02342504 0.03500002 0.02029997 -0.02357846 0.03500002 0.01935511 -0.02257698 0.03500002 0.01949483 -0.0228188 0.03500002 0.01966148 -0.02304255 0.03500002 0.01911622 -0.02177858 0.03500002 0.01916468 -0.02205348 0.03500002 0.01924473 -0.02232068 0.03500002 0.01916468 -0.0209465 0.03500002 0.01911622 -0.02122128 0.03500002 0.01909995 -0.02149999 0.03500002 0.01949483 -0.02018105 0.03500002 0.01935511 -0.02042287 0.03500002 0.01924473 -0.02067911 0.03500002 0.02006667 -0.01957488 0.03500002 0.01985299 -0.01975429 0.03500002 0.01966148 -0.0199573 0.03500002 0.02081155 -0.0192008 0.03500002 0.02054923 -0.0192961 0.03500002 0.02029997 -0.01942139 0.03500002 0.02163952 -0.01910406 0.03500002 0.02136033 -0.01910406 0.03500002 0.02108323 -0.0191363 0.03500002 0.02245056 -0.0192961 0.03500002 0.0221883 -0.0192008 0.03500002 0.02191662 -0.0191363 0.03500002 0.0231468 -0.01975429 0.03500002 0.02293318 -0.01957488 0.03500002 0.02269995 -0.01942139 0.03500002 0.02364468 -0.02042287 0.03500002 0.02350515 -0.02018105 0.03500002 0.02333837 -0.0199573 0.03500002 0.0238353 -0.0209465 0.03500002 0.02375525 -0.02067911 0.03500002 0.02149999 -0.02149999 0.0337001 0.0244646 -0.02115345 0.03453361 0.0243048 -0.02047908 0.03453361 0.02416729 -0.02016019 0.03453361 0.02399379 -0.01985973 0.03453361 0.02354836 -0.01932877 0.03453361 0.02235609 -0.01864027 0.03453361 0.02132642 -0.01851993 0.03453361 0.02064383 -0.01864027 0.03453361 0.02000749 -0.01891481 0.03453361 0.01921325 -0.01958113 0.03453361 0.01900607 -0.01985973 0.03453361 0.0188325 -0.02016019 0.03453361 0.01859533 -0.02081149 0.03453361 0.01859533 -0.02218836 0.03453361 0.01900607 -0.02314025 0.03453361 0.01945143 -0.02367115 0.03453361 0.02000749 -0.02408504 0.03453361 0.02098155 -0.02443957 0.03453361 0.02132642 -0.02447986 0.03453361 0.02167356 -0.02447986 0.03453361 0.02235609 -0.02435952 0.03453361 0.02354836 -0.02367115 0.03453361 0.02416729 -0.0228396 0.03453361 0.02376401 -0.02263695 0.034985 0.02388072 -0.02236646 0.034985 0.02399981 -0.02240985 0.03494065 0.02396512 -0.02208423 0.034985 0.02408862 -0.0221135 0.03494065 0.02419918 -0.0221396 0.03486913 0.02401638 -0.02179408 0.034985 0.02414232 -0.0218088 0.03494065 0.02425533 -0.02182203 0.03486913 0.02434957 -0.02183306 0.03477412 0.02403336 -0.02149999 0.034985 0.02416032 -0.02149999 0.03494065 0.02427405 -0.02149999 0.03486913 0.02436906 -0.02149999 0.03477412 0.02444046 -0.02149999 0.03466039 0.02401638 -0.02120584 0.034985 0.02414232 -0.02119112 0.03494065 0.02425533 -0.02117782 0.03486913 0.02434957 -0.02116692 0.03477412 0.02442055 -0.02115857 0.03466039 0.02442055 -0.02184122 0.03466039 0.0244646 -0.02184653 0.03453361 0.02448493 -0.02149999 0.03453361 0.02440446 -0.02218836 0.03453361 0.02436131 -0.02217811 0.03466039 0.02429175 -0.02216166 0.03477412 0.0243048 -0.02252084 0.03453361 0.02412778 -0.02281957 0.03466039 0.0242632 -0.0225057 0.03466039 0.02406388 -0.02278763 0.03477412 0.0241959 -0.02248126 0.03477412 0.02397888 -0.02274501 0.03486913 0.0241068 -0.02244865 0.03486913 0.02387732 -0.02269393 0.03494065 0.02344065 -0.02312839 0.034985 0.02323848 -0.02334266 0.034985 0.02353793 -0.02320986 0.03494065 0.02332562 -0.02343505 0.03494065 0.02362507 -0.02328312 0.03486913 0.0234037 -0.02351766 0.03486913 0.02369785 -0.02334409 0.03477412 0.02346885 -0.02358675 0.03477412 0.02375257 -0.02339017 0.03466039 0.0235179 -0.0236389 0.03466039 0.0237866 -0.02341866 0.03453361 0.02250343 -0.0238263 0.034985 0.02222657 -0.02392703 0.034985 0.02255368 -0.02394258 0.03494065 0.02226299 -0.02404844 0.03494065 0.02259874 -0.02404719 0.03486913 0.02229559 -0.02415752 0.03486913 0.02263635 -0.02413433 0.03477412 0.02232283 -0.02424854 0.03477412 0.02266466 -0.02420008 0.03466039 0.02234321 -0.02431702 0.03466039 0.02268213 -0.02424079 0.03453361 0.02049636 -0.0238263 0.034985 0.02023321 -0.02369391 0.034985 0.0204463 -0.02394258 0.03494065 0.02016979 -0.02380383 0.03494065 0.02040112 -0.02404719 0.03486913 0.02011293 -0.02390241 0.03486913 0.02036345 -0.02413433 0.03477412 0.0200653 -0.02398467 0.03477412 0.02033513 -0.02420008 0.03466039 0.02002966 -0.02404654 0.03466039 0.02031767 -0.02424079 0.03453361 0.0195592 -0.02312839 0.034985 0.01938325 -0.02289205 0.034985 0.01946192 -0.02320986 0.03494065 0.01927727 -0.02296185 0.03494065 0.01937478 -0.02328312 0.03486913 0.01918226 -0.02302438 0.03486913 0.01930207 -0.02334409 0.03477412 0.01910287 -0.02307659 0.03477412 0.01924735 -0.02339017 0.03466039 0.01904302 -0.02311587 0.03466039 0.01921325 -0.02341866 0.03453361 0.01911926 -0.02236646 0.034985 0.01903474 -0.02208423 0.034985 0.01900011 -0.02240985 0.03494065 0.01891136 -0.0221135 0.03494065 0.01889318 -0.02244865 0.03486913 0.01880067 -0.0221396 0.03486913 0.01880389 -0.02248126 0.03477412 0.0187081 -0.02216166 0.03477412 0.01873672 -0.0225057 0.03466039 0.01863867 -0.02217811 0.03466039 0.01869493 -0.02252084 0.03453361 0.0189836 -0.02120584 0.034985 0.01903474 -0.02091556 0.034985 0.01885753 -0.02119112 0.03494065 0.01891136 -0.02088648 0.03494065 0.01874452 -0.02117782 0.03486913 0.01880067 -0.02086025 0.03486913 0.01865029 -0.02116692 0.03477412 0.0187081 -0.02083832 0.03477412 0.0185793 -0.02115857 0.03466039 0.01863867 -0.02082175 0.03466039 0.01853507 -0.02115345 0.03453361 0.01998692 -0.01946777 0.034985 0.02023321 -0.01930588 0.034985 0.01991122 -0.01936608 0.03494065 0.02016979 -0.01919603 0.03494065 0.01984328 -0.01927483 0.03486913 0.02011293 -0.01909744 0.03486913 0.01978665 -0.01919847 0.03477412 0.0200653 -0.01901525 0.03477412 0.01974385 -0.01914113 0.03466039 0.02002966 -0.01895338 0.03466039 0.01971745 -0.01910567 0.03453361 0.02105993 -0.01900494 0.034985 0.02135252 -0.0189706 0.034985 0.02103799 -0.01887995 0.03494065 0.02134519 -0.018844 0.03494065 0.02101814 -0.01876801 0.03486913 0.0213387 -0.01873058 0.03486913 0.02100175 -0.01867449 0.03477412 0.02133303 -0.01863569 0.03477412 0.02098923 -0.01860404 0.03466039 0.02132898 -0.01856434 0.03466039 0.02098155 -0.01856029 0.03453361 0.02193993 -0.01900494 0.034985 0.02222657 -0.01907289 0.034985 0.0219618 -0.01887995 0.03494065 0.02226299 -0.01895141 0.03494065 0.02198171 -0.01876801 0.03486913 0.02229559 -0.01884227 0.03486913 0.02199804 -0.01867449 0.03477412 0.02232283 -0.01875138 0.03477412 0.02201062 -0.01860404 0.03466039 0.02234321 -0.01868283 0.03466039 0.02201831 -0.01856029 0.03453361 0.02301275 -0.01946777 0.034985 0.02323848 -0.01965719 0.034985 0.02308863 -0.01936608 0.03494065 0.02332562 -0.0195648 0.03494065 0.02315652 -0.01927483 0.03486913 0.0234037 -0.01948219 0.03486913 0.02321314 -0.01919847 0.03477412 0.02346885 -0.01941305 0.03477412 0.02325594 -0.01914113 0.03466039 0.0235179 -0.01936095 0.03466039 0.02328234 -0.01910567 0.03453361 0.02399379 -0.02314025 0.03453361 0.02395677 -0.02311587 0.03466039 0.02389705 -0.02307659 0.03477412 0.02381759 -0.02302438 0.03486913 0.02372252 -0.02296185 0.03494065 0.02361667 -0.02289205 0.034985 0.02328234 -0.02389425 0.03453361 0.02325594 -0.02385854 0.03466039 0.02321314 -0.0238012 0.03477412 0.02315652 -0.02372515 0.03486913 0.02308863 -0.02363377 0.03494065 0.02301275 -0.02353215 0.034985 0.02276659 -0.02369391 0.034985 0.02283 -0.02380383 0.03494065 0.02288705 -0.02390241 0.03486913 0.02293437 -0.02398467 0.03477412 0.02297013 -0.02404654 0.03466039 0.02299243 -0.02408504 0.03453361 0.02201831 -0.02443957 0.03453361 0.02201062 -0.02439588 0.03466039 0.02199804 -0.02432543 0.03477412 0.02198171 -0.02423191 0.03486913 0.0219618 -0.02411991 0.03494065 0.02193993 -0.02399498 0.034985 0.02164727 -0.02402919 0.034985 0.02165466 -0.02415579 0.03494065 0.02166128 -0.0242694 0.03486913 0.02166682 -0.02436423 0.03477412 0.02167081 -0.02443552 0.03466039 0.02132898 -0.02443552 0.03466039 0.02133303 -0.02436423 0.03477412 0.0213387 -0.0242694 0.03486913 0.02134519 -0.02415579 0.03494065 0.02135252 -0.02402919 0.034985 0.02098923 -0.02439588 0.03466039 0.02100175 -0.02432543 0.03477412 0.02101814 -0.02423191 0.03486913 0.02103799 -0.02411991 0.03494065 0.02105993 -0.02399498 0.034985 0.02064383 -0.02435952 0.03453361 0.02065658 -0.02431702 0.03466039 0.02067703 -0.02424854 0.03477412 0.0207042 -0.02415752 0.03486913 0.02073699 -0.02404844 0.03494065 0.02077335 -0.02392703 0.034985 0.01971745 -0.02389425 0.03453361 0.01974385 -0.02385854 0.03466039 0.01978665 -0.0238012 0.03477412 0.01984328 -0.02372515 0.03486913 0.01991122 -0.02363377 0.03494065 0.01998692 -0.02353215 0.034985 0.01976138 -0.02334266 0.034985 0.01967436 -0.02343505 0.03494065 0.01959615 -0.02351766 0.03486913 0.01953107 -0.02358675 0.03477412 0.01948189 -0.0236389 0.03466039 0.0188325 -0.0228396 0.03453361 0.0188722 -0.02281957 0.03466039 0.01893591 -0.02278763 0.03477412 0.01902097 -0.02274501 0.03486913 0.0191226 -0.02269393 0.03494065 0.01923584 -0.02263695 0.034985 0.01853507 -0.02184653 0.03453361 0.0185793 -0.02184122 0.03466039 0.01865029 -0.02183306 0.03477412 0.01874452 -0.02182203 0.03486913 0.01885753 -0.0218088 0.03494065 0.0189836 -0.02179408 0.034985 0.01896643 -0.02149999 0.034985 0.01883953 -0.02149999 0.03494065 0.01872587 -0.02149999 0.03486913 0.01863086 -0.02149999 0.03477412 0.01855939 -0.02149999 0.03466039 0.01851499 -0.02149999 0.03453361 0.01869493 -0.02047908 0.03453361 0.01873672 -0.02049422 0.03466039 0.01880389 -0.02051866 0.03477412 0.01889318 -0.0205512 0.03486913 0.01900011 -0.02058994 0.03494065 0.01911926 -0.02063333 0.034985 0.01923584 -0.02036291 0.034985 0.0191226 -0.02030605 0.03494065 0.01902097 -0.02025485 0.03486913 0.01893591 -0.02021235 0.03477412 0.0188722 -0.02018022 0.03466039 0.01904302 -0.01988399 0.03466039 0.01910287 -0.01992326 0.03477412 0.01918226 -0.0199756 0.03486913 0.01927727 -0.020038 0.03494065 0.01938325 -0.0201078 0.034985 0.01924735 -0.01960968 0.03466039 0.01930207 -0.01965576 0.03477412 0.01937478 -0.01971668 0.03486913 0.01946192 -0.01978993 0.03494065 0.0195592 -0.01987147 0.034985 0.01945143 -0.01932877 0.03453361 0.01948189 -0.01936095 0.03466039 0.01953107 -0.01941305 0.03477412 0.01959615 -0.01948219 0.03486913 0.01967436 -0.0195648 0.03494065 0.01976138 -0.01965719 0.034985 0.02031767 -0.01875913 0.03453361 0.02033513 -0.0187999 0.03466039 0.02036345 -0.01886552 0.03477412 0.02040112 -0.01895266 0.03486913 0.0204463 -0.01905721 0.03494065 0.02049636 -0.01917368 0.034985 0.02077335 -0.01907289 0.034985 0.02073699 -0.01895141 0.03494065 0.0207042 -0.01884227 0.03486913 0.02067703 -0.01875138 0.03477412 0.02065658 -0.01868283 0.03466039 0.02167356 -0.01851993 0.03453361 0.02167081 -0.01856434 0.03466039 0.02166682 -0.01863569 0.03477412 0.02166128 -0.01873058 0.03486913 0.02165466 -0.018844 0.03494065 0.02164727 -0.0189706 0.034985 0.02268213 -0.01875913 0.03453361 0.02266466 -0.0187999 0.03466039 0.02263635 -0.01886552 0.03477412 0.02259874 -0.01895266 0.03486913 0.02255368 -0.01905721 0.03494065 0.02250343 -0.01917368 0.034985 0.02276659 -0.01930588 0.034985 0.02283 -0.01919603 0.03494065 0.02288705 -0.01909744 0.03486913 0.02293437 -0.01901525 0.03477412 0.02297013 -0.01895338 0.03466039 0.02299243 -0.01891481 0.03453361 0.0237866 -0.01958113 0.03453361 0.02375257 -0.01960968 0.03466039 0.02369785 -0.01965576 0.03477412 0.02362507 -0.01971668 0.03486913 0.02353793 -0.01978993 0.03494065 0.02344065 -0.01987147 0.034985 0.02361667 -0.0201078 0.034985 0.02372252 -0.020038 0.03494065 0.02381759 -0.0199756 0.03486913 0.02389705 -0.01992326 0.03477412 0.02395677 -0.01988399 0.03466039 0.02412778 -0.02018022 0.03466039 0.02406388 -0.02021235 0.03477412 0.02397888 -0.02025485 0.03486913 0.02387732 -0.02030605 0.03494065 0.02376401 -0.02036291 0.034985 0.0242632 -0.02049422 0.03466039 0.0241959 -0.02051866 0.03477412 0.0241068 -0.0205512 0.03486913 0.02399981 -0.02058994 0.03494065 0.02388072 -0.02063333 0.034985 0.02440446 -0.02081149 0.03453361 0.02436131 -0.02082175 0.03466039 0.02429175 -0.02083832 0.03477412 0.02419918 -0.02086025 0.03486913 0.02408862 -0.02088648 0.03494065 0.02396512 -0.02091556 0.034985 -0.02399986 0.01424998 0.009201049 -0.02399986 0.01499986 0.009000003 -0.02399986 0.01475 0.002000033 -0.02399986 0.01629889 0.01125007 -0.02399986 0.01674985 0.01700007 -0.02399986 0.01649999 0.01050001 -0.02399986 0.01674985 0.004000067 -0.02399986 0.01629889 0.009750068 -0.02399986 0.01574999 0.009201049 -0.02399986 0.01648205 0.00300008 -0.02399986 0.01574999 0.002267956 -0.02399986 -0.01629889 0.009750068 -0.02399986 -0.01674985 0.004000067 -0.02399986 -0.01649999 0.01050001 -0.02399986 -0.01674985 0.01700007 -0.02399986 -0.01629889 0.01125007 -0.02399986 -0.01574999 0.01179903 -0.02399986 -0.01574999 0.002267956 -0.02399986 -0.01648205 0.00300008 -0.02399986 -0.01475 0.002000033 -0.02399986 0.01574999 0.01873213 -0.02399986 0.01648205 0.018 -0.02399986 0.01475 0.01899999 -0.02399986 -0.01574999 0.009201049 -0.02399986 -0.01499986 0.009000003 -0.02399986 -0.01424998 0.009201049 -0.02399986 -0.01370096 0.009750068 -0.02399986 -0.01648205 0.018 -0.02399986 -0.01574999 0.01873213 -0.02399986 -0.01475 0.01899999 -0.02399986 -0.01499986 0.01200002 -0.02399986 0.01574999 0.01179903 -0.02399986 0.01499986 0.01200002 -0.02399986 0.01424998 0.01179903 -0.02399986 0.01370096 0.01125007 -0.02399986 0.01370096 0.009750068 -0.02399986 0.01349985 0.01050001 -0.02399986 -0.01349985 0.01050001 -0.02399986 -0.01370096 0.01125007 -0.02399986 -0.01424998 0.01179903 -0.02439999 -0.01649999 0.01050001 -0.02439999 -0.01629889 0.01125007 -0.02439999 -0.01574999 0.01179903 -0.02439999 -0.01499986 0.01200002 -0.02439999 -0.01424998 0.01179903 -0.02439999 -0.01370096 0.01125007 -0.02439999 -0.01349985 0.01050001 -0.02439999 -0.01370096 0.009750068 -0.02439999 -0.01424998 0.009201049 -0.02439999 -0.01499986 0.009000003 -0.02439999 -0.01574999 0.009201049 -0.02439999 -0.01629889 0.009750068 -0.02439999 0.01349985 0.01050001 -0.02439999 0.01370096 0.01125007 -0.02439999 0.01424998 0.01179903 -0.02439999 0.01499986 0.01200002 -0.02439999 0.01574999 0.01179903 -0.02439999 0.01629889 0.01125007 -0.02439999 0.01649999 0.01050001 -0.02439999 0.01629889 0.009750068 -0.02439999 0.01574999 0.009201049 -0.02439999 0.01499986 0.009000003 -0.02439999 0.01424998 0.009201049 -0.02439999 0.01370096 0.009750068 -0.02499997 0.01545 0.01127946 -0.02499997 0.01577937 0.01095008 -0.02499997 0.01499986 0.01050001 -0.02499997 0.01589995 0.01050001 -0.02499997 0.01577937 0.01005005 -0.02499997 0.01422041 0.01095008 -0.02499997 0.01454997 0.01127946 -0.02499997 0.01499986 0.01140004 -0.02499997 0.01454997 0.009720623 -0.02499997 0.01422041 0.01005005 -0.02499997 0.01409983 0.01050001 -0.02499997 0.01545 0.009720623 -0.02499997 0.01499986 0.009600043 -0.02499997 -0.01454997 0.01127946 -0.02499997 -0.01422041 0.01095008 -0.02499997 -0.01499986 0.01050001 -0.02499997 -0.01409983 0.01050001 -0.02499997 -0.01422041 0.01005005 -0.02499997 -0.01577937 0.01095008 -0.02499997 -0.01545 0.01127946 -0.02499997 -0.01499986 0.01140004 -0.02499997 -0.01545 0.009720623 -0.02499997 -0.01577937 0.01005005 -0.02499997 -0.01589995 0.01050001 -0.02499997 -0.01454997 0.009720623 -0.02499997 -0.01499986 0.009600043 -0.01467382 0.001495361 0.06999999 -0.01467382 -0.001495361 0.06999999 0.01466864 0.001546919 0.06999999 -0.01407057 -0.004424989 0.06999999 0.01466864 -0.001546919 0.06999999 0.01402324 -0.004572749 0.06999999 -0.008757412 0.01186883 0.06999999 -0.01104044 0.009780943 0.06999999 0.01402324 0.004572749 0.06999999 0.005947351 0.01349771 0.06999999 0.003000855 0.01444149 0.06999999 -0.01283788 0.007262647 0.06999999 -0.01407057 0.004424989 0.06999999 0.005947351 -0.01349771 0.06999999 0.008632123 -0.01196014 0.06999999 -0.01283788 -0.007262647 0.06999999 0.01093709 -0.009896516 0.06999999 0.01276075 -0.007397294 0.06999999 0.01276075 0.007397294 0.06999999 0.01093709 0.009896516 0.06999999 0.008632123 0.01196014 0.06999999 -7.75733e-5 0.01474964 0.06999999 -0.003152549 0.01440912 0.06999999 -0.006088972 0.01343441 0.06999999 0.003000855 -0.01444149 0.06999999 -0.01104044 -0.009780943 0.06999999 -0.008757412 -0.01186883 0.06999999 -0.006088972 -0.01343441 0.06999999 -0.003152549 -0.01440912 0.06999999 -7.75733e-5 -0.01474964 0.06999999 -0.01407057 0.004424989 0.06849998 -0.01467382 0.001495361 0.06849998 -0.01467382 -0.001495361 0.06849998 -0.01407057 -0.004424989 0.06849998 -0.01907873 -0.005999982 0.06849998 -0.01740735 -0.00984776 0.06849998 -0.0149703 -0.01326227 0.06849998 -0.01187437 -0.01609331 0.06849998 -0.008256256 -0.01821631 0.06849998 -0.004274666 -0.0195378 0.06849998 -1.05184e-4 -0.01999968 0.06849998 0.004068911 -0.01958167 0.06849998 0.00806415 -0.01830214 0.06849998 0.01170456 -0.01621735 0.06849998 0.01482999 -0.01341903 0.06849998 0.01730293 -0.01003021 0.06849998 0.01901447 -0.006200194 0.06849998 0.01988965 -0.002097487 0.06849998 0.01988965 0.002097487 0.06849998 0.01901447 0.006200194 0.06849998 0.01730293 0.01003021 0.06849998 0.01482999 0.01341903 0.06849998 0.01170456 0.01621735 0.06849998 0.00806415 0.01830214 0.06849998 0.004068911 0.01958167 0.06849998 -1.05184e-4 0.01999968 0.06849998 -0.004274666 0.0195378 0.06849998 -0.008256256 0.01821631 0.06849998 -0.01187437 0.01609331 0.06849998 -0.0149703 0.01326227 0.06849998 -0.01740735 0.00984776 0.06849998 -0.01907873 0.005999982 0.06849998 -0.01907873 0.005999982 0.06735444 -0.0185284 0.00582689 0.06777471 -0.01776802 0.005587697 0.06807571 -0.01678919 0.005279958 0.06830614 -0.01565659 0.004923701 0.06845068 -0.01444417 0.00454241 0.06849998 -0.0185284 -0.00582689 0.06777471 -0.01907873 -0.005999982 0.06735444 -0.01678919 -0.005279958 0.06830614 -0.01776802 -0.005587697 0.06807571 -0.01444417 -0.00454241 0.06849998 -0.01565659 -0.004923701 0.06845068 0.02362132 -0.01937866 0.03459614 0.02362132 -0.01937866 0.0337001 0.02424252 -0.01999998 0.03419232 0.02494961 -0.02070707 0.0337001 0.02494961 0.02070707 0.0337001 0.02362132 0.01937866 0.0337001 0.02424252 0.01999998 0.03419232 0.02362132 0.01937866 0.03459614 -0.01906543 0.006041765 0.067043 -0.02177554 0.006041765 0.067043 -0.02177554 0.00582689 0.06777471 -0.02177554 0.005279958 0.06830614 -0.02177554 0.005826294 0.0677753 -0.02177554 0.00454241 0.06849998 -0.02177554 0.005279183 0.06830626 -0.02230352 0.005732059 0.06774568 -0.02315741 0.005118966 0.067088 -0.02314299 0.005036354 0.06736892 -0.02305096 0.005277276 0.06708699 -0.02280217 0.005454242 0.0676037 -0.02282899 0.00560683 0.06708496 -0.02302896 0.00454241 0.06778001 -0.02278268 0.005066037 0.06798052 -0.02312844 0.00454241 0.06764745 -0.02313244 0.004826009 0.06757307 -0.0232734 0.00454241 0.06707745 -0.02250939 0.005818009 0.06707453 -0.02233839 0.005931079 0.06706899 -0.02227807 0.005225539 0.06823718 -0.02226883 0.00454241 0.06841647 -0.02248853 0.00454241 0.06828701 -0.02277559 0.00454241 0.06811791 -0.02177554 -0.00454241 0.06849998 -0.02177554 -0.00582689 0.06777471 -0.02177554 -0.005826294 0.0677753 -0.02230352 -0.005732059 0.06774568 -0.02177554 -0.005279958 0.06830614 -0.02177554 -0.005279183 0.06830626 -0.02227807 -0.005225539 0.06823718 -0.02312844 -0.00454241 0.06764745 -0.02313244 -0.004826009 0.06757307 -0.02302896 -0.00454241 0.06778001 -0.02278268 -0.005066037 0.06798052 -0.0232734 -0.00454241 0.06707745 -0.02315741 -0.005118966 0.067088 -0.02314299 -0.005036354 0.06736892 -0.02305096 -0.005277276 0.06708699 -0.02280217 -0.005454242 0.0676037 -0.02226883 -0.00454241 0.06841647 -0.02248853 -0.00454241 0.06828701 -0.02277559 -0.00454241 0.06811791 -0.02177554 -0.006041765 0.067043 -0.02233839 -0.005931079 0.06706899 -0.02250939 -0.005818009 0.06707453 -0.02282899 -0.00560683 0.06708496 0.01988744 0.002097487 0.06369996 -0.01903486 -0.006137907 0.06369996 -0.01764559 -0.009414136 0.06369996 -0.01906543 -0.006041765 0.067043 -0.01764559 0.009414136 0.06369996 -0.01903486 0.006137907 0.06369996 -0.01736915 0.009821772 0.06369996 -0.01526814 0.01291817 0.06369996 -0.0149405 0.01323103 0.06369996 -0.01220619 0.01584309 0.06369996 -0.01185375 0.01605933 0.06369996 -0.008597254 0.01805782 0.06369996 -0.008244216 0.01818192 0.06369996 -0.00460273 0.01946312 0.06369996 -0.004270613 0.01950526 0.06369996 -4.02025e-4 0.0199958 0.06369996 -1.07694e-4 0.01997059 0.06369996 0.003816783 0.01963227 0.06369996 0.00406146 0.01955711 0.06369996 0.007864475 0.01838868 0.06369996 0.008053481 0.01828294 0.06369996 0.01155954 0.01632094 0.06369996 0.01169264 0.01620376 0.06369996 0.01473665 0.01352143 0.06369996 0.01481842 0.01341044 0.06369996 0.0172531 0.0101158 0.06369996 0.01729363 0.01002597 0.06369996 0.018996 0.006256759 0.06369996 0.01900839 0.006199002 0.06369996 0.01988744 0.002117097 0.06369996 0.01988744 -0.002117097 0.06369996 0.01988744 -0.002097487 0.06369996 0.018996 -0.006256759 0.06369996 0.01900839 -0.006199002 0.06369996 0.0172531 -0.0101158 0.06369996 0.01729363 -0.01002597 0.06369996 0.01473665 -0.01352143 0.06369996 0.01481842 -0.01341044 0.06369996 0.01155954 -0.01632094 0.06369996 0.01169264 -0.01620376 0.06369996 0.007864475 -0.01838868 0.06369996 0.008053481 -0.01828294 0.06369996 0.003816783 -0.01963227 0.06369996 0.00406146 -0.01955711 0.06369996 -4.02025e-4 -0.0199958 0.06369996 -1.07694e-4 -0.01997059 0.06369996 -0.00460273 -0.01946312 0.06369996 -0.004270613 -0.01950526 0.06369996 -0.008597254 -0.01805782 0.06369996 -0.008244216 -0.01818192 0.06369996 -0.01220619 -0.01584309 0.06369996 -0.01185375 -0.01605933 0.06369996 -0.01736915 -0.009821772 0.06369996 -0.01526814 -0.01291817 0.06369996 -0.0149405 -0.01323103 0.06369996 -0.01952975 -0.006934583 0.0359739 -0.01915818 -0.007903814 0.0359739 -0.01828503 -0.009755194 0.0359739 -0.01714944 -0.01163595 0.0359739 -0.01582127 -0.01338613 0.0359739 -0.0143153 -0.01498574 0.0359739 -0.01264852 -0.01641708 0.0359739 -0.01083952 -0.01766365 0.0359739 -0.008908689 -0.01871204 0.0359739 -0.00687772 -0.01954996 0.0359739 -0.004769504 -0.02016824 0.0359739 -0.002607703 -0.02055966 0.0359739 -4.1659e-4 -0.02072036 0.0359739 0.001779139 -0.020648 0.0359739 0.003954887 -0.02034366 0.0359739 0.006086409 -0.01981049 0.0359739 0.008149385 -0.01905488 0.0359739 0.01012068 -0.01808524 0.0359739 0.01197832 -0.01691222 0.0359739 0.01370137 -0.01554912 0.0359739 0.01527053 -0.01401126 0.0359739 0.01666802 -0.01231586 0.0359739 0.01787811 -0.01048231 0.0359739 0.01888734 -0.008530795 0.0359739 0.01968431 -0.006483376 0.0359739 0.02026003 -0.004363179 0.0359739 0.02060794 -0.002193868 0.0359739 0.02072453 0 0.0359739 0.02060794 0.002193868 0.0359739 0.02026003 0.004363179 0.0359739 0.01968431 0.006483376 0.0359739 0.01888734 0.008530795 0.0359739 0.01787811 0.01048231 0.0359739 0.01666802 0.01231586 0.0359739 -0.01952975 0.006934583 0.0359739 -0.01915818 0.007903814 0.0359739 -0.01828503 0.009755194 0.0359739 -0.01714944 0.01163595 0.0359739 -0.01582127 0.01338613 0.0359739 -0.0143153 0.01498574 0.0359739 -0.01264852 0.01641708 0.0359739 -0.01083952 0.01766365 0.0359739 -0.008908689 0.01871204 0.0359739 -0.00687772 0.01954996 0.0359739 -0.004769504 0.02016824 0.0359739 -0.002607703 0.02055966 0.0359739 -4.1659e-4 0.02072036 0.0359739 0.001779139 0.020648 0.0359739 0.003954887 0.02034366 0.0359739 0.006086409 0.01981049 0.0359739 0.008149385 0.01905488 0.0359739 0.01012068 0.01808524 0.0359739 0.01197832 0.01691222 0.0359739 0.01370137 0.01554912 0.0359739 0.01527053 0.01401126 0.0359739 0.01937866 -0.02362132 0.03459614 0.01937866 -0.02362132 0.0337001 0.01890188 -0.023 0.03500002 0.01860219 -0.02227646 0.0337001 0.023 -0.01890188 0.03500002 0.02227646 -0.01860219 0.0337001 0.02227646 -0.01860219 0.03500002 0.02072352 -0.01860219 0.0337001 0.02072352 -0.01860219 0.03500002 0.01937866 -0.01937866 0.0337001 0.01937866 -0.01937866 0.03500002 0.01860219 -0.02072352 0.0337001 0.01860219 -0.02072352 0.03500002 0.01860219 -0.02227646 0.03500002 0.02070707 -0.02494961 0.0337001 0.01999998 -0.02424252 0.03419232 0.01999998 -0.02499997 0.0337001 0.02191329 -0.0246194 0.0337001 0.02353549 -0.02353549 0.0337001 0.0246194 -0.02191329 0.0337001 0.02499997 -0.01999998 0.0337001 0.02499997 0.01999998 0.0337001 0.023 0.01890188 0.03500002 0.01924997 0.01870083 0.006000101 0.01870083 0.01924997 0.006000101 0.01999998 0.01999998 0.006000101 0.01849997 0.01999998 0.006000101 0.01870083 0.02074998 0.006000101 0.021299 0.01924997 0.006000101 0.02074998 0.01870083 0.006000101 0.01999998 0.01849997 0.006000101 0.02074998 0.021299 0.006000101 0.021299 0.02074998 0.006000101 0.02149999 0.01999998 0.006000101 0.01924997 0.021299 0.006000101 0.01999998 0.02149999 0.006000101 -0.02074998 -0.021299 0.006000101 -0.021299 -0.02074998 0.006000101 -0.01999998 -0.01999998 0.006000101 -0.02149999 -0.01999998 0.006000101 -0.021299 -0.01924997 0.006000101 -0.01870083 -0.02074998 0.006000101 -0.01924997 -0.021299 0.006000101 -0.01999998 -0.02149999 0.006000101 -0.01924997 -0.01870083 0.006000101 -0.01870083 -0.01924997 0.006000101 -0.01849997 -0.01999998 0.006000101 -0.02074998 -0.01870083 0.006000101 -0.01999998 -0.01849997 0.006000101 0.02191329 0.0246194 0.0337001 0.02070707 0.02494961 0.0337001 0.01937866 0.02362132 0.0337001 0.01860219 0.02227646 0.0337001 0.0246194 0.02191329 0.0337001 0.02353549 0.02353549 0.0337001 0.02072352 0.01860219 0.0337001 0.02227646 0.01860219 0.0337001 0.01937866 0.01937866 0.0337001 0.01860219 0.02072352 0.0337001 0.01999998 0.02499997 0.0337001 0.01999998 0.02424252 0.03419232 0.01937866 0.02362132 0.03459614 0.01890188 0.023 0.03500002 0.01860219 0.02227646 0.03500002 0.01860219 0.02072352 0.03500002 0.01937866 0.01937866 0.03500002 0.02072352 0.01860219 0.03500002 0.02227646 0.01860219 0.03500002 -0.01899999 -0.02199995 0.01576805 -0.01899999 -0.0227319 0.01649999 -0.01899999 -0.02099984 0.01750004 -0.01899999 -0.023 0.01750004 -0.01899999 -0.0227319 0.01850008 -0.01899999 -0.01926779 0.01649999 -0.01899999 -0.01999998 0.01576805 -0.01899999 -0.02099984 0.01550006 -0.01899999 -0.01999998 0.01923209 -0.01899999 -0.01926779 0.01850008 -0.01899999 -0.01899999 0.01750004 -0.01899999 -0.02199995 0.01923209 -0.01899999 -0.02099984 0.01950001 -0.01899999 0.01999998 0.01576805 -0.01899999 0.01926779 0.01649999 -0.01899999 0.02099984 0.01750004 -0.01899999 0.01899999 0.01750004 -0.01899999 0.01926779 0.01850008 -0.01899999 0.0227319 0.01649999 -0.01899999 0.02199995 0.01576805 -0.01899999 0.02099984 0.01550006 -0.01899999 0.02199995 0.01923209 -0.01899999 0.0227319 0.01850008 -0.01899999 0.023 0.01750004 -0.01899999 0.01999998 0.01923209 -0.01899999 0.02099984 0.01950001 -0.02070707 0.02494961 0.0337001 -0.01937866 0.02362132 0.0337001 -0.02070707 0.02494961 0.03373277 -0.01937866 0.02362132 0.03459614 -0.01860219 0.02072352 0.0337001 -0.01860219 0.02227646 0.0337001 -0.02191329 0.0246194 0.0337001 -0.02362132 0.01937866 0.0337001 -0.02353549 0.02353549 0.0337001 -0.0246194 0.02191329 0.0337001 -0.02494961 0.02070707 0.0337001 -0.02072352 0.01860219 0.0337001 -0.01937866 0.01937866 0.0337001 -0.02227646 0.01860219 0.0337001 -0.02494961 0.02070707 0.03373277 -0.02362132 0.01937866 0.03459614 -0.023 0.01890188 0.03500002 -0.01890188 0.023 0.03500002 -0.02227646 0.01860219 0.03500002 -0.02072352 0.01860219 0.03500002 -0.01937866 0.01937866 0.03500002 -0.01860219 0.02072352 0.03500002 -0.01860219 0.02227646 0.03500002 -0.023 0.006962597 0.03500002 -0.02344805 0.006970942 0.03470885 -0.02006298 0.006958663 0.03513818 -0.02031093 0.006961703 0.03503268 -0.0205782 0.006962597 0.03500002 -0.01968723 0.006948471 0.03549093 -0.01974964 0.00695163 0.03538286 -0.01999473 0.006957769 0.03516715 -0.01958966 0.006943643 0.03565973 -0.02499997 0.005501568 0.0337001 -0.02494698 0.005888462 0.03373444 -0.02479213 0.006246984 0.03383511 -0.02422416 0.006784737 0.0342043 -0.02344805 -0.006970942 0.03470885 -0.02422416 -0.006784737 0.0342043 -0.02479213 -0.006246984 0.03383511 -0.02494698 -0.005888462 0.03373444 -0.02499997 -0.005501568 0.0337001 -0.0205782 -0.006962597 0.03500002 -0.02021485 -0.006960809 0.03506129 -0.02006739 -0.006958425 0.03514331 -0.023 -0.006962597 0.03500002 -0.01989257 -0.006955683 0.03524065 -0.01968014 -0.00694859 0.03548818 -0.01965981 -0.006947875 0.03551161 -0.02008229 -0.008285045 0.03500002 -0.01797676 -0.01219719 0.03500002 -0.019167 -0.01022577 0.03500002 -0.02072352 -0.01860219 0.03500002 -0.01860219 -0.02227646 0.03500002 -0.01890188 -0.023 0.03500002 0.01255625 -0.01772797 0.03500002 0.01060897 -0.01895755 0.03500002 -0.02227646 -0.01860219 0.03500002 -0.023 -0.01890188 0.03500002 -0.01860219 -0.02072352 0.03500002 -0.007209539 -0.02049297 0.03500002 -0.009338438 -0.01961451 0.03500002 -4.36684e-4 -0.02171981 0.03500002 -0.002733469 -0.02155143 0.03500002 -0.004999518 -0.02114105 0.03500002 -0.01658451 0.0140317 0.03500002 -0.01500576 0.01570868 0.03500002 -0.01136237 -0.01851582 0.03500002 -0.01325851 -0.01720893 0.03500002 -0.01937866 -0.01937866 0.03500002 -0.01500576 -0.01570868 0.03500002 -0.01658451 -0.0140317 0.03500002 0.006379902 -0.02076607 0.03500002 0.004145801 -0.02132493 0.03500002 0.001865029 -0.02164399 0.03500002 -0.02008229 0.008285045 0.03500002 -0.019167 0.01022577 0.03500002 -0.01797676 0.01219719 0.03500002 0.008542478 -0.01997411 0.03500002 0.01747184 -0.01290994 0.03500002 0.01600712 -0.01468712 0.03500002 0.01436239 -0.016299 0.03500002 0.01874047 0.01098775 0.03500002 0.02063363 -0.006796002 0.03500002 0.01979827 -0.008942246 0.03500002 0.01874047 -0.01098775 0.03500002 0.006379902 0.02076607 0.03500002 0.008542478 0.01997411 0.03500002 0.01060897 0.01895755 0.03500002 -0.007209539 0.02049297 0.03500002 -0.004999518 0.02114105 0.03500002 0.01979827 0.008942246 0.03500002 0.02063363 0.006796002 0.03500002 0.02123725 0.004573643 0.03500002 0.01255625 0.01772797 0.03500002 0.01436239 0.016299 0.03500002 0.01600712 0.01468712 0.03500002 0.01747184 0.01290994 0.03500002 -0.01325851 0.01720893 0.03500002 -0.01136237 0.01851582 0.03500002 -0.009338438 0.01961451 0.03500002 -0.002733469 0.02155143 0.03500002 -4.36684e-4 0.02171981 0.03500002 0.001865029 0.02164399 0.03500002 0.004145801 0.02132493 0.03500002 0.02160209 0.002299726 0.03500002 0.02172416 0 0.03500002 0.02160209 -0.002299726 0.03500002 0.02123725 -0.004573643 0.03500002 -0.01937866 -0.02362132 0.0337001 -0.01937866 -0.02362132 0.03459614 -0.02362132 -0.01937866 0.03459614 -0.02362132 -0.01937866 0.0337001 -0.02227646 -0.01860219 0.0337001 -0.01860219 -0.02227646 0.0337001 -0.01860219 -0.02072352 0.0337001 -0.01937866 -0.01937866 0.0337001 -0.02072352 -0.01860219 0.0337001 -0.02494961 -0.02070707 0.0337001 -0.02494961 -0.02070707 0.03373277 -0.0246194 -0.02191329 0.0337001 -0.02353549 -0.02353549 0.0337001 -0.02191329 -0.0246194 0.0337001 -0.02070707 -0.02494961 0.0337001 -0.02070707 -0.02494961 0.03373277 -0.01999998 -0.02499997 0.0337001 0.02497589 -0.02049005 0.004725277 0.02499997 -0.01999998 0 0.02370458 -0.02335762 0.02091372 0.02386504 -0.02317196 0.02065479 0.02415734 -0.02277785 0.01962232 0.02440959 -0.02235686 0.01791268 0.0246194 -0.02191329 0.01554238 0.02478468 -0.02145141 0.01253396 0.02490389 -0.02097541 0.008916676 0.02277785 -0.02415734 0.01962232 0.02317196 -0.02386504 0.02065479 0.02335762 -0.02370458 0.02091372 0.02344769 -0.0236212 0.02097851 0.02353549 -0.02353549 0.02100002 0.0236212 -0.02344769 0.02097851 0.01999998 -0.02499997 0 0.02049005 -0.02497589 0.004725277 0.02097541 -0.02490389 0.008916676 0.02145141 -0.02478468 0.01253396 0.02191329 -0.0246194 0.01554238 0.02235686 -0.02440959 0.01791268 0.02499997 0.01999998 0 0.01999998 0.02499997 0 0.02497589 0.02049005 0.004725277 0.02049005 0.02497589 0.004725277 0.02490389 0.02097541 0.008916676 0.02097541 0.02490389 0.008916676 0.02478468 0.02145141 0.01253396 0.02145141 0.02478468 0.01253396 0.0246194 0.02191329 0.01554238 0.02191329 0.0246194 0.01554238 0.02440959 0.02235686 0.01791268 0.02235686 0.02440959 0.01791268 0.02415734 0.02277785 0.01962232 0.02335762 0.02370458 0.02091372 0.02344769 0.0236212 0.02097851 0.02317196 0.02386504 0.02065479 0.02277785 0.02415734 0.01962232 0.02370458 0.02335762 0.02091372 0.02386504 0.02317196 0.02065479 0.0236212 0.02344769 0.02097851 0.02353549 0.02353549 0.02100002 0.01849997 0.01999998 0 0.01870083 0.02074998 0 0.01924997 0.021299 0 0.01999998 0.02149999 0 0.02074998 0.021299 0 0.021299 0.02074998 0 0.02149999 0.01999998 0 0.021299 0.01924997 0 0.02074998 0.01870083 0 0.01999998 0.01849997 0 0.01924997 0.01870083 0 0.01870083 0.01924997 0 -0.02149999 -0.01999998 0 -0.021299 -0.01924997 0 -0.02074998 -0.01870083 0 -0.01999998 -0.01849997 0 -0.01924997 -0.01870083 0 -0.01870083 -0.01924997 0 -0.01849997 -0.01999998 0 -0.01870083 -0.02074998 0 -0.01924997 -0.021299 0 -0.01999998 -0.02149999 0 -0.02074998 -0.021299 0 -0.021299 -0.02074998 0 -0.01999998 0.02499997 0.0337001 -0.02499997 -0.023 0.01750004 -0.02499997 -0.0227319 0.01850008 -0.02499997 -0.02199995 0.01923209 -0.02499997 -0.02099984 0.01950001 -0.02499997 -0.01999998 0.01923209 -0.02499997 -0.01926779 0.01850008 -0.02499997 -0.01899999 0.01750004 -0.02499997 -0.01926779 0.01649999 -0.02499997 -0.01999998 0.01576805 -0.02499997 -0.02099984 0.01550006 -0.02499997 -0.02199995 0.01576805 -0.02499997 -0.0227319 0.01649999 -0.02499997 0.01899999 0.01750004 -0.02499997 0.01926779 0.01850008 -0.02499997 0.01999998 0.01923209 -0.02499997 0.02099984 0.01950001 -0.02499997 0.02199995 0.01923209 -0.02499997 0.0227319 0.01850008 -0.02499997 0.023 0.01750004 -0.02499997 0.0227319 0.01649999 -0.02499997 0.02199995 0.01576805 -0.02499997 0.02099984 0.01550006 -0.02499997 0.01999998 0.01576805 -0.02499997 0.01926779 0.01649999 -0.02220833 0.02448588 0.02087402 -0.02217787 0.02449876 0.02086436 -0.02499997 0.02449995 0.02086603 -0.02167803 0.02470988 0.02070426 -0.02114051 0.02485001 0.02048987 -0.02499997 0.02486598 0.0205 -0.02001291 0.02499997 0.02000582 -0.01999998 0.02499997 0.0200001 -0.02499997 0.02499997 0.0200001 -0.02083271 0.02493 0.0203672 -0.02191019 0.02461183 0.02077859 -0.02499997 0.02399986 0.02100002 -0.023 0.02399986 0.02100002 -0.02284109 0.02411431 0.02099353 -0.02499997 0.01999998 0.02100002 -0.0246194 0.02191329 0.02100002 -0.02353549 0.02353549 0.02100002 -0.02499997 0.01999998 0.0337001 -0.02499997 -0.01999998 0.0337001 -0.02499997 -0.01999998 0.02100002 -0.0246194 -0.02191329 0.02100002 -0.02353549 -0.02353549 0.02100002 -0.023 -0.02399986 0.02100002 -0.02237772 -0.02439826 0.02091723 -0.02220833 -0.02448588 0.02087402 -0.02114605 -0.02485901 0.02049618 -0.02083271 -0.02493 0.0203672 -0.0221771 -0.02449774 0.02086341 -0.02190673 -0.02460217 0.02077138 -0.02137601 -0.02480679 0.02059066 -0.02001291 -0.02499997 0.02000582 -0.01999998 -0.02499997 0.0200001 -0.02499997 -0.02399986 0.02100002 -0.02499997 -0.02449995 0.02086603 -0.02499997 -0.02486598 0.0205 -0.02499997 -0.02499997 0.0200001 -0.01999998 -0.02499997 0 -0.01999998 -0.02499997 0.01400005 -0.02499997 -0.02499997 0.01400005 -0.02220833 -0.02448588 0.01312601 -0.02217787 -0.02449876 0.01313579 -0.02499997 -0.02449995 0.013134 -0.02167803 -0.02470988 0.01329588 -0.02114051 -0.02485001 0.01351016 -0.02499997 -0.02486598 0.01350003 -0.02001291 -0.02499997 0.01399427 -0.02083271 -0.02493 0.01363283 -0.02191019 -0.02461183 0.01322144 -0.02499997 -0.02399986 0.01300007 -0.023 -0.02399986 0.01300007 -0.02284109 -0.02411431 0.01300662 -0.02499997 -0.01999998 0.01300007 -0.0246194 -0.02191329 0.01300007 -0.02353549 -0.02353549 0.01300007 -0.02499997 -0.01999998 0 -0.0246194 -0.02191329 0 -0.02353549 -0.02353549 0 -0.02191329 -0.0246194 0 -0.02499997 0.01999998 0 -0.01999998 0.02499997 0 -0.0246194 0.02191329 0 -0.02353549 0.02353549 0 -0.02191329 0.0246194 0 -0.02114605 0.02485901 0.01350396 -0.02083271 0.02493 0.01363283 -0.02001291 0.02499997 0.01399427 -0.01999998 0.02499997 0.01400005 -0.02353549 0.02353549 0.01300007 -0.023 0.02399986 0.01300007 -0.02237772 0.02439826 0.01308286 -0.02220833 0.02448588 0.01312601 -0.0221771 0.02449774 0.01313662 -0.02190673 0.02460217 0.01322865 -0.02137601 0.02480679 0.01340937 -0.0246194 0.02191329 0.01300007 -0.02499997 0.01999998 0.01300007 -0.02499997 0.02399986 0.01300007 -0.02499997 0.02449995 0.013134 -0.02499997 0.02486598 0.01350003 -0.02499997 0.02499997 0.01400005 -0.02499997 -0.01774996 0.01700007 -0.02499997 -0.01734805 0.01850008 -0.02499997 0.01734805 0.01850008 -0.02499997 0.01624995 0.01959812 -0.02499997 0.01475 0.0200001 -0.02499997 -0.01774996 0.004000067 -0.02499997 -0.01734805 0.002499997 -0.02499997 0.01624995 0.00140202 -0.02499997 0.01734805 0.002499997 -0.02499997 0.01774996 0.004000067 -0.02499997 -0.01624995 0.00140202 -0.02499997 -0.01475 0.001000046 -0.02499997 0.01475 0.001000046 -0.02499997 -0.01624995 0.01959812 -0.02499997 -0.01475 0.0200001 -0.02499997 0.01774996 0.01700007 -0.02469998 -0.01377058 0.01120984 -0.02469998 -0.01429015 0.01172947 -0.02469998 -0.01499986 0.01191961 -0.02469998 -0.01570963 0.01172947 -0.02469998 -0.01622939 0.01120984 -0.02469998 -0.01641947 0.01050001 -0.02469998 -0.01622939 0.009790301 -0.02469998 -0.01570963 0.009270668 -0.02469998 -0.01499986 0.009080469 -0.02469998 -0.01429015 0.009270668 -0.02469998 -0.01377058 0.009790301 -0.02469998 -0.01358038 0.01050001 -0.02491945 -0.01396059 0.01109999 -0.02491945 -0.01439982 0.01153934 -0.02491945 -0.01499986 0.01170003 -0.02491945 -0.01559984 0.01153934 -0.02491945 -0.01603919 0.01109999 -0.02491945 -0.0162 0.01050001 -0.02491945 -0.01603919 0.009900033 -0.02491945 -0.01559984 0.009460806 -0.02491945 -0.01499986 0.009299993 -0.02491945 -0.01439982 0.009460806 -0.02491945 -0.01396059 0.009900033 -0.02491945 -0.01379984 0.01050001 -0.02462959 0.01625943 0.01122725 -0.02462959 0.01572716 0.01175957 -0.02462959 0.01499986 0.01195436 -0.02462959 0.01427268 0.01175957 -0.02462959 0.01374042 0.01122725 -0.02462959 0.01354563 0.01050001 -0.02462959 0.01374042 0.009772837 -0.02462959 0.01427268 0.009240567 -0.02462959 0.01499986 0.009045779 -0.02462959 0.01572716 0.009240567 -0.02462959 0.01625943 0.009772837 -0.02462959 0.01645416 0.01050001 -0.02482426 0.01614671 0.01116222 -0.02482426 0.01566213 0.01164686 -0.02482426 0.01499986 0.01182436 -0.02482426 0.01433771 0.01164686 -0.02482426 0.01385313 0.01116222 -0.02482426 0.01367563 0.01050001 -0.02482426 0.01385313 0.009837865 -0.02482426 0.01433771 0.00935322 -0.02482426 0.01499986 0.009175777 -0.02482426 0.01566213 0.00935322 -0.02482426 0.01614671 0.009837865 -0.02482426 0.01632422 0.01050001 -0.02495419 0.01597815 0.01106482 -0.02495419 0.01556468 0.0114783 -0.02495419 0.01499986 0.0116297 -0.02495419 0.01443517 0.0114783 -0.02495419 0.01402169 0.01106482 -0.02495419 0.01387023 0.01050001 -0.02495419 0.01402169 0.009935259 -0.02495419 0.01443517 0.009521722 -0.02495419 0.01499986 0.009370386 -0.02495419 0.01556468 0.009521722 -0.02495419 0.01597815 0.009935259 -0.02495419 0.01612961 0.01050001 -0.01928985 0.007958173 0.03548508 -0.01962703 -0.00809729 0.03512966 -0.01928985 -0.007958173 0.03548508 -0.01962703 0.00809729 0.03512966 -0.01841068 0.009822249 0.03548508 -0.01726746 0.01171594 0.03548508 -0.01593017 0.0134781 0.03548508 -0.01441383 0.01508873 0.03548508 -0.01273536 0.01652979 0.03548508 -0.0109139 0.01778525 0.03548508 -0.008969962 0.01884067 0.03548508 -0.006925046 0.01968437 0.03548508 -0.004802346 0.02030688 0.03548508 -0.002625644 0.02070111 0.03548508 -4.19453e-4 0.02086263 0.03548508 0.001791298 0.02078998 0.03548508 0.003982186 0.02048349 0.03548508 0.006128132 0.01994681 0.03548508 0.008205413 0.01918596 0.03548508 0.01019024 0.01820945 0.03548508 0.01206082 0.01702845 0.03548508 0.01379567 0.01565599 0.03548508 0.01537555 0.01410758 0.03548508 0.01678258 0.0124005 0.03548508 0.01800096 0.01055437 0.03548508 0.0190171 0.008589446 0.03548508 0.01981949 0.00652796 0.03548508 0.02039933 0.00439316 0.03548508 0.02074962 0.002208948 0.03548508 0.02086699 0 0.03548508 0.02074962 -0.002208948 0.03548508 0.02039933 -0.00439316 0.03548508 0.01981949 -0.00652796 0.03548508 0.0190171 -0.008589446 0.03548508 0.01800096 -0.01055437 0.03548508 0.01678258 -0.0124005 0.03548508 0.01537555 -0.01410758 0.03548508 0.01379567 -0.01565599 0.03548508 0.01206082 -0.01702845 0.03548508 0.01019024 -0.01820945 0.03548508 0.008205413 -0.01918596 0.03548508 0.006128132 -0.01994681 0.03548508 0.003982186 -0.02048349 0.03548508 0.001791298 -0.02078998 0.03548508 -4.19453e-4 -0.02086263 0.03548508 -0.002625644 -0.02070111 0.03548508 -0.004802346 -0.02030688 0.03548508 -0.006925046 -0.01968437 0.03548508 -0.008969962 -0.01884067 0.03548508 -0.0109139 -0.01778525 0.03548508 -0.01273536 -0.01652979 0.03548508 -0.01441383 -0.01508873 0.03548508 -0.01593017 -0.0134781 0.03548508 -0.01726746 -0.01171594 0.03548508 -0.01841068 -0.009822249 0.03548508 -0.01873242 0.00999397 0.03512966 -0.0175693 0.01192075 0.03512966 -0.01620846 0.01371365 0.03512966 -0.01466578 0.01535248 0.03512966 -0.01295799 0.01681888 0.03512966 -0.01110482 0.01809597 0.03512966 -0.009126722 0.01916998 0.03512966 -0.007046103 0.02002847 0.03512966 -0.00488615 0.02066183 0.03512966 -0.00267148 0.02106297 0.03512966 -4.26785e-4 0.02122735 0.03512966 0.00182271 0.02115333 0.03512966 0.004051804 0.02084141 0.03512966 0.006235361 0.0202955 0.03512966 0.008348822 0.01952135 0.03512966 0.01036834 0.01852786 0.03512966 0.01227164 0.01732599 0.03512966 0.01403683 0.01592952 0.03512966 0.01564431 0.01435405 0.03512966 0.01707595 0.01261729 0.03512966 0.01831567 0.01073879 0.03512966 0.01934957 0.00873959 0.03512966 0.02016592 0.006642103 0.03512966 0.02075576 0.004469931 0.03512966 0.02111244 0.002247512 0.03512966 0.02123177 0 0.03512966 0.02111244 -0.002247512 0.03512966 0.02075576 -0.004469931 0.03512966 0.02016592 -0.006642103 0.03512966 0.01934957 -0.00873959 0.03512966 0.01831567 -0.01073879 0.03512966 0.01707595 -0.01261729 0.03512966 0.01564431 -0.01435405 0.03512966 0.01403683 -0.01592952 0.03512966 0.01227164 -0.01732599 0.03512966 0.01036834 -0.01852786 0.03512966 0.008348822 -0.01952135 0.03512966 0.006235361 -0.0202955 0.03512966 0.004051804 -0.02084141 0.03512966 0.00182271 -0.02115333 0.03512966 -4.26785e-4 -0.02122735 0.03512966 -0.00267148 -0.02106297 0.03512966 -0.00488615 -0.02066183 0.03512966 -0.007046103 -0.02002847 0.03512966 -0.009126722 -0.01916998 0.03512966 -0.01110482 -0.01809597 0.03512966 -0.01295799 -0.01681888 0.03512966 -0.01466578 -0.01535248 0.03512966 -0.01620846 -0.01371365 0.03512966 -0.0175693 -0.01192075 0.03512966 -0.01873242 -0.00999397 0.03512966 -0.02693384 -0.01199996 0.006000101 -0.02499997 -0.01199996 0.006000101 -0.02693384 -0.01199996 0.01500004 -0.02499997 -0.01199996 0.01500004 -0.02693384 -0.00999999 0.01700007 -0.02499997 -0.00999999 0.01700007 -0.02693384 0.00999999 0.01700007 -0.02499997 0.00999999 0.01700007 -0.02693384 0.01199996 0.01500004 -0.02499997 0.01199996 0.01500004 -0.02693384 0.01199996 0.006000101 -0.02499997 0.01199996 0.006000101 -0.02693384 0.00999999 0.004000067 -0.02499997 0.00999999 0.004000067 -0.02693384 -0.00999999 0.004000067 -0.02499997 -0.00999999 0.004000067 -0.02779996 -0.01017725 0.0128237 -0.02779996 -0.01060456 0.01169657 -0.02779996 -0.0115 0.01500004 -0.02779996 -0.01074987 0.01050001 -0.02779996 -0.0115 0.006000101 -0.02779996 -0.002007365 0.007184386 -0.02779996 -0.001322627 0.008176386 -0.02779996 7.5e-4 0.01050001 -0.02779996 -8.95291e-4 0.00930351 -0.02779996 8.95291e-4 0.01169657 -0.02779996 -7.5e-4 0.01050001 -0.02779996 0.01017725 0.008176386 -0.02779996 0.0115 0.006000101 -0.02779996 0.009492516 0.007184386 -0.02779996 0.01142644 0.005536496 -0.02779996 0.01121348 0.005118429 -0.02779996 0.01060456 0.00930351 -0.02779996 0.01074987 0.01050001 -0.02779996 0.0115 0.01500004 -0.02779996 0.008590281 0.01461499 -0.02779996 0.007523 0.0151751 -0.02779996 0.00999999 0.01649999 -0.02779996 -0.01088166 0.00478655 -0.02779996 -0.009492516 0.007184386 -0.02779996 -0.01046335 0.004573464 -0.02779996 -0.008590281 0.006385147 -0.02779996 -0.00999999 0.004500091 -0.02779996 -0.007523 0.005824923 -0.02779996 -0.01060456 0.00930351 -0.02779996 -0.01017725 0.008176386 -0.02779996 -0.01142644 0.005536496 -0.02779996 -0.01121348 0.005118429 -0.02779996 -0.006352663 0.005536496 -0.02779996 -0.005147278 0.005536496 -0.02779996 0.00999999 0.004500091 -0.02779996 -0.003976941 0.005824923 -0.02779996 0.01088166 0.00478655 -0.02779996 0.01046335 0.004573464 -0.02779996 0.008590281 0.006385147 -0.02779996 0.007523 0.005824923 -0.02779996 -0.009492516 0.0138157 -0.02779996 -0.01142644 0.01546359 -0.02779996 -0.01121348 0.01588171 -0.02779996 0.00290966 0.006385147 -0.02779996 0.002007365 0.007184386 -0.02779996 0.001322627 0.008176386 -0.02779996 -0.006352663 0.01546365 -0.02779996 -0.00999999 0.01649999 -0.02779996 -0.005147278 0.01546365 -0.02779996 -0.003976941 0.0151751 -0.02779996 -0.00290966 0.01461499 -0.02779996 -0.007523 0.0151751 -0.02779996 -0.008590281 0.01461499 -0.02779996 -0.01046335 0.01642662 -0.02779996 -0.01088166 0.01621353 -0.02779996 -0.00290966 0.006385147 -0.02779996 8.95291e-4 0.00930351 -0.02779996 0.003976941 0.005824923 -0.02779996 0.005147278 0.005536496 -0.02779996 0.006352663 0.005536496 -0.02779996 0.01060456 0.01169657 -0.02779996 0.01017725 0.0128237 -0.02779996 0.01142644 0.01546359 -0.02779996 0.009492516 0.0138157 -0.02779996 0.01121348 0.01588171 -0.02779996 0.01088166 0.01621353 -0.02779996 0.006352663 0.01546365 -0.02779996 0.005147278 0.01546365 -0.02779996 0.003976941 0.0151751 -0.02779996 -0.002007365 0.0138157 -0.02779996 -0.001322627 0.0128237 -0.02779996 0.00290966 0.01461499 -0.02779996 -8.95291e-4 0.01169657 -0.02779996 0.002007365 0.0138157 -0.02779996 0.001322627 0.0128237 -0.02779996 0.01046335 0.01642662 -0.02499997 -0.01061803 0.004097998 -0.02693384 -0.01061803 0.004097998 -0.02499997 -0.01117557 0.004382014 -0.02693384 -0.01117557 0.004382014 -0.02499997 -0.01161789 0.004824519 -0.02693384 -0.01161789 0.004824519 -0.02499997 -0.01190209 0.005382061 -0.02693384 -0.01190209 0.005382061 -0.02499997 -0.01190209 0.01561802 -0.02693384 -0.01190209 0.01561802 -0.02499997 -0.01161789 0.01617562 -0.02693384 -0.01161789 0.01617562 -0.02499997 -0.01117557 0.01661807 -0.02693384 -0.01117557 0.01661807 -0.02499997 -0.01061803 0.0169022 -0.02693384 -0.01061803 0.0169022 -0.02499997 0.01061803 0.0169022 -0.02693384 0.01061803 0.0169022 -0.02499997 0.01117557 0.01661807 -0.02693384 0.01117557 0.01661807 -0.02499997 0.01161789 0.01617562 -0.02693384 0.01161789 0.01617562 -0.02499997 0.01190209 0.01561802 -0.02693384 0.01190209 0.01561802 -0.02499997 0.01190209 0.005382061 -0.02693384 0.01190209 0.005382061 -0.02499997 0.01161789 0.004824519 -0.02693384 0.01161789 0.004824519 -0.02499997 0.01117557 0.004382014 -0.02693384 0.01117557 0.004382014 -0.02499997 0.01061803 0.004097998 -0.02693384 0.01061803 0.004097998 -0.02929997 0.00636363 0.008076608 -0.02929997 0.006171703 0.007025599 -0.02929997 0.00554347 0.008008599 -0.02929997 0.005328059 0.007025599 -0.02929997 0.004745662 0.008210659 -0.02929997 0.008114516 0.009688317 -0.02929997 0.008849084 0.008873462 -0.02929997 0.007722795 0.008964538 -0.02929997 0.008369743 0.008179128 -0.02929997 0.007117331 0.008407115 -0.02929997 0.007738173 0.007619619 -0.02929997 0.006991088 0.00722754 -0.02929997 0.004508793 0.00722754 -0.02929997 0.003761768 0.007619619 -0.02929997 0.004056692 0.008660733 -0.02929997 0.003130078 0.008179128 -0.02929997 0.003551304 0.009310126 -0.02929997 0.002650797 0.008873462 -0.02929997 0.003284037 0.01008856 -0.02929997 0.002351701 0.009662449 -0.02929997 0.003249943 0.01050001 -0.02929997 0.002249956 0.01050001 -0.02929997 0.003284037 0.01091152 -0.02929997 0.002351701 0.01133769 -0.02929997 0.003551304 0.01168996 -0.02929997 0.002650797 0.01212656 -0.02929997 0.004056692 0.01233935 -0.02929997 0.007722795 0.0120356 -0.02929997 0.008849084 0.01212656 -0.02929997 0.008114516 0.01131182 -0.02929997 0.00914824 0.01133769 -0.02929997 0.008249998 0.01050001 -0.02929997 0.009249985 0.01050001 -0.02929997 0.00914824 0.009662449 -0.02929997 0.00554347 0.01299154 -0.02929997 0.006171703 0.01397454 -0.02929997 0.00636363 0.01292359 -0.02929997 0.006991088 0.0137726 -0.02929997 0.007117331 0.01259297 -0.02929997 0.007738173 0.01338052 -0.02929997 0.008369743 0.01282101 -0.02929997 0.003130078 0.01282101 -0.02929997 0.003761768 0.01338052 -0.02929997 0.004745662 0.01278948 -0.02929997 0.004508793 0.0137726 -0.02929997 0.005328059 0.01397454 -0.02929997 -0.005565345 0.008508563 -0.02929997 -0.006171703 0.007025599 -0.02929997 -0.00629729 0.008576393 -0.02929997 -0.006991088 0.00722754 -0.02929997 -0.006955206 0.008904039 -0.02929997 -0.004271924 0.00915271 -0.02929997 -0.003761768 0.007619619 -0.02929997 -0.004858434 0.008709728 -0.02929997 -0.004508793 0.00722754 -0.02929997 -0.005328059 0.007025599 -0.02929997 -0.003749907 0.01050001 -0.02929997 -0.002351701 0.009662449 -0.02929997 -0.003884971 0.009777545 -0.02929997 -0.002650797 0.008873462 -0.02929997 -0.003130078 0.008179128 -0.02929997 -0.00629729 0.01242369 -0.02929997 -0.006171703 0.01397454 -0.02929997 -0.005565345 0.01249146 -0.02929997 -0.005328059 0.01397454 -0.02929997 -0.004858434 0.01229041 -0.02929997 -0.007450342 0.01155292 -0.02929997 -0.008369743 0.01282101 -0.02929997 -0.006955206 0.01209604 -0.02929997 -0.007738173 0.01338052 -0.02929997 -0.006991088 0.0137726 -0.02929997 -0.007738173 0.007619619 -0.02929997 -0.008369743 0.008179128 -0.02929997 -0.007450342 0.009447157 -0.02929997 -0.008849084 0.008873462 -0.02929997 -0.00771594 0.01013261 -0.02929997 -0.00914824 0.009662449 -0.02929997 -0.007749915 0.01050001 -0.02929997 -0.009249985 0.01050001 -0.02929997 -0.00771594 0.01086753 -0.02929997 -0.00914824 0.01133769 -0.02929997 -0.008849084 0.01212656 -0.02929997 -0.003884971 0.01122254 -0.02929997 -0.002351701 0.01133769 -0.02929997 -0.002249956 0.01050001 -0.02929997 -0.004508793 0.0137726 -0.02929997 -0.003761768 0.01338052 -0.02929997 -0.004271924 0.01184743 -0.02929997 -0.003130078 0.01282101 -0.02929997 -0.002650797 0.01212656 -0.03929996 0.003284037 0.01091152 -0.03929996 0.003249943 0.01050001 -0.03929996 0.003284037 0.01008856 -0.03929996 0.003551304 0.009310126 -0.03929996 0.004056692 0.008660733 -0.03929996 0.004745662 0.008210659 -0.03929996 0.00554347 0.008008599 -0.03929996 0.00636363 0.008076608 -0.03929996 0.007117331 0.008407115 -0.03929996 0.007722795 0.008964538 -0.03929996 0.008114516 0.009688317 -0.03929996 0.008249998 0.01050001 -0.03929996 0.008114516 0.01131182 -0.03929996 0.007722795 0.0120356 -0.03929996 0.007117331 0.01259297 -0.03929996 0.00636363 0.01292359 -0.03929996 0.00554347 0.01299154 -0.03929996 0.004745662 0.01278948 -0.03929996 0.004056692 0.01233935 -0.03929996 0.003551304 0.01168996 -0.03929996 0.00575 0.01050001 -0.03929996 -0.00771594 0.01086753 -0.03929996 -0.007749915 0.01050001 -0.03929996 -0.00771594 0.01013261 -0.03929996 -0.007450342 0.009447157 -0.03929996 -0.006955206 0.008904039 -0.03929996 -0.00629729 0.008576393 -0.03929996 -0.005565345 0.008508563 -0.03929996 -0.004858434 0.008709728 -0.03929996 -0.004271924 0.00915271 -0.03929996 -0.003884971 0.009777545 -0.03929996 -0.003749907 0.01050001 -0.03929996 -0.003884971 0.01122254 -0.03929996 -0.004271924 0.01184743 -0.03929996 -0.004858434 0.01229041 -0.03929996 -0.005565345 0.01249146 -0.03929996 -0.00629729 0.01242369 -0.03929996 -0.006955206 0.01209604 -0.03929996 -0.007450342 0.01155292 -0.03929996 -0.00575 0.01050001</float_array>
          <technique_common>
            <accessor source="#ust-10lx_001-mesh-positions-array" count="3195" stride="3">
              <param name="X" type="float"/>
              <param name="Y" type="float"/>
              <param name="Z" type="float"/>
            </accessor>
          </technique_common>
        </source>
        <source id="ust-10lx_001-mesh-normals">
          <float_array id="ust-10lx_001-mesh-normals-array" count="24735">-0.9966928 -0.08048677 -0.01119595 -0.9708973 -0.239106 -0.01367014 -0.9847598 -0.1737868 0.006816148 -0.9847894 -0.1736184 0.006816267 -0.8659111 -0.5001828 0.0039016 -0.9181254 -0.3962582 -0.005034685 -0.9199236 -0.3920225 -0.00768119 -0.9579833 -0.2867789 0.005087256 -0.9579833 -0.2867789 0.005087256 -0.9579833 -0.2867789 0.005087256 -0.9579904 -0.2867521 0.005257308 -0.866182 -0.4997136 0.003897607 -0.8451434 -0.5343766 -0.01320272 -0.8021402 -0.5970921 0.007230997 -0.8021402 -0.5970921 0.007230937 -0.8021402 -0.5970921 0.007230997 -0.8021523 -0.5970749 0.007299363 -0.7483548 -0.6631844 -0.01231592 -0.7274556 -0.6861519 0.001981675 -0.7268258 -0.6868191 0.001977562 -0.6324832 -0.7745686 -0.002949774 -0.6425919 -0.7661219 -0.0115354 -0.4999394 -0.8659495 -0.01386439 -0.549373 -0.8355546 0.006168365 -0.5497049 -0.8353365 0.006127655 -0.5497049 -0.8353365 0.006127655 -0.5497049 -0.8353365 0.006127655 -0.2309052 -0.9729741 0.002097785 -0.2309052 -0.9729741 0.002097725 -0.2309052 -0.9729741 0.002097725 -0.3419563 -0.939713 -0.002365648 -0.354573 -0.9349791 -0.009598731 -0.4487469 -0.8936376 0.006171822 -0.4488872 -0.8935672 0.006176173 -0.2303439 -0.9731072 0.002049148 -0.2303439 -0.9731072 0.002049207 -0.2303439 -0.9731072 0.002049207 -0.1999703 -0.9797232 -0.01242142 -0.1157937 -0.9932471 0.007215499 -0.116519 -0.9931623 0.007210254 -0.04024147 -0.9991011 -0.01332736 0 -0.9999934 0.003656744 0 -0.9999934 0.003658056 0.1206421 -0.9926814 -0.005416631 0.1206421 -0.9926813 -0.005416631 0.120642 -0.9926814 -0.005416631 0.1161627 -0.9931965 -0.008183777 0.2782187 -0.9604216 -0.01359957 0.2306599 -0.9730203 0.005275189 0.230454 -0.9730696 0.005159258 0.2304541 -0.9730696 0.005159258 0.2304541 -0.9730696 0.005159199 0.4284455 -0.9034976 -0.01125401 0.4284455 -0.9034976 -0.01125395 0.4284455 -0.9034976 -0.01125395 0.3417896 -0.9397512 0.006896018 0.3417896 -0.9397512 0.006895661 0.3417896 -0.9397512 0.006896018 0.3417505 -0.9397655 0.006896853 0.5681622 -0.8228415 -0.01111853 0.5496949 -0.8353655 0 0.4487801 -0.8936423 0 0.6925731 -0.7212172 -0.01372319 0.6427749 -0.7660248 0.00682801 0.6426277 -0.7661482 0.006830215 0.8658882 -0.5002232 0.003788411 0.8658882 -0.5002232 0.003788411 0.8658882 -0.5002232 0.003788411 0.8020346 -0.5972562 -0.005050003 0.7993404 -0.6008301 -0.007633745 0.7275865 -0.685997 0.005123674 0.7275865 -0.685997 0.00512278 0.7275864 -0.685997 0.005123734 0.7272376 -0.6863667 0.005119085 0.8660557 -0.4999325 0.003889441 0.8854182 -0.4646108 -0.01309686 0.9181839 -0.3960884 0.007237255 0.9181839 -0.3960884 0.007237315 0.9181839 -0.3960884 0.007237315 0.9181562 -0.3961532 0.007207334 0.9484761 -0.3166072 -0.01237028 0.9580422 -0.2866197 0.002127468 0.957853 -0.2872511 0.00208497 0.9578531 -0.2872511 0.00208497 0.957853 -0.2872511 0.00208503 0.9870723 -0.1602505 -0.00285089 0.9847562 -0.1735494 -0.01165616 0.9579946 0.2867789 0.002059161 0.9579946 0.2867789 0.002059221 0.9579946 0.2867789 0.002059221 0.9848131 0.1736025 -0.002337217 0.9870285 0.1602582 -0.009591162 0.9982673 0.05852526 0.006105601 0.9982673 0.05852526 0.006105601 0.9982673 0.05852526 0.006105601 0.9991739 0.04017126 0.006164133 0.9991738 0.04017126 0.006164073 0.9991739 0.04017126 0.006164133 0.9983174 0.05798661 0 0.9991809 -0.0404672 0 0.9982978 -0.058007 0.00605303 0.9982673 -0.05852526 0.006105184 0.9982673 -0.05852526 0.006105184 0.9982673 -0.05852526 0.006105184 0.9580097 0.2867282 0.002098202 0.9484786 0.3166009 -0.01234042 0.918213 0.3960214 0.007211446 0.9183018 0.3958156 0.00721246 0.9183018 0.3958156 0.00721246 0.9183018 0.3958156 0.007215023 0.8853862 0.4646703 -0.0131551 0.8659438 0.5001264 0.003893375 0.86618 0.4997173 0.00389266 0.7993854 0.6007944 -0.005384683 0.8021034 0.5971292 -0.008177876 0.6925731 0.7212171 -0.01372587 0.7274304 0.6861615 0.005231976 0.7274304 0.6861616 0.005231976 0.7274304 0.6861616 0.005231976 0.7276985 0.6858779 0.005151033 0.7276985 0.6858779 0.005150973 0.7276985 0.6858779 0.005150973 0.5680778 0.8228985 -0.01121753 0.6428864 0.7659313 0.006818592 0.6427962 0.7660069 0.006818771 0.4288221 0.9033203 -0.0111432 0.4489466 0.8935586 0 0.5494349 0.8355365 0 0.2781006 0.9604552 -0.01363503 0.3417505 0.9397655 0.006893813 0.3420429 0.9396591 0.00689584 0 0.9999927 0.003833711 0.1158238 0.9932569 -0.005065143 0.1204823 0.992685 -0.007773816 0.2311776 0.9728979 0.005164742 0.2311776 0.9728979 0.005164802 0.2311776 0.9728979 0.005164742 0.2304445 0.9730713 0.0052706 0 0.9999927 0.003828346 -0.04036885 0.9990977 -0.0132035 -0.1158338 0.9932432 0.007108271 -0.1158508 0.9932413 0.007115423 -0.1999662 0.979723 -0.01250755 -0.230484 0.9730741 0.001987278 -0.230484 0.9730741 0.001987278 -0.230484 0.9730741 0.001987278 -0.2309026 0.9729748 0.002008557 -0.2309026 0.9729748 0.002008616 -0.2309026 0.9729748 0.002008616 -0.3544843 0.9350573 -0.002955555 -0.3419052 0.9396619 -0.01168799 -0.4999379 0.8659516 -0.01378369 -0.4488955 0.8935625 0.006246089 -0.4492614 0.8933785 0.006251752 -0.7278717 0.6857103 0.002049982 -0.642753 0.7660698 -0.002427756 -0.6324415 0.7745487 -0.009598672 -0.5492663 0.8356242 0.006236612 -0.5493689 0.8355566 0.006238281 -0.7273534 0.6862601 0.002046167 -0.7484183 0.6631119 -0.01235765 -0.8019833 0.5973035 0.007167279 -0.8019833 0.5973035 0.007167339 -0.8019833 0.5973035 0.007167339 -0.8020583 0.5972018 0.007252573 -0.8451434 0.5343766 -0.01320272 -0.8660743 0.4999011 0.003808557 -0.8659039 0.500196 0.003807783 -0.9200479 0.3917676 -0.0054816 -0.9200479 0.3917676 -0.0054816 -0.9200479 0.3917676 -0.0054816 -0.9181628 0.3961195 -0.008155822 -0.9708991 0.2390985 -0.01367139 -0.9579864 0.2867654 0.005261182 -0.9580507 0.2865509 0.005261659 -0.9983126 -0.05806869 0 -0.9983126 0.05806869 0 -0.9966918 0.08049821 -0.01120162 -0.9847739 0.1737061 0.006816089 -0.9847612 0.1737785 0.00681734 2.72106e-6 0 1 0 0 1 8.15998e-6 0 1 2.1764e-5 0 1 2.72015e-6 0 1 -1.49569e-5 0 1 -1.02028e-5 0 1 -8.83847e-6 0 1 8.83843e-6 0 1 1.02028e-5 0 1 1.49562e-5 0 1 -2.72069e-6 0 1 -8.16092e-6 0 1 -2.71973e-6 0 1 -2.72034e-6 0 1 2.72123e-6 0 1 -8.15949e-6 0 1 2.72106e-6 0 1 -1.35972e-6 0 1 4.42126e-6 0 1 3.39986e-6 0 1 -3.39986e-6 0 1 -4.42129e-6 0 1 1.35978e-6 0 1 -2.72051e-6 0 1 8.15849e-6 0 1 -2.72124e-6 0 1 2.71991e-6 0 1 0 0 -1 2.52043e-6 0 -1 1.2598e-6 0 -1 1.0079e-5 0 -1 -8.81885e-6 0 -1 6.30096e-6 0 -1 -1.0079e-5 0 -1 6.77276e-6 0 -1 -6.29989e-6 0 -1 -1.00799e-5 0 -1 3.77976e-6 0 -1 6.30074e-7 0 -1 -1.26017e-6 0 -1 3.77893e-6 0 -1 2.51982e-6 0 -1 -1.25967e-6 0 -1 -7.55973e-6 0 -1 5.03901e-6 0 -1 -2.20469e-6 0 -1 -6.30026e-7 0 -1 -1.0079e-5 0 -1 4.40926e-6 0 -1 -3.14988e-6 0 -1 1.00792e-5 0 -1 -3.78013e-6 0 -1 3.78019e-6 0 -1 2.51965e-6 0 -1 -3.77953e-6 0 -1 0.9919995 0.05851739 0.1118601 0.9519756 0.2851353 0.1115364 0.9519756 0.2851353 0.1115364 0.9519757 0.2851353 0.1115364 0.9124819 0.3934609 0.1120966 0.9124819 0.3934609 0.1120965 0.8604568 0.4971374 0.1116631 0.8604568 0.4971374 0.1116631 0.8604567 0.4971374 0.1116631 0.7227492 0.6820171 0.1117418 0.7227492 0.6820171 0.1117418 0.7227492 0.6820172 0.1117419 0.3398303 0.9338299 0.1117021 0.3398303 0.9338297 0.1117021 0.3398303 0.9338297 0.1117021 0 0.9937494 0.1116347 2.39471e-6 0.9937494 0.1116347 0 0.9937494 0.1116347 -0.2295554 0.9668481 0.111845 -0.2295554 0.9668481 0.111845 -0.2295554 0.9668481 0.111845 -0.4461232 0.8880546 0.1110558 -0.7228071 0.6819863 0.1115554 -0.7970557 0.5934917 0.111669 -0.8604697 0.4971072 0.1116977 -0.9520657 0.2849078 0.1113482 -0.9520658 0.2849078 0.1113482 -0.9520657 0.2849078 0.1113482 -0.9786326 -0.1726586 0.1116573 -0.9786325 -0.1726586 0.1116573 -0.9786325 -0.1726586 0.1116573 -0.8606346 -0.4968055 0.1117696 -0.8606345 -0.4968055 0.1117696 -0.8606346 -0.4968055 0.1117696 -0.7222562 -0.6825829 0.1114748 -0.5459727 -0.8303608 0.1114217 -0.2293623 -0.966928 0.1115496 -0.1154589 -0.9869998 0.1118074 -0.115459 -0.9870002 0.1118031 -0.115459 -0.9870002 0.1118031 0 -0.9937378 0.1117376 0.2292858 -0.9669576 0.1114502 0.2292858 -0.9669576 0.1114503 0.2292857 -0.9669576 0.1114502 0.6387713 -0.7612789 0.1114704 0.8605588 -0.4969033 0.1119189 0.8605588 -0.4969033 0.1119189 0.8605587 -0.4969033 0.1119189 0.09699118 -0.05596148 0.9937107 0.1028252 -0.04435896 0.9937099 0.1027716 -0.04435271 0.9937157 0.3036271 -0.1310149 0.9437403 0.1072822 -0.03213113 0.9937093 0.1072937 -0.03207933 0.9937097 0.3165052 -0.09465479 0.9438564 0.3172314 -0.09496432 0.9435815 0.3172314 -0.09496432 0.9435816 0.3172314 -0.09496432 0.9435815 0.5103607 -0.1528462 0.8462684 0.5103607 -0.1528461 0.8462684 0.5103607 -0.1528462 0.8462684 0.1101894 -0.01941549 0.9937211 0.1103417 -0.01948946 0.9937027 0.3255343 -0.0575 0.9437803 0.3257872 -0.05743271 0.9436972 0.3257872 -0.05743271 0.9436972 0.3257871 -0.05743271 0.9436971 0.5244632 -0.09245884 0.8463981 0.5244632 -0.0924589 0.8463981 0.5244632 -0.09245884 0.8463981 0.5247001 -0.09255063 0.8462412 0.5247002 -0.09255063 0.8462412 0.5247001 -0.09255063 0.8462412 0.6970438 -0.1229545 0.7064079 0.6970438 -0.1229544 0.7064079 0.6970438 -0.1229545 0.7064079 0.1118252 -0.006530404 0.9937064 0.1117671 -0.0064736 0.9937134 0.3300959 -0.0191617 0.9437529 0.3300959 -0.0191617 0.9437529 0.3300959 -0.01916164 0.943753 0.3304665 -0.01926022 0.9436212 0.3304665 -0.01926022 0.9436212 0.3304665 -0.01926022 0.9436212 0.5318313 -0.03099739 0.8462828 0.5318313 -0.03099739 0.846283 0.5318313 -0.03099739 0.846283 0.5315874 -0.0308994 0.8464397 0.5315874 -0.0308994 0.8464397 0.5315874 -0.03089934 0.8464397 0.706521 -0.041058 0.7065001 0.7065833 -0.04112917 0.7064336 0.7065833 -0.04112923 0.7064336 0.7065833 -0.04112923 0.7064336 0.8456779 -0.04935455 0.5314068 0.1117112 0.006526589 0.9937193 0.1118697 0.006480872 0.9937018 0.3303599 0.01919567 0.9436599 0.3303599 0.01919567 0.9436599 0.3303599 0.01919561 0.9436599 0.3302214 0.01924908 0.9437072 0.3302214 0.01924908 0.9437072 0.3302214 0.01924908 0.9437072 0.5315434 0.03098547 0.8464642 0.5315434 0.03098547 0.8464642 0.5315434 0.03098547 0.8464642 0.5317744 0.03090733 0.846322 0.5317745 0.03090733 0.846322 0.5317745 0.03090733 0.8463219 0.7068012 0.04108405 0.7062183 0.7065052 0.04124021 0.7065052 0.8456482 0.04935282 0.5314542 0.8454367 0.04927521 0.5317978 0.8454367 0.04927527 0.5317978 0.8454367 0.04927521 0.5317978 0.9424698 0.05497443 0.3297401 0.9424986 -0.05479228 0.3296881 0.9424987 -0.05479228 0.3296881 0.9424986 -0.05479228 0.3296882 0.929802 -0.1637269 0.329639 0.9297955 -0.1636963 0.3296725 0.8342939 -0.1470358 0.5313515 0.8342939 -0.1470358 0.5313515 0.8669521 -0.3739294 0.3295011 0.866959 -0.3738854 0.3295328 0.7779207 -0.3354927 0.5313041 0.7779207 -0.3354927 0.5313041 0.7779208 -0.3354927 0.5313041 0.7778794 -0.3355867 0.5313051 0.7778794 -0.3355868 0.5313051 0.7778794 -0.3355868 0.5313051 0.6498643 -0.2802207 0.7065076 0.650103 -0.2805531 0.7061558 0.4889075 -0.2108956 0.8464587 0.4889075 -0.2108956 0.8464587 0.4889076 -0.2108957 0.8464589 0.08144688 -0.07684987 0.9937105 0.08143872 -0.07683634 0.9937122 0.2402927 -0.2267323 0.9438495 0.2405657 -0.2269625 0.9437246 0.2405701 -0.2269582 0.9437245 0.2405657 -0.2269625 0.9437246 0.3875278 -0.3656049 0.8462596 0.3876615 -0.3658941 0.8460733 0.5148835 -0.4859578 0.7062153 0.5147896 -0.4857051 0.7064576 0.6161577 -0.581366 0.5313786 0.6161577 -0.5813661 0.5313787 0.6162757 -0.5814135 0.5311897 0.6162757 -0.5814136 0.5311898 0.6162757 -0.5814136 0.5311897 0.6865779 -0.6477746 0.3301498 0.6865625 -0.6479923 0.3297546 0.0383085 -0.1053317 0.9936991 0.03829604 -0.1052293 0.9937103 0.1131551 -0.3108167 0.9437102 0.1131551 -0.3108167 0.9437102 0.1131551 -0.3108167 0.9437102 0.1130457 -0.3105854 0.9437994 0.1822173 -0.5006833 0.8462346 0.1822754 -0.5005202 0.8463187 0.2422041 -0.6651341 0.7063525 0.2421895 -0.6652467 0.7062515 0.2897781 -0.7959939 0.5314342 0.2898029 -0.7962847 0.5309849 0.2898029 -0.7962847 0.5309849 0.289803 -0.7962847 0.530985 0.322957 -0.8870551 0.3298971 0.3230825 -0.8868246 0.3303937 -0.05034279 -0.1001384 0.9936992 -0.05024838 -0.1001053 0.9937072 -0.1485407 -0.2958514 0.9436142 -0.1485406 -0.2958514 0.9436141 -0.1484633 -0.2957472 0.943659 -0.1484633 -0.2957472 0.943659 -0.238983 -0.4761052 0.8462926 -0.2392364 -0.4762302 0.8461506 -0.317713 -0.632454 0.7064421 -0.3176094 -0.632437 0.7065039 -0.3801524 -0.7569948 0.5314539 -0.3803075 -0.7570481 0.5312668 -0.4237727 -0.8435742 0.3298475 -0.4235277 -0.8435242 0.3302899 -0.08980721 -0.06687706 0.9937114 -0.08979552 -0.06687915 0.9937123 -0.265257 -0.1974682 0.94374 -0.2652571 -0.1974682 0.94374 -0.2652571 -0.1974682 0.94374 -0.2653912 -0.1975801 0.9436788 -0.2653912 -0.1975801 0.9436788 -0.4271401 -0.3179922 0.8464233 -0.42714 -0.3179923 0.8464233 -0.42714 -0.3179922 0.8464233 -0.4275127 -0.3181137 0.8461896 -0.4275126 -0.3181137 0.8461895 -0.4275126 -0.3181138 0.8461895 -0.5680195 -0.4225803 0.7062435 -0.5674961 -0.4225092 0.7067065 -0.6795327 -0.5059249 0.531296 -0.6795327 -0.5059249 0.5312959 -0.6795327 -0.5059248 0.531296 -0.6795021 -0.5058532 0.5314033 -0.7570515 -0.5637594 0.330225 -0.7573387 -0.5636988 0.3296694 -0.7573387 -0.5636988 0.3296694 -0.1072103 -0.03211116 0.9937177 -0.107275 -0.03211462 0.9937106 -0.3169573 -0.09491962 0.9436781 -0.3169573 -0.09491968 0.9436782 -0.3170689 -0.09492349 0.9436403 -0.3170689 -0.09492349 0.9436403 -0.3170689 -0.09492349 0.9436403 -0.5102688 -0.152775 0.8463367 -0.5102688 -0.1527751 0.8463367 -0.5102688 -0.1527751 0.8463366 -0.5103298 -0.1527479 0.8463048 -0.5103297 -0.1527478 0.8463047 -0.5103297 -0.1527479 0.8463048 -0.6779191 -0.2029127 0.7065778 -0.677719 -0.2029737 0.7067522 -0.8117873 -0.242798 0.5310845 -0.8117873 -0.2427981 0.5310845 -0.8117873 -0.2427981 0.5310845 -0.8115838 -0.2429581 0.5313223 -0.9043321 -0.2707173 0.3299936 -0.9041233 -0.270856 0.3304517 -0.1102747 0.01944077 0.993711 -0.1102787 0.01943349 0.9937107 -0.3258193 0.05742645 0.9436865 -0.3258193 0.05742651 0.9436865 -0.3258193 0.05742645 0.9436865 -0.3260973 0.05745369 0.9435888 -0.3260973 0.05745375 0.9435888 -0.3260973 0.05745375 0.9435888 -0.5243703 0.09242713 0.8464592 -0.5243703 0.09242719 0.8464592 -0.5243703 0.09242713 0.8464591 -0.5248808 0.09268379 0.8461146 -0.6969256 0.1228775 0.7065379 -0.6969257 0.1228775 0.7065379 -0.696725 0.1226878 0.7067688 -0.8342549 0.1469348 0.5314405 -0.8344363 0.1470789 0.5311157 -0.9296119 0.1639071 0.330085 -0.9296119 0.1639071 0.330085 -0.9296119 0.163907 0.330085 -0.9295692 0.163865 0.3302263 -0.9295692 0.163865 0.3302263 -0.9295692 0.163865 0.3302263 -0.06154084 0.09353911 0.9937119 -0.06153315 0.09364694 0.9937022 -0.1816045 0.276326 0.9437499 -0.181576 0.2761022 0.9438209 -0.2926856 0.4450926 0.8463025 -0.2926129 0.4448069 0.8464778 -0.2926129 0.4448069 0.8464778 -0.3890388 0.5916939 0.7060788 -0.3889991 0.5911377 0.7065664 -0.4655045 0.7077918 0.5313534 -0.4655721 0.7078428 0.5312263 -0.5187289 0.7886663 0.330039 -0.5188086 0.7886849 0.3298696 -0.5188048 0.7886874 0.3298697 -0.5188085 0.7886849 0.3298696 -0.01297473 0.1112164 0.9937115 -0.01299887 0.1111768 0.9937157 -0.03842532 0.328665 0.9436646 -0.03842532 0.328665 0.9436646 -0.03836798 0.3286306 0.9436789 -0.03836792 0.3286306 0.9436789 -0.03836792 0.3286306 0.9436789 -0.06180828 0.5294621 0.8460789 -0.06189161 0.5291966 0.846239 -0.08222812 0.7027643 0.7066547 -0.08222812 0.7027643 0.7066547 -0.08222806 0.7027643 0.7066548 -0.08231127 0.7029463 0.7064641 -0.09836131 0.8415025 0.5312237 -0.09836137 0.8415025 0.5312237 -0.09836137 0.8415025 0.5312237 -0.09821707 0.8415818 0.531125 -0.1094252 0.937702 0.3297596 -0.1095478 0.937552 0.3301445 0.02581793 0.1089521 0.9937118 0.02585995 0.1090098 0.9937043 0.07632315 0.3220164 0.9436526 0.07632315 0.3220164 0.9436526 0.07632315 0.3220164 0.9436526 0.07628673 0.3216279 0.9437881 0.1227759 0.5182342 0.8463802 0.1227759 0.5182343 0.8463802 0.1228768 0.5184749 0.8462182 0.1632654 0.6888934 0.7062368 0.1630665 0.6886655 0.7065049 0.1953636 0.824294 0.5313873 0.1953636 0.824294 0.5313873 0.1953635 0.824294 0.5313873 0.1953974 0.824244 0.5314525 0.2177736 0.9185894 0.3298003 0.2176798 0.9185746 0.3299033 0.0720219 0.08580714 0.9937052 0.0719828 0.08580112 0.9937086 0.212468 0.2531397 0.9438102 0.2125734 0.2533808 0.9437217 0.3423973 0.4082505 0.8462243 0.3427121 0.4083557 0.8460462 0.4551908 0.5424456 0.7060836 0.4549704 0.5423334 0.7063118 0.5443147 0.6488501 0.5317096 0.5443928 0.6489239 0.5315397 0.5443927 0.6489239 0.5315397 0.5443927 0.6489239 0.5315396 0.6065876 0.7233038 0.3299746 0.6067392 0.723274 0.329761 0.9517683 -0.2856225 0.1120583 0.9517683 -0.2856225 0.1120583 0.9517683 -0.2856225 0.1120584 0.9786561 -0.1724667 0.1117476 0.9786562 -0.1724667 0.1117476 0.9786561 -0.1724666 0.1117476 0.9786705 -0.1723259 0.1118391 0.9920158 -0.05818402 0.1118898 0.9920158 -0.05818402 0.1118898 0.9920158 -0.05818402 0.1118898 0.9919834 -0.05803036 0.1122561 0.9920877 -0.05762898 0.1115398 0.9519846 -0.2849747 0.1118693 0.9519847 -0.2849748 0.1118693 0.9519846 -0.2849747 0.1118693 0.9519826 -0.2850465 0.1117035 0.9519826 -0.2850465 0.1117035 0.9519826 -0.2850465 0.1117035 0.9043676 -0.2707765 0.3298473 0.9043676 -0.2707766 0.3298473 0.9044167 -0.2709044 0.3296077 0.8114764 -0.2430297 0.5314532 0.8114764 -0.2430297 0.5314532 0.8114964 -0.2430409 0.5314176 0.8114964 -0.243041 0.5314176 0.6782986 -0.2032519 0.7061159 0.9124217 -0.3936292 0.1119951 0.9124217 -0.3936292 0.1119951 0.9124217 -0.3936292 0.1119951 0.9125097 -0.3935178 0.1116693 0.9125095 -0.3935179 0.1116693 0.9125096 -0.3935179 0.1116693 0.912419 -0.3936927 0.1117933 0.912419 -0.3936927 0.1117933 0.912419 -0.3936927 0.1117933 0.8604737 -0.4970496 0.1119231 0.8604737 -0.4970496 0.1119231 0.8604737 -0.4970496 0.1119232 0.8605027 -0.4969658 0.1120712 0.8175752 -0.4721344 0.3296363 0.8175752 -0.4721344 0.3296363 0.8175752 -0.4721344 0.3296363 0.8174621 -0.4722017 0.3298202 0.817462 -0.4722017 0.3298202 0.7335823 -0.4235291 0.5314887 0.7334652 -0.4233735 0.5317742 0.6127362 -0.3536952 0.7067207 0.6129107 -0.3539317 0.7064509 0.4612244 -0.2662768 0.8463857 0.4612244 -0.2662768 0.8463857 0.4612245 -0.2662768 0.8463857 0.4612123 -0.2662999 0.8463851 0.4612124 -0.2662999 0.8463851 0.4612123 -0.2662999 0.8463851 0.2865805 -0.1654311 0.9436654 0.2865805 -0.1654311 0.9436654 0.08983963 -0.06692695 0.9937051 0.08979153 -0.06687188 0.9937131 0.2654167 -0.1975467 0.9436786 0.2654167 -0.1975467 0.9436787 0.265372 -0.1975131 0.9436983 0.265372 -0.1975131 0.9436983 0.4273532 -0.3180332 0.8463004 0.4273532 -0.3180332 0.8463004 0.4273532 -0.3180332 0.8463004 0.4275088 -0.3180096 0.8462305 0.5677821 -0.4225996 0.7064228 0.5677821 -0.4225996 0.7064228 0.5677821 -0.4225996 0.7064228 0.5678328 -0.4227636 0.7062839 0.6794359 -0.5058301 0.5315099 0.6794152 -0.5057793 0.5315847 0.7572795 -0.5637411 0.3297329 0.7572795 -0.5637412 0.329733 0.7573748 -0.5633667 0.3301537 0.7972999 -0.5930636 0.1121988 0.79714 -0.5934255 0.1114193 0.79714 -0.5934255 0.1114193 0.79714 -0.5934255 0.1114193 0.7226985 -0.6821132 0.1114827 0.7226756 -0.6820875 0.1117886 0.7226756 -0.6820874 0.1117886 0.723007 -0.6817769 0.1115406 0.723007 -0.6817769 0.1115406 0.7230069 -0.6817769 0.1115406 0.6386057 -0.7613932 0.1116387 0.6386611 -0.7613336 0.1117286 0.6067641 -0.7231643 0.3299555 0.6067641 -0.7231643 0.3299555 0.6067642 -0.7231643 0.3299555 0.6067303 -0.723055 0.3302576 0.6067257 -0.7230588 0.3302575 0.6067304 -0.7230549 0.3302576 0.5444163 -0.648756 0.5317205 0.5445415 -0.6490013 0.5312926 0.5445415 -0.6490013 0.5312927 0.4548596 -0.5420321 0.7066145 0.4548465 -0.5422104 0.7064861 0.3424181 -0.4081377 0.8462704 0.3424181 -0.4081377 0.8462704 0.3424181 -0.4081377 0.8462703 0.3423868 -0.4081152 0.846294 0.3423868 -0.4081152 0.846294 0.3423867 -0.4081152 0.8462939 0.2123611 -0.2531746 0.943825 0.2127187 -0.2534971 0.9436579 0.2127187 -0.2534971 0.9436579 0.07201808 -0.08581429 0.9937049 0.0720064 -0.08574676 0.9937115 0.06157207 -0.09358203 0.9937058 0.06157529 -0.0936194 0.9937021 0.1818339 -0.276503 0.9436538 0.181834 -0.276503 0.9436538 0.181834 -0.276503 0.9436538 0.1818875 -0.2764741 0.943652 0.1818875 -0.2764741 0.943652 0.2927024 -0.4449613 0.8463656 0.2927024 -0.4449613 0.8463656 0.292863 -0.4450005 0.8462895 0.3889402 -0.591037 0.7066829 0.3889215 -0.5914197 0.706373 0.3889215 -0.5914198 0.706373 0.4655284 -0.707817 0.5312988 0.4655284 -0.707817 0.5312988 0.465256 -0.7078841 0.531448 0.5187041 -0.7887406 0.3299006 0.5187041 -0.7887405 0.3299006 0.5187041 -0.7887406 0.3299006 0.5187115 -0.7886846 0.330023 0.5187115 -0.7886846 0.3300229 0.5462345 -0.8301603 0.1116327 0.5462648 -0.8301361 0.1116642 0.05030739 -0.1001211 0.9937027 0.05027085 -0.1001486 0.9937018 0.1484462 -0.2956061 0.9437059 0.1484462 -0.2956062 0.9437059 0.1484462 -0.2956061 0.9437059 0.148316 -0.2953115 0.9438186 0.2391059 -0.4760654 0.8462802 0.2389534 -0.4758036 0.8464705 0.2389535 -0.4758036 0.8464705 0.3175765 -0.632435 0.7065204 0.3175765 -0.632435 0.7065204 0.3177465 -0.6325375 0.7063523 0.380232 -0.7572598 0.531019 0.380232 -0.7572599 0.531019 0.3802321 -0.7572598 0.531019 0.3802416 -0.7572269 0.531059 0.3802416 -0.7572269 0.531059 0.4236663 -0.8435008 0.3301716 0.4236664 -0.8435008 0.3301715 0.4236663 -0.8435008 0.3301715 0.4235234 -0.8436913 0.3298682 0.4458089 -0.8881388 0.1116423 0.4459598 -0.8880124 0.1120435 0.340186 -0.9337959 0.1108997 0.3398375 -0.9338351 0.1116357 0.3398376 -0.9338351 0.1116357 0.3398376 -0.9338352 0.1116356 0.339652 -0.933864 0.1119582 0.339652 -0.933864 0.1119582 0.339652 -0.933864 0.1119582 0.2290579 -0.9669979 0.1115687 0.2290579 -0.9669979 0.1115688 0.2290579 -0.9669979 0.1115688 0.2291598 -0.9669525 0.1117527 0.22916 -0.9669526 0.1117527 0.2291599 -0.9669525 0.1117527 0.2176987 -0.9185975 0.3298272 0.2176988 -0.9185975 0.3298273 0.2176988 -0.9185975 0.3298273 0.217702 -0.9184227 0.3303113 0.1954455 -0.8241015 0.5316558 0.1954454 -0.8241016 0.5316557 0.1951661 -0.8242691 0.5314984 0.1631168 -0.688921 0.7062441 0.1631101 -0.6889034 0.7062628 0.1228033 -0.5181704 0.8464153 0.1228033 -0.5181704 0.8464154 0.1228033 -0.5181704 0.8464154 0.122896 -0.5182653 0.8463437 0.0763216 -0.3220931 0.9436265 0.0763216 -0.3220931 0.9436265 0.07632154 -0.3220931 0.9436266 0.07632291 -0.3219205 0.9436854 0.07632291 -0.3219205 0.9436854 0.07632291 -0.3219205 0.9436854 0.02583444 -0.1090006 0.993706 0.02586871 -0.10896 0.9937096 0.01297008 -0.1112794 0.9937046 0.01301425 -0.1111342 0.9937202 0.03843444 -0.3285116 0.9437177 0.03843438 -0.3285116 0.9437177 0.03843444 -0.3285116 0.9437176 0.03843992 -0.3286221 0.9436789 0.03843992 -0.3286221 0.943679 0.03843992 -0.3286221 0.9436789 0.06184965 -0.5288699 0.8464462 0.06184953 -0.5288699 0.8464462 0.06184953 -0.52887 0.8464462 0.06182348 -0.5292236 0.8462272 0.06182348 -0.5292235 0.8462271 0.06182348 -0.5292236 0.8462271 0.08213299 -0.70313 0.7063019 0.08230108 -0.7027476 0.7066629 0.09825903 -0.8414247 0.5313659 0.09825897 -0.8414247 0.5313659 0.09825897 -0.8414247 0.5313659 0.09832584 -0.8413996 0.5313932 0.109597 -0.9376924 0.3297293 0.109597 -0.9376924 0.3297293 0.1095971 -0.9376925 0.3297293 0.1095796 -0.9376609 0.329825 0.1095796 -0.9376609 0.329825 0.115379 -0.9870373 0.1115583 0.115443 -0.9870141 0.1116966 0 -0.9937371 0.1117441 0 -0.9937388 0.1117289 0 -0.9439151 0.3301884 0 -0.9440683 0.3297504 0 -0.9440683 0.3297504 0 -0.9440683 0.3297504 0 -0.8470775 0.5314693 0 -0.8470801 0.5314652 0 -0.707543 0.7066703 0 -0.7075509 0.7066625 0 -0.5328334 0.8462203 0 -0.5328334 0.8462203 0 -0.5328334 0.8462202 0 -0.5327478 0.8462741 0 -0.5327478 0.8462741 0 -0.5327479 0.8462741 0 -0.3310807 0.9436025 0 -0.3310807 0.9436025 0 -0.3310807 0.9436025 0 -0.3309984 0.9436314 0 -0.3309984 0.9436314 0 -0.3309984 0.9436314 0 -0.1118881 0.9937208 0 -0.1118872 0.993721 -0.1156431 -0.9870124 0.1115047 -0.1156431 -0.9870124 0.1115047 -0.1156431 -0.9870124 0.1115047 -0.1153478 -0.9870188 0.1117535 -0.1153477 -0.9870188 0.1117535 -0.1153478 -0.9870188 0.1117535 -0.1095703 -0.9375357 0.3301836 -0.1096087 -0.9376894 0.3297343 -0.1096086 -0.9376894 0.3297343 -0.1096086 -0.9376894 0.3297343 -0.09837812 -0.8413646 0.5314392 -0.09837812 -0.8413645 0.5314391 -0.09837812 -0.8413645 0.5314391 -0.09851366 -0.8413568 0.5314263 -0.0823251 -0.7030746 0.7063347 -0.08205831 -0.7027378 0.7067009 -0.06179314 -0.5289852 0.8463784 -0.0617932 -0.5289852 0.8463784 -0.0617932 -0.5289852 0.8463784 -0.06188458 -0.5292453 0.846209 -0.06188458 -0.5292453 0.846209 -0.06188458 -0.5292453 0.846209 -0.03843539 -0.3286491 0.9436697 -0.03843545 -0.3286491 0.9436697 -0.03843539 -0.3286491 0.9436697 -0.03844219 -0.3286327 0.9436752 -0.03844219 -0.3286327 0.9436752 -0.03844219 -0.3286327 0.9436752 -0.01305562 -0.1112668 0.9937048 -0.01291638 -0.1111338 0.9937216 -0.2294968 -0.9669218 0.1113256 -0.2294968 -0.9669218 0.1113256 -0.2294968 -0.9669219 0.1113256 -0.2291548 -0.966971 0.1116023 -0.2291549 -0.9669712 0.1116023 -0.2291548 -0.966971 0.1116023 -0.2176439 -0.9184761 0.3302015 -0.2176877 -0.9184792 0.3301638 -0.1954848 -0.824447 0.5311056 -0.1954846 -0.8244469 0.5311056 -0.1952263 -0.8242781 0.5314624 -0.1952263 -0.8242781 0.5314624 -0.1952263 -0.8242781 0.5314624 -0.1631052 -0.6889271 0.7062409 -0.163081 -0.6888618 0.7063102 -0.1226754 -0.5182121 0.8464083 -0.1230438 -0.5186528 0.8460848 -0.07631993 -0.3216282 0.9437853 -0.07631951 -0.3219755 0.9436668 -0.07631951 -0.3219755 0.9436668 -0.02584975 -0.1089639 0.9937096 -0.02587783 -0.1089983 0.9937051 -0.03823924 -0.1052491 0.9937105 -0.03831797 -0.1053169 0.9937003 -0.1130636 -0.3106231 0.9437849 -0.113228 -0.3110629 0.9436203 -0.113228 -0.3110629 0.9436203 -0.113228 -0.3110629 0.9436203 -0.1821041 -0.500387 0.8464342 -0.1823326 -0.5005827 0.8462693 -0.2423059 -0.665212 0.7062441 -0.2421159 -0.6651031 0.7064119 -0.2898451 -0.7961938 0.5310983 -0.2898451 -0.7961938 0.5310983 -0.2897512 -0.7962668 0.5310399 -0.2897511 -0.7962668 0.53104 -0.2897512 -0.7962669 0.53104 -0.322925 -0.88695 0.3302107 -0.3230821 -0.8869992 0.3299251 -0.3399128 -0.9338232 0.1115062 -0.3399127 -0.9338232 0.1115062 -0.3398003 -0.9338253 0.1118316 -0.4460365 -0.8879831 0.1119716 -0.4460365 -0.8879831 0.1119716 -0.4460758 -0.8879638 0.1119672 -0.446213 -0.8879044 0.1118921 -0.446213 -0.8879044 0.1118921 -0.446213 -0.8879044 0.1118921 -0.5466836 -0.8298969 0.111393 -0.5461263 -0.8302003 0.111864 -0.5187385 -0.7887655 0.3297869 -0.5187385 -0.7887655 0.3297869 -0.5187707 -0.7887424 0.3297918 -0.5187707 -0.7887423 0.3297919 -0.5187707 -0.7887424 0.3297919 -0.4654812 -0.7078372 0.5313133 -0.4654811 -0.7078372 0.5313133 -0.4654707 -0.70788 0.5312654 -0.3887483 -0.5911731 0.7066748 -0.3888926 -0.5912322 0.7065459 -0.2927104 -0.4450028 0.8463411 -0.2927104 -0.4450027 0.8463411 -0.2927104 -0.4450027 0.846341 -0.2928642 -0.4452475 0.8461591 -0.1818977 -0.2764838 0.9436472 -0.1818976 -0.2764838 0.9436472 -0.1818981 -0.2764835 0.9436472 -0.1818301 -0.2764921 0.9436578 -0.1818302 -0.2764921 0.9436578 -0.1818302 -0.2764921 0.9436578 -0.06147092 -0.09355223 0.993715 -0.06158947 -0.09358531 0.9937044 -0.07200747 -0.08575785 0.9937105 -0.07200938 -0.08577013 0.9937093 -0.2126041 -0.2532272 0.9437561 -0.2126771 -0.2534415 0.9436821 -0.2126772 -0.2534415 0.9436821 -0.2126772 -0.2534415 0.9436821 -0.3424975 -0.408244 0.8461869 -0.342351 -0.4079458 0.8463901 -0.342351 -0.4079459 0.8463901 -0.4548297 -0.5420341 0.7066321 -0.4550176 -0.5421075 0.7064549 -0.5444672 -0.6487142 0.5317193 -0.5446408 -0.6489989 0.5311937 -0.5446409 -0.6489989 0.5311937 -0.6067953 -0.7231297 0.3299742 -0.6067953 -0.7231297 0.3299742 -0.6067343 -0.7233031 0.329706 -0.6386773 -0.7613725 0.1113709 -0.6386366 -0.7613934 0.1114615 -0.7228241 -0.6819353 0.1117568 -0.7228242 -0.6819353 0.1117568 -0.7227736 -0.6820092 0.1116325 -0.6865273 -0.6477972 0.3302105 -0.6867734 -0.6477766 0.329739 -0.6161674 -0.5813456 0.5313897 -0.6161674 -0.5813457 0.5313897 -0.6161674 -0.5813457 0.5313898 -0.6162533 -0.5813204 0.5313178 -0.5149872 -0.4858725 0.7061983 -0.5147217 -0.4858144 0.7064319 -0.3872624 -0.3653253 0.8465018 -0.3872624 -0.3653253 0.8465018 -0.3872624 -0.3653253 0.8465018 -0.387552 -0.3657482 0.8461866 -0.2405131 -0.2269544 0.94374 -0.2405131 -0.2269544 0.94374 -0.2406517 -0.2270532 0.9436808 -0.2406517 -0.2270532 0.9436808 -0.2406517 -0.2270532 0.9436808 -0.08147227 -0.0768463 0.9937087 -0.08145141 -0.07685273 0.9937099 -0.7970737 -0.5934316 0.1118595 -0.7970737 -0.5934317 0.1118595 -0.7970737 -0.5934317 0.1118596 -0.7971078 -0.5934032 0.1117675 -0.7971078 -0.5934033 0.1117676 -0.7971077 -0.5934033 0.1117676 -0.7971385 -0.5933591 0.1117823 -0.7971385 -0.5933591 0.1117823 -0.7971385 -0.5933591 0.1117823 -0.8605307 -0.4971128 0.1112021 -0.8605713 -0.4970444 0.111193 -0.8173532 -0.4720677 0.3302815 -0.8176112 -0.4719818 0.3297656 -0.8176112 -0.4719817 0.3297656 -0.8176112 -0.4719817 0.3297656 -0.7339056 -0.4234086 0.5311383 -0.7336345 -0.4235998 0.5313602 -0.7336345 -0.4235998 0.5313602 -0.6127527 -0.3538234 0.7066422 -0.6129519 -0.3538348 0.7064636 -0.6129519 -0.3538348 0.7064636 -0.4614799 -0.2664727 0.8461849 -0.4617073 -0.266504 0.8460509 -0.2864092 -0.1652809 0.9437437 -0.2864182 -0.1653798 0.9437236 -0.09700143 -0.05601638 0.9937067 -0.09696185 -0.05601567 0.9937106 -0.1029096 -0.04433023 0.9937024 -0.1027823 -0.04433435 0.9937155 -0.3036177 -0.1309331 0.9437547 -0.3038181 -0.1310419 0.9436751 -0.3038183 -0.1310414 0.9436751 -0.3038181 -0.1310419 0.9436751 -0.4892853 -0.2110796 0.8461946 -0.4891648 -0.2109911 0.8462864 -0.4891647 -0.2109911 0.8462864 -0.4891647 -0.2109911 0.8462864 -0.6496583 -0.2801955 0.706707 -0.6497693 -0.2801775 0.706612 -0.7777628 -0.3357797 0.5313541 -0.7777627 -0.3357796 0.5313541 -0.7777627 -0.3357796 0.5313541 -0.7777685 -0.335556 0.5314869 -0.8666631 -0.3739205 0.3302705 -0.8668019 -0.3738604 0.3299742 -0.9125319 -0.3935766 0.1112799 -0.9123764 -0.393764 0.111889 -0.9519657 -0.2851219 0.1116546 -0.9519658 -0.2851219 0.1116546 -0.951964 -0.2849313 0.1121549 -0.951964 -0.2849312 0.1121549 -0.9520314 -0.2847251 0.1121058 -0.9520315 -0.2847251 0.1121058 -0.9520314 -0.2847251 0.1121057 -0.9786776 -0.1725714 0.1113978 -0.9786378 -0.1725241 0.1118196 -0.9786378 -0.1725241 0.1118196 -0.9786378 -0.1725242 0.1118196 -0.9295966 -0.1638723 0.3301457 -0.9295966 -0.1638723 0.3301457 -0.9295966 -0.1638723 0.3301457 -0.9295843 -0.1638749 0.3301789 -0.9295843 -0.1638749 0.3301789 -0.9295843 -0.1638749 0.3301789 -0.8344256 -0.147143 0.5311148 -0.8344256 -0.147143 0.5311148 -0.8344256 -0.147143 0.5311147 -0.8343651 -0.1469558 0.5312617 -0.6969612 -0.122911 0.706497 -0.6969613 -0.122911 0.706497 -0.6969612 -0.122911 0.706497 -0.6970043 -0.122865 0.7064626 -0.6970043 -0.122865 0.7064626 -0.6970043 -0.1228649 0.7064625 -0.5247672 -0.09266185 0.8461875 -0.5248262 -0.09263938 0.8461534 -0.3258121 -0.057455 0.9436872 -0.3258121 -0.057455 0.9436872 -0.3258121 -0.05745494 0.9436872 -0.3256365 -0.05737286 0.9437528 -0.1103065 -0.01943278 0.9937077 -0.1102287 -0.01944291 0.9937162 -0.1117672 -0.006523966 0.993713 -0.1117904 -0.006526648 0.9937104 -0.3301671 -0.01927483 0.9437257 -0.3301671 -0.01927483 0.9437257 -0.3301671 -0.01927489 0.9437257 -0.3304682 -0.01925843 0.9436206 -0.3304682 -0.01925843 0.9436206 -0.3304682 -0.01925843 0.9436206 -0.5315369 -0.03098136 0.8464684 -0.5315369 -0.03098136 0.8464684 -0.5315369 -0.03098136 0.8464684 -0.5316225 -0.03099304 0.8464142 -0.5316225 -0.0309931 0.8464142 -0.5316225 -0.03099304 0.8464142 -0.7066016 -0.04117357 0.7064127 -0.7066016 -0.04117363 0.7064127 -0.7066016 -0.04117357 0.7064127 -0.7065061 -0.04120975 0.7065061 -0.8456217 -0.04933094 0.5314984 -0.8456554 -0.04931271 0.5314465 -0.9422066 -0.05494815 0.3304959 -0.9423631 -0.05509555 0.330025 -0.942363 -0.05509555 0.330025 -0.942363 -0.05509555 0.330025 -0.992042 -0.05780476 0.1118545 -0.992042 -0.0578047 0.1118545 -0.992042 -0.05780476 0.1118545 -0.9920815 -0.05770909 0.1115527 -0.1118131 0.006529688 0.9937079 -0.1117827 0.006524801 0.9937113 -0.330346 0.01929271 0.9436628 -0.3303459 0.01929271 0.9436628 -0.3303459 0.01929271 0.9436628 -0.3304232 0.01925843 0.9436364 -0.3304231 0.01925837 0.9436364 -0.3304232 0.01925837 0.9436364 -0.5317504 0.03099656 0.8463337 -0.5317504 0.03099662 0.8463337 -0.5317505 0.03099662 0.8463337 -0.5320047 0.03090655 0.8461772 -0.7064949 0.04105293 0.7065265 -0.7064608 0.04120552 0.7065517 -0.7064608 0.04120546 0.7065517 -0.7064609 0.04120546 0.7065517 -0.8456348 0.04934424 0.5314763 -0.8456631 0.04932045 0.5314334 -0.9423669 0.05497831 0.3300334 -0.9423422 0.05492687 0.3301126 -0.9423422 0.05492693 0.3301126 -0.9423422 0.05492693 0.3301126 -0.9920551 0.05797624 0.1116495 -0.9920551 0.05797624 0.1116495 -0.9920551 0.05797624 0.1116495 -0.9920985 0.05770939 0.1114016 -0.9786749 0.1725352 0.1114766 -0.9786749 0.1725352 0.1114766 -0.9786749 0.1725351 0.1114766 -0.9786108 0.1726904 0.1117995 -0.9786108 0.1726904 0.1117995 -0.9786098 0.1726484 0.1118731 -0.9786098 0.1726484 0.1118731 -0.9786092 0.1726515 0.111873 -0.9519531 0.2849974 0.1120798 -0.9519533 0.2849964 0.1120804 -0.9519531 0.2849974 0.1120799 -0.9519321 0.2851356 0.1119071 -0.9519321 0.2851357 0.1119071 -0.9519321 0.2851356 0.1119071 -0.9042742 0.2708959 0.3300057 -0.9041655 0.2706146 0.3305339 -0.8117429 0.2429407 0.531087 -0.8117429 0.2429407 0.531087 -0.8117429 0.2429407 0.5310871 -0.811653 0.2431156 0.5311444 -0.6778539 0.2030404 0.7066037 -0.6778886 0.2029271 0.7066031 -0.6778885 0.2029271 0.7066031 -0.6778885 0.2029271 0.7066031 -0.5101591 0.1526941 0.8464173 -0.510159 0.1526941 0.8464173 -0.5101591 0.1526941 0.8464173 -0.5105772 0.1529244 0.8461237 -0.317109 0.09496355 0.9436228 -0.3171089 0.09496349 0.9436227 -0.317109 0.09496349 0.9436228 -0.3166766 0.09483438 0.9437809 -0.1072751 0.03211981 0.9937104 -0.1072632 0.03212881 0.9937114 -0.1027964 0.04430395 0.9937153 -0.102858 0.04435563 0.9937067 -0.3039284 0.1311104 0.94363 -0.3039284 0.1311104 0.9436301 -0.3039284 0.1311104 0.9436301 -0.3035194 0.1308761 0.9437942 -0.4889811 0.2108502 0.8464277 -0.4889811 0.2108501 0.8464277 -0.488981 0.2108501 0.8464276 -0.489047 0.2109623 0.8463616 -0.4890469 0.2109624 0.8463616 -0.489047 0.2109623 0.8463616 -0.6497247 0.2802295 0.7066323 -0.649829 0.2803422 0.7064918 -0.649829 0.2803422 0.7064918 -0.649829 0.2803422 0.7064918 -0.7778485 0.335339 0.5315068 -0.7779735 0.3356781 0.5311097 -0.7779735 0.3356782 0.5311097 -0.8667264 0.3740531 0.3299542 -0.8666867 0.3738628 0.3302739 -0.91246 0.39362 0.1117138 -0.9124552 0.393652 0.1116411 -0.8606559 0.4967606 0.1118063 -0.8606251 0.4968643 0.1115815 -0.8176892 0.4720492 0.3294755 -0.8175118 0.4719856 0.3300064 -0.8175119 0.4719856 0.3300064 -0.8175117 0.4719856 0.3300063 -0.7337113 0.4234583 0.5313669 -0.7337114 0.4234583 0.5313669 -0.7337113 0.4234583 0.5313669 -0.7337672 0.4236077 0.5311707 -0.7337672 0.4236077 0.5311707 -0.7337672 0.4236076 0.5311707 -0.6127952 0.3539468 0.7065436 -0.6128515 0.3538247 0.7065558 -0.6128516 0.3538248 0.7065558 -0.4616461 0.2665011 0.8460851 -0.4613149 0.2663235 0.8463217 -0.4613149 0.2663235 0.8463217 -0.2864164 0.1653631 0.9437271 -0.2864164 0.1653631 0.9437271 -0.2864164 0.1653631 0.9437271 -0.2866394 0.1654357 0.9436467 -0.2866393 0.1654357 0.9436467 -0.2866393 0.1654357 0.9436467 -0.09697312 0.05599999 0.9937103 -0.09700548 0.05603384 0.9937053 -0.7970626 0.593451 0.1118354 -0.7970626 0.593451 0.1118354 -0.797081 0.5934324 0.1118028 -0.797081 0.5934325 0.1118028 -0.7970811 0.5934325 0.1118028 -0.7572398 0.5638192 0.3296907 -0.7572398 0.5638192 0.3296906 -0.7572397 0.5638192 0.3296906 -0.7572483 0.5639178 0.3295024 -0.679342 0.5058721 0.5315901 -0.6794787 0.5058853 0.5314028 -0.6794788 0.5058853 0.5314027 -0.5675456 0.4225804 0.7066243 -0.5675455 0.4225804 0.7066243 -0.5676751 0.4225311 0.7065497 -0.4271672 0.3180474 0.8463889 -0.4271672 0.3180473 0.8463888 -0.4271672 0.3180474 0.8463888 -0.4271414 0.3180975 0.846383 -0.4271403 0.3180993 0.846383 -0.4271414 0.3180975 0.846383 -0.2652975 0.1975399 0.9437136 -0.2652975 0.1975399 0.9437136 -0.2652975 0.1975399 0.9437136 -0.2653037 0.1975055 0.943719 -0.2653037 0.1975055 0.943719 -0.2653037 0.1975055 0.943719 -0.08979362 0.06687057 0.993713 -0.08980494 0.06688284 0.9937111 -0.7232989 0.6814854 0.1114293 -0.7229141 0.6819108 0.111324 -0.6867219 0.6478249 0.3297514 -0.6867282 0.6477195 0.3299453 -0.616146 0.5813159 0.5314471 -0.6161461 0.5813158 0.5314471 -0.6161461 0.5813158 0.5314471 -0.6159743 0.5813331 0.5316273 -0.5148669 0.4858829 0.706279 -0.5148289 0.4857973 0.7063655 -0.3876094 0.3657459 0.8461613 -0.3875097 0.3655892 0.8462746 -0.240688 0.2270368 0.9436755 -0.240688 0.2270368 0.9436755 -0.240688 0.2270368 0.9436755 -0.240687 0.2271044 0.9436596 -0.240687 0.2271044 0.9436596 -0.240687 0.2271044 0.9436596 -0.08151698 0.0768885 0.9937018 -0.08146625 0.0768209 0.9937112 -0.07200878 0.08583027 0.9937041 -0.07199859 0.08574503 0.9937123 -0.2126737 0.2534146 0.9436901 -0.2126737 0.2534146 0.9436901 -0.2126738 0.2534146 0.9436901 -0.2125356 0.2533058 0.9437505 -0.3425478 0.4082833 0.8461477 -0.3422442 0.4079058 0.8464525 -0.3422443 0.4079058 0.8464525 -0.4548854 0.542166 0.7064951 -0.4548854 0.542166 0.7064951 -0.4548854 0.5421659 0.7064951 -0.4551688 0.5424399 0.7061023 -0.5444315 0.6488274 0.5316177 -0.5444315 0.6488274 0.5316177 -0.5445296 0.6490524 0.5312424 -0.5445296 0.6490525 0.5312424 -0.5445297 0.6490524 0.5312424 -0.6066564 0.7233424 0.3297635 -0.6066668 0.7232266 0.3299983 -0.6387752 0.76119 0.1120536 -0.6387752 0.76119 0.1120536 -0.6387753 0.7611899 0.1120536 -0.6387257 0.7612835 0.1117001 -0.5461186 0.8302319 0.1116669 -0.5461187 0.830232 0.1116669 -0.5461186 0.830232 0.1116669 -0.5459494 0.8303494 0.1116206 -0.5460968 0.8302242 0.1118305 -0.5460968 0.8302243 0.1118305 -0.4464238 0.8878057 0.1118344 -0.4459031 0.8880539 0.1119413 -0.4459031 0.8880538 0.1119413 -0.4459031 0.8880539 0.1119413 -0.4236387 0.8436597 0.329801 -0.4236387 0.8436597 0.329801 -0.4236387 0.8436596 0.329801 -0.4238314 0.8433954 0.3302292 -0.3802403 0.7570994 0.5312418 -0.3802404 0.7570993 0.5312418 -0.3802403 0.7570993 0.5312418 -0.3802019 0.7571036 0.5312632 -0.3176229 0.632494 0.7064469 -0.3176437 0.6323892 0.7065312 -0.2390515 0.4758936 0.8463922 -0.2390129 0.4761648 0.8462505 -0.1484468 0.2956845 0.9436812 -0.1485466 0.2956728 0.9436693 -0.1485466 0.2956728 0.9436693 -0.1485466 0.2956728 0.9436693 -0.05030632 0.1000416 0.9937107 -0.05029821 0.100148 0.9937004 -0.03829091 0.1052157 0.9937121 -0.03828358 0.1052857 0.9937049 -0.1130967 0.310946 0.9436746 -0.1131235 0.3106185 0.9437792 -0.1822286 0.5004137 0.8463917 -0.1822369 0.5005504 0.8463092 -0.2419852 0.6647977 0.7067441 -0.2419852 0.6647978 0.7067441 -0.2419852 0.6647977 0.7067441 -0.2418042 0.6651336 0.7064899 -0.2418042 0.6651336 0.70649 -0.2418042 0.6651336 0.7064899 -0.2896894 0.7961419 0.531261 -0.2896893 0.7961419 0.531261 -0.2896894 0.7961419 0.531261 -0.2896721 0.7960485 0.5314105 -0.3228271 0.8872348 0.3295407 -0.3228492 0.8872244 0.3295471 -0.3228492 0.8872244 0.3295471 -0.3228492 0.8872244 0.3295471 -0.339929 0.9337764 0.1118477 -0.3398537 0.9338109 0.1117886 -0.3398537 0.9338109 0.1117886 -0.2289121 0.9669772 0.1120468 -0.2289121 0.9669772 0.1120467 -0.2289121 0.9669772 0.1120467 -0.2291501 0.966936 0.1119158 -0.2291501 0.9669359 0.1119158 -0.2291501 0.9669359 0.1119158 -0.2177041 0.9186175 0.3297681 -0.2177243 0.9186016 0.3297989 -0.1953604 0.8243387 0.531319 -0.1953604 0.8243388 0.531319 -0.1953604 0.8243388 0.531319 -0.1955624 0.8243852 0.5311728 -0.1955624 0.8243852 0.5311728 -0.1632168 0.6885184 0.7066136 -0.1632168 0.6885184 0.7066136 -0.1632168 0.6885184 0.7066137 -0.16319 0.688657 0.7064847 -0.122853 0.5183646 0.8462892 -0.122853 0.5183646 0.8462892 -0.1229557 0.5183331 0.8462935 -0.07628852 0.3215419 0.9438171 -0.07624042 0.3216623 0.9437801 -0.02584624 0.108949 0.9937114 -0.02580952 0.1090177 0.9937047 -0.1153489 0.9870293 0.1116596 -0.1153489 0.9870293 0.1116596 -0.115349 0.9870293 0.1116596 -0.1154963 0.9870147 0.1116372 -0.1154963 0.9870147 0.1116372 -0.1154963 0.9870146 0.1116371 -0.1151242 0.9870277 0.1119054 0 0.9937467 0.111658 0 0.9937467 0.111658 0 0.9937467 0.111658 0 0.993734 0.1117721 0 0.993734 0.1117721 0 0.993734 0.1117721 0 0.9439333 0.3301362 0 0.9439325 0.3301386 0 0.8472889 0.5311325 0 0.8472713 0.5311604 0 0.7077816 0.7064315 0 0.7077862 0.7064268 0 0.5328088 0.8462356 0 0.5323904 0.8464989 0 0.5323904 0.8464989 0 0.5323904 0.8464989 0 0.3308569 0.943681 0 0.3308569 0.943681 0 0.3308569 0.943681 0 0.330985 0.943636 0 0.330985 0.943636 0 0.330985 0.943636 0 0.1119407 0.9937149 0 0.1119379 0.9937153 0.01299524 0.1111841 0.9937149 0.01297777 0.1112145 0.9937117 0.03842252 0.3286144 0.9436824 0.03842252 0.3286144 0.9436823 0.03842258 0.3286144 0.9436824 0.03833281 0.328229 0.9438201 0.06174451 0.5289343 0.8464138 0.06174445 0.5289343 0.8464138 0.06174451 0.5289343 0.8464137 0.06187921 0.5289809 0.8463749 0.06187921 0.5289808 0.8463748 0.06187927 0.5289808 0.8463748 0.08223986 0.7029874 0.7064315 0.0823456 0.7031074 0.7062997 0.09855353 0.8415554 0.5311045 0.09830313 0.8414038 0.531391 0.09830319 0.8414038 0.5313909 0.09830325 0.8414038 0.5313909 0.1093853 0.9375498 0.3302047 0.1095883 0.9376717 0.3297913 0.1153587 0.9870722 0.1112699 0.1153891 0.9869847 0.1120114 0.1153891 0.9869847 0.1120114 0.1153891 0.9869847 0.1120114 0.2291637 0.9669659 0.1116299 0.2291637 0.9669658 0.1116299 0.2291637 0.9669658 0.1116299 0.2290508 0.9669977 0.1115851 0.2290508 0.9669977 0.111585 0.2290507 0.9669978 0.111585 0.2298111 0.9667736 0.111963 0.2298112 0.9667736 0.1119631 0.2298112 0.9667736 0.1119631 0.3398934 0.9337738 0.1119782 0.3399895 0.933738 0.1119846 0.3230171 0.8871747 0.3295164 0.3227711 0.887081 0.3300095 0.2897244 0.7960536 0.5313742 0.2897244 0.7960535 0.5313742 0.2897964 0.7960061 0.5314059 0.2418889 0.6649217 0.7066603 0.2418889 0.6649217 0.7066603 0.2418889 0.6649218 0.7066603 0.2420232 0.665052 0.7064918 0.1821963 0.5005046 0.846345 0.1823239 0.5006901 0.8462077 0.1132559 0.3110729 0.9436137 0.1132559 0.3110729 0.9436137 0.1132559 0.3110729 0.9436137 0.11302 0.3106153 0.9437927 0.03824889 0.1052262 0.9937126 0.03832852 0.1052698 0.9937048 0.05024558 0.1000705 0.9937109 0.05035984 0.1001424 0.993698 0.1485847 0.2955055 0.9437156 0.1485225 0.2957046 0.9436631 0.1485225 0.2957046 0.9436631 0.1485224 0.2957046 0.9436631 0.2390491 0.4760068 0.8463293 0.2390356 0.4759513 0.8463643 0.3177024 0.6325797 0.7063343 0.3177763 0.6323059 0.7065463 0.3177762 0.6323059 0.7065463 0.3802854 0.7569709 0.5313928 0.3802853 0.7569708 0.5313928 0.3802854 0.7569709 0.5313928 0.37994 0.7571014 0.5314538 0.37994 0.7571014 0.5314539 0.37994 0.7571014 0.5314539 0.4239581 0.8436277 0.3294723 0.42359 0.8436179 0.3299704 0.42359 0.843618 0.3299704 0.4458305 0.8880751 0.1120617 0.4461435 0.8880184 0.1112623 0.06160914 0.09364914 0.9936972 0.06150984 0.09360599 0.9937075 0.181495 0.2761254 0.9438296 0.1815891 0.2761684 0.9437989 0.2925344 0.4450109 0.8463977 0.2928361 0.4451404 0.8462253 0.389083 0.5915256 0.7061954 0.3892217 0.5915772 0.7060757 0.4655723 0.7076874 0.531433 0.4656068 0.7077779 0.5312823 0.4656068 0.7077779 0.5312823 0.4656068 0.7077779 0.5312823 0.518648 0.7885536 0.3304356 0.5188624 0.78858 0.3300358 0.5461594 0.8302046 0.1116712 0.5461593 0.8302046 0.1116712 0.5461593 0.8302046 0.1116712 0.5459753 0.8302839 0.1119806 0.6387235 0.7612779 0.1117507 0.6387235 0.761278 0.1117508 0.6387235 0.7612779 0.1117507 0.6387813 0.7612071 0.1119033 0.6388474 0.7611402 0.1119799 0.7231594 0.6816266 0.1114701 0.7231595 0.6816266 0.1114701 0.7231594 0.6816267 0.1114701 0.7227805 0.6819786 0.1117742 0.6866143 0.6478708 0.3298854 0.6866835 0.6478509 0.3297803 0.6162409 0.5814053 0.5312392 0.6162409 0.5814053 0.5312393 0.6162453 0.5814005 0.5312393 0.6160387 0.5813924 0.5314879 0.6160386 0.5813924 0.5314879 0.6160386 0.5813924 0.5314878 0.5146182 0.4856392 0.7066277 0.5146182 0.4856392 0.7066277 0.5148747 0.4858503 0.7062956 0.3874849 0.3656482 0.8462607 0.3873433 0.3654329 0.8464183 0.3873432 0.3654329 0.8464183 0.3873433 0.3654329 0.8464183 0.2407951 0.2271313 0.9436256 0.2407951 0.2271313 0.9436256 0.2407951 0.2271313 0.9436256 0.2406331 0.2270377 0.9436894 0.2406331 0.2270377 0.9436894 0.08147227 0.0768463 0.9937087 0.08148801 0.07685428 0.9937068 0.08979135 0.06689101 0.9937119 0.08982324 0.06690412 0.993708 0.2653809 0.1975004 0.9436984 0.2653809 0.1975004 0.9436984 0.265381 0.1975004 0.9436984 0.2654021 0.1975585 0.9436802 0.2654021 0.1975585 0.9436802 0.4271631 0.3179724 0.8464192 0.4271631 0.3179724 0.8464192 0.4270603 0.3179849 0.8464663 0.4270603 0.3179849 0.8464664 0.4270603 0.3179849 0.8464664 0.5673997 0.4226405 0.7067055 0.5673997 0.4226405 0.7067055 0.5673997 0.4226405 0.7067055 0.5675996 0.4225964 0.7065714 0.6796391 0.5058884 0.5311946 0.6796391 0.5058884 0.5311947 0.6796156 0.5058933 0.53122 0.6796156 0.5058933 0.53122 0.6796156 0.5058932 0.53122 0.7572149 0.5637127 0.3299299 0.7572708 0.5636864 0.3298466 0.7572708 0.5636863 0.3298467 0.7971151 0.5933986 0.1117401 0.797115 0.5933986 0.1117401 0.797115 0.5933986 0.1117401 0.7971172 0.5934184 0.1116192 0.8604923 0.4969844 0.1120707 0.8606411 0.4968178 0.1116651 0.8176742 0.4720112 0.329567 0.8175394 0.4720481 0.3298487 0.8175394 0.4720481 0.3298487 0.8175394 0.4720481 0.3298487 0.7336603 0.4235056 0.5313997 0.7335495 0.4235394 0.5315257 0.6128415 0.3538029 0.7065755 0.612806 0.3538168 0.7065992 0.4612277 0.2662522 0.8463916 0.4612278 0.2662522 0.8463916 0.4610592 0.2661319 0.8465213 0.4610592 0.2661319 0.8465212 0.2862088 0.1652953 0.943802 0.2862514 0.165299 0.9437884 0.09696847 0.05599445 0.9937112 0.09702187 0.05599868 0.9937057 0.9124701 0.3935579 0.1118517 0.9124701 0.3935579 0.1118517 0.9124719 0.3935537 0.1118517 0.9124162 0.3936486 0.1119702 0.9124162 0.3936487 0.1119702 0.9124162 0.3936487 0.1119702 0.8668048 0.373969 0.3298436 0.8668631 0.3737654 0.3299213 0.8668631 0.3737653 0.3299213 0.866863 0.3737653 0.3299212 0.777884 0.3354863 0.531362 0.7778839 0.3354863 0.531362 0.777884 0.3354863 0.5313621 0.7778693 0.3353669 0.5314587 0.6501711 0.2803208 0.7061855 0.6499355 0.2803725 0.7063818 0.6499355 0.2803725 0.7063818 0.6499355 0.2803725 0.7063818 0.4891471 0.2110685 0.8462773 0.4889099 0.2109178 0.8464519 0.4889099 0.2109178 0.8464519 0.4889099 0.2109178 0.8464519 0.3041064 0.1312156 0.9435582 0.3041064 0.1312155 0.9435582 0.3041064 0.1312156 0.943558 0.3037766 0.1310523 0.943687 0.3037766 0.1310523 0.943687 0.3037766 0.1310522 0.943687 0.1028172 0.04435539 0.9937108 0.1027684 0.04435241 0.993716 0.9519879 0.2849618 0.1118748 0.9519879 0.2849617 0.1118749 0.9519879 0.2849618 0.1118748 0.9519879 0.2849259 0.1119654 0.951988 0.2849259 0.1119654 0.9519879 0.2849259 0.1119654 0.904384 0.2709074 0.3296949 0.9042295 0.2708271 0.3301846 0.9042294 0.2708272 0.3301846 0.9042294 0.2708272 0.3301847 0.8114541 0.2430182 0.5314928 0.8111681 0.2431266 0.5318795 0.677959 0.2030547 0.7064986 0.677959 0.2030547 0.7064986 0.677959 0.2030547 0.7064987 0.6783953 0.2029092 0.7061216 0.5103448 0.152737 0.8462976 0.5103449 0.152737 0.8462976 0.5103449 0.1527371 0.8462976 0.5102196 0.152923 0.8463395 0.3168569 0.09489703 0.9437142 0.3168569 0.09489703 0.9437142 0.3168569 0.09489703 0.9437142 0.317088 0.0948956 0.9436367 0.317088 0.09489566 0.9436367 0.317088 0.0948956 0.9436367 0.107387 0.03210723 0.9936988 0.1072589 0.03212416 0.9937121 0.1103706 0.01943337 0.9937005 0.1102051 0.0194711 0.9937182 0.3256842 0.05750012 0.9437285 0.3256842 0.05750018 0.9437285 0.3256842 0.05750012 0.9437286 0.3255615 0.05737382 0.9437786 0.5245424 0.09244441 0.8463507 0.5245423 0.09244441 0.8463506 0.5245423 0.09244447 0.8463507 0.5247764 0.09266644 0.8461813 0.6969688 0.1228892 0.7064933 0.6969688 0.1228892 0.7064933 0.6969688 0.1228892 0.7064933 0.6969289 0.1229001 0.7065308 0.6969289 0.1229001 0.7065308 0.6969289 0.1229001 0.7065308 0.8343176 0.1471229 0.5312899 0.8343177 0.1471229 0.5312899 0.8343176 0.1471229 0.5312899 0.8343923 0.1471211 0.5311732 0.9297867 0.1636909 0.3297001 0.929729 0.1641778 0.3296205 0.929729 0.1641778 0.3296205 0.929729 0.1641778 0.3296205 0.9786339 0.172508 0.1118782 0.9786339 0.1725081 0.1118782 0.9786339 0.1725081 0.1118782 0.9786399 0.1724986 0.1118407 0.09698414 -0.05602866 0.9937077 0.2867295 -0.1655857 0.9435929 0.2867295 -0.1655856 0.943593 0.2867295 -0.1655857 0.943593 0.303973 -0.1311637 0.9436082 0.303972 -0.1311656 0.9436083 0.303972 -0.1311656 0.9436083 0.4887208 -0.2109461 0.846554 0.4887208 -0.2109461 0.846554 0.4887208 -0.2109462 0.846554 0.5104533 -0.1526708 0.8462441 0.6777853 -0.202733 0.7067577 0.6967575 -0.1227058 0.7067335 0.8343469 -0.1472169 0.5312181 0.8343468 -0.1472169 0.531218 0.8343468 -0.1472169 0.5312181 0.845632 -0.04931133 0.5314837 0.9424537 -0.05497056 0.3297867 0.9424537 -0.05497056 0.3297867 0.9424537 -0.05497056 0.3297867 0.9424454 0.05501645 0.3298029 0.9424454 0.05501645 0.3298029 0.9424454 0.05501645 0.3298029 0.9920649 0.05802536 0.1115362 0.9920074 0.05764871 0.1122401 0.9920075 0.05764871 0.1122401 0.9920075 0.05764865 0.1122401 -0.9967049 -0.08035856 -0.01103448 -0.970807 -0.2394713 -0.01368939 -0.9847509 -0.1738337 0.006903052 -0.9847784 -0.1736776 0.006919562 -0.9847784 -0.1736776 0.006919622 -0.9847784 -0.1736776 0.006919682 -0.8659644 -0.5000928 0.003594815 -0.8659644 -0.5000928 0.003594815 -0.8659644 -0.5000928 0.003594815 -0.9181173 -0.396277 -0.005021631 -0.9200177 -0.3917989 -0.007824957 -0.9581228 -0.2863113 0.005168676 -0.9581228 -0.2863113 0.005168676 -0.9581228 -0.2863113 0.005168676 -0.9579377 -0.28693 0.00515902 -0.8660944 -0.4998655 0.003912568 -0.8450904 -0.5344615 -0.01316154 -0.8021096 -0.5971331 0.007232367 -0.802129 -0.5971071 0.007233917 -0.802129 -0.597107 0.007233917 -0.802129 -0.5971071 0.007232785 -0.7484138 -0.6631183 -0.01228731 -0.7274556 -0.6861519 0.002040088 -0.7267773 -0.6868702 0.002041041 -0.6324253 -0.774616 -0.002895653 -0.6426867 -0.7660412 -0.01160973 -0.5000532 -0.8658829 -0.01391327 -0.5495163 -0.8354607 0.006121575 -0.5497802 -0.8352872 0.006091117 -0.5497803 -0.8352873 0.006091117 -0.5497801 -0.8352872 0.006091117 -0.2310733 -0.9729341 0.00210303 -0.2310733 -0.9729341 0.00210303 -0.2310733 -0.9729341 0.00210309 -0.3418964 -0.9397348 -0.002335429 -0.3545267 -0.9349969 -0.0095793 -0.4487856 -0.8936178 0.006217777 -0.4487662 -0.8936276 0.006222903 -0.2305277 -0.9730636 0.002091884 -0.2305277 -0.9730636 0.002091944 -0.2305277 -0.9730636 0.002091884 -0.1999977 -0.9797179 -0.012407 -0.1157919 -0.9932472 0.007224202 -0.1161506 -0.9932054 0.007216215 -0.1161506 -0.9932054 0.007216215 -0.1161506 -0.9932054 0.007216215 -0.04023671 -0.9991015 -0.01332038 0 -0.9999934 0.003653168 0 -0.9999933 0.003659009 0.1207563 -0.9926679 -0.00533837 0.1207563 -0.9926679 -0.00533837 0.1207563 -0.9926679 -0.00533837 0.1161833 -0.9931941 -0.008185207 0.2782171 -0.9604215 -0.01362907 0.2306577 -0.9730209 0.005255758 0.2303703 -0.9730893 0.005168437 0.2303703 -0.9730893 0.005168497 0.2303704 -0.9730893 0.005168497 0.4285032 -0.9034702 -0.0112608 0.4285032 -0.9034702 -0.0112608 0.4285032 -0.9034702 -0.01126074 0.3418164 -0.9397417 0.006867885 0.3418164 -0.9397417 0.006869852 0.3418164 -0.9397417 0.006867945 0.3417428 -0.9397685 0.006866395 0.5680942 -0.8228883 -0.01113063 0.5496026 -0.8354263 0 0.4488518 -0.8936063 0 0.6925699 -0.7212191 -0.01378363 0.6428949 -0.765924 0.006825327 0.6428949 -0.7659241 0.006825327 0.6428949 -0.7659241 0.006825327 0.6426086 -0.7661643 0.006829977 0.8659217 -0.5001655 0.003751516 0.8659217 -0.5001655 0.003751516 0.8659217 -0.5001655 0.003751516 0.8022428 -0.5969753 -0.005205214 0.8022428 -0.5969753 -0.005205214 0.8022428 -0.5969753 -0.005205214 0.7993425 -0.6008263 -0.00770843 0.7272315 -0.6863732 0.005124628 0.7272315 -0.6863732 0.005120277 0.7272315 -0.6863732 0.005124628 0.7273536 -0.6862438 0.005122363 0.8661551 -0.4997611 0.003801882 0.8854071 -0.4646319 -0.01309943 0.9181354 -0.3962019 0.007171273 0.9181354 -0.3962019 0.007171273 0.9181354 -0.3962019 0.007171332 0.9181826 -0.3960928 0.007161676 0.9181826 -0.3960928 0.007161736 0.9181826 -0.3960928 0.007161736 0.9484118 -0.3167963 -0.01246231 0.9484118 -0.3167962 -0.01246231 0.9484118 -0.3167962 -0.01246231 0.9580423 -0.2866197 0.002046942 0.9578151 -0.2873779 0.002045571 0.9870337 -0.1604865 -0.002937614 0.9847241 -0.1737299 -0.0116828 0.9579986 0.286766 0.002018511 0.9847862 0.1737542 -0.002427518 0.9869865 0.1605151 -0.009631097 0.9983085 0.05780535 0.006223738 0.9983085 0.05780535 0.006223738 0.9983085 0.05780541 0.006223797 0.9991738 0.04017603 0.006137669 0.9983193 0.05795449 0 0.9991927 -0.04017722 0 0.9983005 -0.05795341 0.006137728 0.9983085 -0.05780553 0.006224215 0.9983085 -0.05780547 0.006224155 0.9983085 -0.05780553 0.006224215 0.9580098 0.2867283 0.002017498 0.9485189 0.3164797 -0.01235848 0.9182391 0.3959624 0.007132053 0.9182392 0.3959624 0.007132053 0.9182392 0.3959624 0.007132053 0.9180067 0.3965008 0.007138133 0.885375 0.4646914 -0.0131576 0.8660432 0.4999549 0.003806293 0.8660961 0.4998631 0.003807306 0.7994033 0.6007702 -0.005460143 0.8020957 0.5971385 -0.008252263 0.6925699 0.7212191 -0.01378232 0.7273331 0.6862657 0.00510317 0.7272448 0.6863588 0.005165874 0.7272448 0.6863588 0.005165934 0.7272448 0.6863588 0.005165874 0.5680097 0.8229452 -0.01123231 0.6428673 0.7659472 0.006818354 0.6426592 0.7661219 0.00681734 0.4288803 0.9032925 -0.0111528 0.4490184 0.8935226 0 0.5493425 0.8355973 0 0.2780991 0.9604554 -0.01365917 0.3417428 0.9397685 0.006869435 0.3417544 0.9397643 0.006870031 0.3417544 0.9397642 0.00687009 0.3417544 0.9397642 0.00687009 0 0.9999927 0.003834366 0.1158435 0.9932546 -0.005080878 0.1204842 0.9926848 -0.007772624 0.2310929 0.972918 0.00516957 0.2310929 0.972918 0.005169689 0.2310929 0.972918 0.00516963 0.2304424 0.9730719 0.005251228 0 0.9999927 0.003833651 -0.04036408 0.9990979 -0.01320195 -0.1157988 0.9932472 0.007124662 -0.1158489 0.9932414 0.007123351 -0.1999937 0.9797176 -0.01249313 -0.2305281 0.9730636 0.002017498 -0.2305281 0.9730637 0.002017498 -0.2305281 0.9730637 0.002017498 -0.2308375 0.9729903 0.00202775 -0.2308375 0.9729902 0.00202775 -0.2308375 0.9729903 0.00202775 -0.3544397 0.9350743 -0.002922892 -0.3421524 0.9395729 -0.01160466 -0.3421524 0.9395729 -0.01160466 -0.3421524 0.9395729 -0.01160466 -0.5000519 0.8658851 -0.01382988 -0.4487746 0.8936229 0.006287395 -0.4490035 0.8935083 0.00624144 -0.4490034 0.8935083 0.0062415 -0.4490034 0.8935083 0.0062415 -0.7278233 0.6857615 0.002110302 -0.6428484 0.7659898 -0.002368509 -0.6323832 0.7745959 -0.009639501 -0.5492219 0.8356537 0.006187617 -0.5495123 0.8354628 0.006191492 -0.7273533 0.6862601 0.002106726 -0.7484773 0.6630458 -0.01232904 -0.801953 0.597344 0.007185518 -0.8022243 0.5969797 0.007184922 -0.8450905 0.5344615 -0.01316422 -0.8659865 0.5000529 0.003819763 -0.8659038 0.500196 0.003816902 -0.9200139 0.3918478 -0.005463659 -0.9181507 0.396144 -0.008329749 -0.9708089 0.2394638 -0.013691 -0.9579337 0.2869433 0.005164086 -0.9579803 0.2867879 0.00514853 -0.9579803 0.2867879 0.00514841 -0.9579803 0.2867878 0.00514847 -0.998301 -0.05826914 0 -0.998301 0.05826914 0 -0.9967041 0.08037 -0.01104027 -0.9848628 0.1731988 0.006903886 -0.9847523 0.1738254 0.006902754 2.72091e-6 0 1 8.16092e-6 0 1 2.17594e-5 0 1 2.72069e-6 0 1 -1.49562e-5 0 1 -1.02028e-5 0 1 -8.83843e-6 0 1 8.83847e-6 0 1 1.02028e-5 0 1 1.49569e-5 0 1 -2.72015e-6 0 1 -8.15998e-6 0 1 -2.71987e-6 0 1 -2.71991e-6 0 1 2.72124e-6 0 1 -8.15849e-6 0 1 2.72051e-6 0 1 -1.35978e-6 0 1 4.42129e-6 0 1 -4.42126e-6 0 1 1.35972e-6 0 1 -2.72106e-6 0 1 8.15949e-6 0 1 -2.72123e-6 0 1 2.72034e-6 0 1 2.52028e-6 0 -1 1.2598e-6 0 -1 1.00787e-5 0 -1 -8.81999e-6 0 -1 6.30016e-6 0 -1 -1.00804e-5 0 -1 6.77193e-6 0 -1 -6.29987e-6 0 -1 -1.00791e-5 0 -1 3.78067e-6 0 -1 6.29993e-7 0 -1 -1.26013e-6 0 -1 3.77929e-6 0 -1 2.51965e-6 0 -1 -1.25985e-6 0 -1 -7.55913e-6 0 -1 5.0395e-6 0 -1 -2.205e-6 0 -1 -6.29945e-7 0 -1 -1.00803e-5 0 -1 4.40915e-6 0 -1 -3.14988e-6 0 -1 1.00792e-5 0 -1 -3.78009e-6 0 -1 3.77969e-6 0 -1 2.51974e-6 0 -1 -3.77942e-6 0 -1 0.9920631 0.05747389 0.1118375 0.9920631 0.05747389 0.1118375 0.9920631 0.05747395 0.1118375 0.9520193 0.2849382 0.1116672 0.9124617 0.3936192 0.1117035 0.9124616 0.3936192 0.1117036 0.9124617 0.3936192 0.1117036 0.8605548 0.496959 0.1117015 0.8605549 0.496959 0.1117015 0.8605548 0.496959 0.1117015 0.7228968 0.6818369 0.1118872 0.7228968 0.6818369 0.1118872 0.7228969 0.6818368 0.1118872 0.3397728 0.9338448 0.1117518 0.3397728 0.9338448 0.1117518 0.3397728 0.9338448 0.1117518 0 0.9937488 0.1116402 2.06923e-6 0.9937488 0.1116402 0 0.9937488 0.1116402 -0.2295176 0.9668745 0.1116932 -0.2295176 0.9668745 0.1116931 -0.2295176 0.9668746 0.1116932 -0.445968 0.8880501 0.1117119 -0.4459635 0.8880525 0.1117119 -0.445968 0.8880501 0.1117119 -0.7228375 0.6820045 0.1112475 -0.797234 0.5932644 0.1116039 -0.8604603 0.4970386 0.112075 -0.9519554 0.2851117 0.1117686 -0.9519554 0.2851118 0.1117686 -0.9519554 0.2851117 0.1117686 -0.9786384 -0.1725925 0.1117093 -0.9786384 -0.1725925 0.1117093 -0.9786384 -0.1725925 0.1117093 -0.860546 -0.4969497 0.1118116 -0.860546 -0.4969496 0.1118116 -0.860546 -0.4969496 0.1118116 -0.7221921 -0.6826484 0.1114885 -0.5460734 -0.8302156 0.1120088 -0.5460731 -0.8302158 0.1120088 -0.5460734 -0.8302155 0.1120088 -0.2294071 -0.9669173 0.1115504 -0.1152819 -0.9870254 0.1117631 -0.1152819 -0.9870254 0.1117631 -0.1152819 -0.9870254 0.1117631 0 -0.9937391 0.1117267 0.2292419 -0.9670191 0.1110064 0.6386403 -0.7613906 0.1114584 0.8607792 -0.4966771 0.1112259 0.09700852 -0.05602157 0.9937058 0.1028403 -0.04431235 0.9937104 0.1028246 -0.04435116 0.9937103 0.3039375 -0.1311085 0.9436274 0.3039375 -0.1311085 0.9436274 0.3039374 -0.1311085 0.9436274 0.1071916 -0.03210556 0.9937199 0.1072776 -0.03212058 0.9937102 0.3167281 -0.09485667 0.9437614 0.3166813 -0.09479951 0.9437829 0.5105457 -0.1528396 0.8461579 0.1102319 -0.01945036 0.9937157 0.1102585 -0.01942592 0.9937132 0.3258326 -0.05742287 0.943682 0.3258326 -0.05742287 0.943682 0.3258326 -0.05742287 0.9436821 0.3259081 -0.05746841 0.9436532 0.3259081 -0.05746841 0.9436532 0.3259081 -0.05746841 0.9436532 0.5247424 -0.09262603 0.8462068 0.5248475 -0.09267467 0.8461363 0.6972355 -0.1231352 0.7061873 0.1117672 -0.006527006 0.993713 0.1118131 -0.006523728 0.9937079 0.3302353 -0.01927959 0.9437018 0.3302353 -0.01927959 0.9437018 0.3302353 -0.01927959 0.9437018 0.3304764 -0.0192613 0.9436178 0.3304764 -0.01926124 0.9436178 0.3304764 -0.0192613 0.9436178 0.5317392 -0.03099083 0.846341 0.5317392 -0.03099077 0.846341 0.5317393 -0.03099083 0.846341 0.5319977 -0.03090023 0.8461818 0.7065244 -0.04137706 0.7064781 0.7065244 -0.04137706 0.7064781 0.7065629 -0.04121333 0.7064492 0.7065629 -0.04121339 0.7064492 0.7065629 -0.04121333 0.7064492 0.8456464 -0.04934257 0.5314581 0.1117624 0.006526529 0.9937136 0.1118109 0.006527841 0.9937081 0.3303152 0.0192877 0.9436736 0.3303152 0.01928764 0.9436737 0.3303152 0.01928776 0.9436736 0.330455 0.01926279 0.9436253 0.330455 0.01926279 0.9436253 0.3304549 0.01926279 0.9436252 0.5316696 0.03099226 0.8463847 0.5316696 0.03099226 0.8463846 0.5316696 0.03099226 0.8463847 0.5316469 0.03099364 0.8463988 0.5316469 0.0309937 0.8463988 0.7064811 0.04123258 0.7065298 0.7064811 0.04123258 0.7065297 0.7064811 0.04123258 0.7065298 0.7065061 0.04120975 0.7065061 0.845649 0.04933255 0.5314546 0.8458325 0.04933583 0.5311625 0.8458325 0.04933589 0.5311625 0.8458324 0.04933589 0.5311625 0.9423476 0.05496501 0.3300907 0.9423476 0.05496501 0.3300907 0.9423477 0.05496501 0.3300907 0.9423158 -0.05488151 0.3301954 0.9423158 -0.05488151 0.3301954 0.9423158 -0.05488151 0.3301954 0.9295836 -0.1638691 0.3301837 0.9295836 -0.163869 0.3301837 0.9295836 -0.1638691 0.3301837 0.9296426 -0.1638926 0.3300061 0.9296426 -0.1638926 0.3300061 0.9296426 -0.1638926 0.3300061 0.8343651 -0.1470707 0.5312297 0.8668597 -0.3736982 0.3300061 0.8668597 -0.3736982 0.3300061 0.8668597 -0.3736982 0.3300061 0.866904 -0.3740402 0.3295017 0.866904 -0.3740403 0.3295017 0.8669041 -0.3740402 0.3295017 0.777997 -0.3356578 0.5310883 0.7778989 -0.3356128 0.5312602 0.7778989 -0.3356129 0.5312603 0.7778989 -0.3356128 0.5312602 0.6496787 -0.2801356 0.7067119 0.6497543 -0.2802399 0.706601 0.4893459 -0.2110335 0.8461711 0.0814588 -0.07683682 0.9937105 0.08146524 -0.07686138 0.9937081 0.240293 -0.2267268 0.9438508 0.2407086 -0.2271268 0.9436486 0.2407087 -0.2271267 0.9436487 0.2407087 -0.2271267 0.9436486 0.3874612 -0.3656571 0.8462675 0.3875357 -0.3657754 0.8461823 0.5149064 -0.4859794 0.7061837 0.5148124 -0.4857165 0.7064331 0.6160274 -0.5812443 0.5316629 0.6162661 -0.5814002 0.5312154 0.6162661 -0.5814002 0.5312155 0.6162661 -0.5814002 0.5312154 0.6866302 -0.647895 0.3298044 0.6866303 -0.647895 0.3298044 0.686652 -0.6477562 0.3300319 0.686652 -0.6477562 0.3300319 0.03830003 -0.1053328 0.9936992 0.03828817 -0.105235 0.9937101 0.1130575 -0.3106328 0.9437825 0.113218 -0.311056 0.9436239 0.1132179 -0.311056 0.9436238 0.113218 -0.311056 0.9436239 0.1821869 -0.5005999 0.8462906 0.1822553 -0.5003704 0.8464115 0.2422208 -0.6650539 0.7064222 0.2420802 -0.6649364 0.7065811 0.2420802 -0.6649363 0.7065811 0.2420801 -0.6649363 0.7065811 0.2897703 -0.7959928 0.5314402 0.289806 -0.7962214 0.5310782 0.2898059 -0.7962214 0.5310783 0.2898059 -0.7962213 0.5310782 0.3229513 -0.8870593 0.3298913 0.3230471 -0.8868932 0.330244 -0.05033111 -0.100144 0.9936992 -0.05025988 -0.1001268 0.9937046 -0.1484852 -0.2957295 0.9436612 -0.1484852 -0.2957295 0.9436612 -0.1484853 -0.2957295 0.9436612 -0.1484369 -0.2956061 0.9437074 -0.148437 -0.2956061 0.9437074 -0.2391244 -0.4761568 0.8462235 -0.2391004 -0.4760802 0.8462734 -0.3177024 -0.6325797 0.7063343 -0.3176475 -0.6324995 0.7064308 -0.3176475 -0.6324995 0.7064308 -0.3802236 -0.7569743 0.5314317 -0.380263 -0.7569594 0.531425 -0.4237275 -0.8435772 0.3298978 -0.4237276 -0.8435772 0.3298979 -0.4237276 -0.8435772 0.3298979 -0.08979296 -0.06689226 0.9937117 -0.08982425 -0.06690484 0.9937079 -0.2653909 -0.1975124 0.9436931 -0.2653909 -0.1975124 0.943693 -0.2654125 -0.1975313 0.943683 -0.2654125 -0.1975314 0.943683 -0.4274295 -0.3180915 0.8462399 -0.4273816 -0.3180215 0.8462903 -0.4273816 -0.3180215 0.8462903 -0.5680035 -0.4225473 0.7062761 -0.5674673 -0.4224979 0.7067366 -0.6797488 -0.5059236 0.5310207 -0.6797488 -0.5059236 0.5310207 -0.6797488 -0.5059236 0.5310207 -0.6794607 -0.5057995 0.5315074 -0.757148 -0.563663 0.3301681 -0.7576249 -0.5635386 0.3292853 -0.1072123 -0.03211021 0.9937176 -0.1073759 -0.03209877 0.9937003 -0.3168208 -0.09474915 0.9437411 -0.3170341 -0.09491503 0.9436528 -0.3170341 -0.09491503 0.9436528 -0.3170341 -0.09491497 0.9436528 -0.5099777 -0.1526581 0.8465331 -0.5099778 -0.1526582 0.8465331 -0.5099777 -0.1526582 0.8465331 -0.5104374 -0.1527444 0.8462405 -0.5104374 -0.1527443 0.8462405 -0.6784136 -0.2029083 0.7061043 -0.6779399 -0.2030264 0.7065252 -0.6779399 -0.2030263 0.7065252 -0.6779399 -0.2030263 0.7065252 -0.8115703 -0.243023 0.531313 -0.8115704 -0.243023 0.531313 -0.8115703 -0.243023 0.531313 -0.8113322 -0.2430314 0.5316727 -0.904434 -0.2709162 0.3295505 -0.9043998 -0.2709388 0.3296257 -0.1102295 0.01940548 0.9937167 -0.1103644 0.01949757 0.9937 -0.3255262 0.05751484 0.9437822 -0.3257434 0.05741143 0.9437136 -0.3257434 0.05741143 0.9437136 -0.3257434 0.05741143 0.9437136 -0.5247388 0.09248954 0.846224 -0.5247309 0.09256732 0.8462204 -0.5247309 0.09256738 0.8462204 -0.5247309 0.09256738 0.8462204 -0.6971954 0.1231123 0.7062308 -0.6967241 0.1226977 0.7067679 -0.8343352 0.1472022 0.5312405 -0.8343352 0.1472022 0.5312405 -0.8343352 0.1472021 0.5312405 -0.8342399 0.1468561 0.5314859 -0.9297392 0.1636895 0.3298346 -0.9297784 0.1637477 0.3296954 -0.06157207 0.09358203 0.9937058 -0.06156182 0.09366893 0.9936984 -0.1818578 0.2765087 0.9436475 -0.1818578 0.2765087 0.9436475 -0.1818578 0.2765088 0.9436476 -0.1815478 0.2761168 0.9438221 -0.2927046 0.4452254 0.846226 -0.2926918 0.4449319 0.8463847 -0.3891733 0.5916149 0.7060708 -0.3891445 0.5914907 0.7061908 -0.4655011 0.7077395 0.5314261 -0.4655011 0.7077395 0.5314261 -0.4655011 0.7077395 0.531426 -0.465499 0.7077415 0.5314251 -0.518733 0.7886626 0.3300416 -0.5188004 0.7885863 0.330118 -0.5188004 0.7885863 0.330118 -0.01297473 0.1112149 0.9937118 -0.01299703 0.1111838 0.9937149 -0.03842025 0.3286812 0.9436591 -0.0384202 0.3286812 0.9436592 -0.03842025 0.3286812 0.9436591 -0.03837341 0.3286138 0.9436845 -0.03837335 0.3286138 0.9436846 -0.03837335 0.3286138 0.9436845 -0.06174808 0.5290264 0.8463559 -0.06174802 0.5290264 0.8463559 -0.0617454 0.5290268 0.8463558 -0.06190264 0.5291752 0.8462517 -0.08226859 0.7031221 0.706294 -0.0823282 0.702979 0.7064296 -0.0984193 0.8413389 0.5314723 -0.09841924 0.8413389 0.5314723 -0.09845018 0.8414546 0.5312831 -0.09845018 0.8414547 0.5312831 -0.09845018 0.8414546 0.5312831 -0.1094061 0.9376965 0.3297812 -0.1095666 0.9375277 0.3302076 0.02581793 0.1089506 0.9937118 0.02586132 0.1090126 0.993704 0.07630079 0.3219891 0.9436638 0.07630079 0.321989 0.9436638 0.07630079 0.321989 0.9436638 0.07633441 0.3221065 0.943621 0.07633435 0.3221065 0.9436209 0.1230329 0.5186071 0.8461145 0.1228306 0.5183797 0.8462832 0.1632245 0.6888472 0.7062913 0.1630752 0.6886717 0.7064968 0.1953734 0.8243432 0.5313076 0.1953735 0.8243432 0.5313076 0.1953734 0.8243432 0.5313076 0.1953354 0.8244975 0.5310819 0.1953354 0.8244975 0.5310819 0.1953354 0.8244975 0.5310819 0.2177399 0.9186157 0.3297493 0.2176934 0.9186027 0.3298166 0.07196867 0.08576959 0.9937123 0.07202428 0.0858016 0.9937055 0.2127754 0.2535277 0.9436368 0.2127754 0.2535277 0.9436368 0.2127113 0.2535124 0.9436554 0.2127113 0.2535124 0.9436554 0.2127113 0.2535124 0.9436554 0.3423768 0.4081002 0.8463051 0.3426644 0.4082044 0.8461385 0.4550405 0.5422452 0.7063346 0.4550404 0.5422451 0.7063345 0.4550548 0.542297 0.7062855 0.5445657 0.6489711 0.5313048 0.5445657 0.6489711 0.5313048 0.5444016 0.6489267 0.5315272 0.5444015 0.6489268 0.5315272 0.5444015 0.6489267 0.5315272 0.606588 0.7232943 0.3299946 0.6067387 0.7232735 0.3297632 0.9518791 -0.2854879 0.1114586 0.9518791 -0.285488 0.1114586 0.9518791 -0.2854878 0.1114586 0.9786553 -0.1726568 0.1114609 0.9786912 -0.1724952 0.1113956 0.9920601 -0.05740106 0.1119021 0.9920601 -0.057401 0.1119021 0.9920601 -0.057401 0.1119021 0.9920712 -0.05795651 0.1115158 0.9920713 -0.05795651 0.1115158 0.9920713 -0.05795651 0.1115158 0.9920883 -0.05758702 0.1115556 0.9519885 -0.2848511 0.1121518 0.9519884 -0.284851 0.1121517 0.9519884 -0.284851 0.1121517 0.9520029 -0.2851596 0.1112413 0.9520029 -0.2851597 0.1112413 0.9520028 -0.2851597 0.1112413 0.904267 -0.2709055 0.3300173 0.904186 -0.270667 0.3304346 0.8114773 -0.242924 0.5315003 0.8115612 -0.2430341 0.5313218 0.6778931 -0.2030035 0.7065767 0.9125319 -0.3935766 0.1112799 0.9123206 -0.3937543 0.1123777 0.9123207 -0.3937543 0.1123777 0.9123206 -0.3937543 0.1123777 0.9125816 -0.393286 0.1118975 0.8604996 -0.4969952 0.1119662 0.8604996 -0.4969952 0.1119661 0.8604996 -0.4969951 0.1119662 0.8604796 -0.4969914 0.1121364 0.8176544 -0.4722545 0.3292675 0.8175573 -0.4717033 0.3302968 0.7336956 -0.4235168 0.531342 0.7336957 -0.4235168 0.531342 0.7336956 -0.4235167 0.531342 0.7337191 -0.4237028 0.5311613 0.6127043 -0.3538239 0.7066839 0.6131191 -0.3537883 0.7063419 0.6131191 -0.3537884 0.7063419 0.4613108 -0.2663124 0.8463276 0.4613107 -0.2663124 0.8463275 0.4613107 -0.2663124 0.8463274 0.4614663 -0.2663594 0.8462278 0.2866553 -0.1654656 0.9436366 0.2866553 -0.1654656 0.9436366 0.2866594 -0.1654593 0.9436365 0.08982026 -0.06688523 0.9937096 0.08979362 -0.06687057 0.993713 0.2652873 -0.1975018 0.9437245 0.2652873 -0.1975018 0.9437244 0.2654069 -0.197605 0.9436692 0.265407 -0.197605 0.9436692 0.265407 -0.197605 0.9436692 0.4273271 -0.3181171 0.846282 0.4273271 -0.3181171 0.846282 0.4273272 -0.318117 0.846282 0.4275075 -0.3180191 0.8462277 0.5676673 -0.4223027 0.7066925 0.5678471 -0.4227743 0.7062661 0.6792892 -0.5057209 0.5318013 0.6793394 -0.5058812 0.5315847 0.757257 -0.5637586 0.3297547 0.7572571 -0.5637585 0.3297547 0.7572571 -0.5637586 0.3297547 0.7572934 -0.5634329 0.3302279 0.7970737 -0.5934317 0.1118595 0.7970737 -0.5934317 0.1118596 0.7970737 -0.5934316 0.1118595 0.7971143 -0.5933914 0.1117834 0.7971144 -0.5933913 0.1117834 0.7971143 -0.5933913 0.1117834 0.7227914 -0.6820157 0.1114776 0.7228149 -0.6820101 0.1113594 0.7226698 -0.6820937 0.1117882 0.7226698 -0.6820936 0.1117882 0.7226698 -0.6820937 0.1117882 0.6386255 -0.7614167 0.1113647 0.6386772 -0.7613626 0.1114391 0.6067796 -0.7231989 0.3298513 0.6067796 -0.723199 0.3298513 0.6067796 -0.7231989 0.3298513 0.6067777 -0.7231083 0.3300534 0.6067751 -0.7231105 0.3300533 0.6067777 -0.7231083 0.3300534 0.5444128 -0.6487617 0.531717 0.5445378 -0.6489365 0.5313757 0.4549338 -0.5419784 0.7066079 0.4549198 -0.5421717 0.7064687 0.3423894 -0.4080038 0.8463466 0.3423893 -0.4080038 0.8463466 0.3425526 -0.408289 0.846143 0.2127365 -0.2535257 0.9436461 0.2127366 -0.2535257 0.9436461 0.2126984 -0.2534008 0.9436882 0.2126985 -0.2534008 0.9436883 0.2126984 -0.2534008 0.9436882 0.07200026 -0.085747 0.993712 0.07201623 -0.08578127 0.9937078 0.06154084 -0.09353911 0.9937119 0.06154626 -0.09359687 0.9937061 0.1818367 -0.2765226 0.9436475 0.1818367 -0.2765226 0.9436475 0.1819153 -0.2764599 0.9436509 0.1819153 -0.2764599 0.9436509 0.1819153 -0.2764599 0.9436509 0.292837 -0.4452062 0.8461902 0.2926951 -0.4450694 0.8463113 0.2926952 -0.4450694 0.8463113 0.2926952 -0.4450694 0.8463113 0.3888058 -0.5911162 0.7066907 0.3888236 -0.5912876 0.7065375 0.4655274 -0.7078328 0.5312786 0.4655274 -0.7078329 0.5312786 0.4655274 -0.7078329 0.5312786 0.4653223 -0.7079752 0.5312687 0.5186733 -0.7888323 0.3297297 0.5186733 -0.7888324 0.3297297 0.5187105 -0.7887015 0.329984 0.5187104 -0.7887015 0.329984 0.5461615 -0.8302443 0.1113645 0.5461857 -0.8302195 0.1114311 0.05030632 -0.1000916 0.9937056 0.148497 -0.2957269 0.94366 0.148497 -0.2957269 0.94366 0.1483198 -0.2954589 0.9437718 0.2391019 -0.4762874 0.8461565 0.239135 -0.4760494 0.8462809 0.3176496 -0.6324218 0.7064995 0.317656 -0.632479 0.7064454 0.3802173 -0.7570938 0.5312665 0.3802466 -0.7569565 0.5314408 0.4236865 -0.8434517 0.3302711 0.4236013 -0.8436513 0.3298704 0.4460365 -0.8879831 0.1119716 0.4460364 -0.8879831 0.1119716 0.4460407 -0.8879988 0.1118299 0.3399127 -0.9338232 0.1115062 0.3399127 -0.9338232 0.1115062 0.3399128 -0.9338232 0.1115062 0.3398198 -0.933812 0.1118829 0.3398198 -0.933812 0.1118829 0.3398198 -0.933812 0.1118829 0.2288781 -0.9670433 0.1115442 0.2288781 -0.9670433 0.1115443 0.2288781 -0.9670433 0.1115443 0.2291526 -0.9669649 0.111661 0.2176547 -0.9184912 0.330152 0.2176729 -0.9184682 0.330204 0.1954941 -0.8242139 0.5314638 0.195494 -0.8242139 0.5314638 0.195494 -0.8242138 0.5314638 0.1951687 -0.8242599 0.5315119 0.1631109 -0.6888655 0.7062996 0.1631816 -0.6885816 0.7065601 0.1631816 -0.6885816 0.7065601 0.1631816 -0.6885816 0.7065601 0.12279 -0.5181339 0.8464395 0.12279 -0.5181339 0.8464395 0.12279 -0.5181339 0.8464395 0.1229218 -0.518144 0.8464143 0.07630813 -0.3218378 0.9437147 0.07630813 -0.3218377 0.9437147 0.076321 -0.3219538 0.9436742 0.07632094 -0.3219539 0.9436741 0.076321 -0.3219538 0.9436741 0.02583563 -0.1090013 0.9937059 0.02586865 -0.1089596 0.9937095 0.01297008 -0.1112809 0.9937044 0.01301616 -0.1111275 0.993721 0.03843921 -0.3286312 0.9436758 0.03843927 -0.3286312 0.9436758 0.03843516 -0.3286453 0.9436711 0.03843516 -0.3286453 0.9436711 0.03843516 -0.3286453 0.9436711 0.06186115 -0.5290468 0.8463349 0.06186115 -0.5290468 0.8463349 0.06186115 -0.5290468 0.8463349 0.06179815 -0.5290141 0.8463599 0.06179821 -0.5290141 0.8463599 0.06179827 -0.5290141 0.8463599 0.08211112 -0.7031107 0.7063238 0.08228403 -0.7027134 0.7066989 0.09848833 -0.841097 0.5318421 0.09834074 -0.8413689 0.5314392 0.1096029 -0.9376454 0.329861 0.1096029 -0.9376454 0.329861 0.1095795 -0.9376906 0.3297402 0.109579 -0.9376907 0.3297402 0.1095795 -0.9376906 0.3297402 0.115359 -0.9870418 0.111539 0.1154616 -0.9869987 0.1118136 0 -0.9937365 0.1117495 0 -0.9937376 0.1117385 0 -0.9440198 0.329889 0 -0.9440198 0.3298889 0 -0.9440198 0.329889 0 -0.9440237 0.329878 0 -0.9440237 0.329878 0 -0.9440237 0.329878 0 -0.8470748 0.5314738 0 -0.8470854 0.5314571 0 -0.707538 0.7066754 0 -0.7075561 0.7066572 0 -0.5328296 0.8462226 0 -0.5328296 0.8462226 0 -0.5328297 0.8462226 0 -0.5327543 0.84627 0 -0.5327543 0.84627 0 -0.5327543 0.84627 0 -0.3305335 0.9437943 0 -0.3308616 0.9436793 0 -0.3308616 0.9436793 0 -0.3308616 0.9436793 0 -0.1118921 0.9937204 0 -0.111885 0.9937212 -0.1150696 -0.9870765 0.1115305 -0.1153543 -0.9870309 0.1116406 -0.1153543 -0.9870309 0.1116406 -0.1095792 -0.9376979 0.3297199 -0.1095792 -0.9376978 0.3297199 -0.1095792 -0.9376979 0.3297199 -0.1095849 -0.9376565 0.3298358 -0.1095849 -0.9376565 0.3298358 -0.1095849 -0.9376564 0.3298358 -0.09834146 -0.8412712 0.5315937 -0.09834146 -0.8412712 0.5315937 -0.09834146 -0.8412712 0.5315937 -0.09826636 -0.8412956 0.531569 -0.09826636 -0.8412957 0.5315689 -0.09826636 -0.8412957 0.5315689 -0.08234399 -0.7030935 0.7063137 -0.08210575 -0.7030084 0.706426 -0.08210575 -0.7030085 0.706426 -0.08210581 -0.7030085 0.7064261 -0.06185007 -0.5294393 0.8460903 -0.06187236 -0.5290651 0.8463227 -0.06187242 -0.5290651 0.8463227 -0.06187236 -0.5290651 0.8463227 -0.03844451 -0.3286533 0.9436679 -0.03844445 -0.3286533 0.9436679 -0.03844451 -0.3286533 0.9436679 -0.0384323 -0.32862 0.9436801 -0.0384323 -0.32862 0.9436801 -0.0384323 -0.32862 0.9436801 -0.01305294 -0.1112666 0.9937049 -0.01291722 -0.1111397 0.993721 -0.2295863 -0.9669024 0.1113104 -0.2295863 -0.9669024 0.1113104 -0.2295864 -0.9669024 0.1113104 -0.2291535 -0.966996 0.1113895 -0.2291535 -0.966996 0.1113894 -0.2291535 -0.966996 0.1113895 -0.2176296 -0.9184451 0.3302969 -0.2178563 -0.9185475 0.3298625 -0.2178562 -0.9185475 0.3298625 -0.2178563 -0.9185475 0.3298625 -0.1955431 -0.8244889 0.5310188 -0.1955431 -0.8244889 0.5310188 -0.1955431 -0.8244889 0.5310188 -0.1952221 -0.8242288 0.5315404 -0.195222 -0.8242288 0.5315404 -0.195222 -0.8242288 0.5315404 -0.1630971 -0.6889234 0.7062464 -0.1631198 -0.6888997 0.7062643 -0.1227232 -0.5183141 0.8463389 -0.1228206 -0.5182473 0.8463657 -0.1228206 -0.5182473 0.8463656 -0.1228206 -0.5182473 0.8463657 -0.0763489 -0.3221393 0.9436087 -0.07634884 -0.3221393 0.9436087 -0.0763489 -0.3221393 0.9436087 -0.07635802 -0.3220934 0.9436235 -0.07635802 -0.3220934 0.9436235 -0.07635796 -0.3220934 0.9436235 -0.02584916 -0.1089643 0.9937095 -0.02587783 -0.1089998 0.9937049 -0.03824579 -0.1052428 0.9937109 -0.03832596 -0.1053115 0.9937005 -0.1130737 -0.3105732 0.9438001 -0.1132227 -0.3110441 0.9436272 -0.1132227 -0.3110441 0.9436272 -0.1132227 -0.3110441 0.9436272 -0.1820108 -0.5001468 0.8465964 -0.1820108 -0.5001468 0.8465963 -0.1820108 -0.5001468 0.8465964 -0.1822035 -0.5002872 0.8464719 -0.1822035 -0.5002872 0.8464718 -0.1822035 -0.5002872 0.8464719 -0.2422605 -0.6652132 0.7062587 -0.2421488 -0.6651729 0.706335 -0.2898496 -0.7962059 0.5310776 -0.2898496 -0.7962059 0.5310777 -0.2898496 -0.7962059 0.5310776 -0.2898216 -0.7959894 0.5314173 -0.3229032 -0.8869 0.3303666 -0.3231443 -0.8869746 0.32993 -0.340186 -0.9337959 0.1108997 -0.3397284 -0.9338312 0.1120006 -0.4458089 -0.8881388 0.1116423 -0.4459483 -0.8880178 0.1120471 -0.4459602 -0.8880115 0.1120496 -0.5463744 -0.8300631 0.1116707 -0.5463745 -0.8300631 0.1116707 -0.5463744 -0.8300631 0.1116707 -0.5462118 -0.8301259 0.1119984 -0.5188356 -0.7887577 0.3296529 -0.5186169 -0.7887244 0.3300762 -0.5186169 -0.7887244 0.3300762 -0.5186169 -0.7887245 0.3300763 -0.4651862 -0.707753 0.5316838 -0.4653325 -0.7078321 0.5314503 -0.3886956 -0.591225 0.7066603 -0.389056 -0.5913266 0.7063769 -0.389056 -0.5913266 0.7063769 -0.389056 -0.5913266 0.7063769 -0.2928313 -0.4450625 0.8462679 -0.2928313 -0.4450625 0.8462679 -0.2928313 -0.4450625 0.8462678 -0.2926818 -0.4450687 0.8463162 -0.1817855 -0.2763838 0.9436981 -0.1817855 -0.2763838 0.9436981 -0.1817858 -0.2763835 0.9436981 -0.1818777 -0.2765645 0.9436274 -0.1818777 -0.2765645 0.9436274 -0.1818777 -0.2765645 0.9436274 -0.06151252 -0.09359252 0.9937086 -0.06160807 -0.09361058 0.993701 -0.0720607 -0.0857954 0.9937035 -0.0719667 -0.08576816 0.9937126 -0.2124171 -0.2531339 0.9438233 -0.2127227 -0.2535026 0.9436555 -0.2127227 -0.2535024 0.9436554 -0.3425211 -0.4083982 0.846103 -0.3423996 -0.4081056 0.8462933 -0.3423997 -0.4081056 0.8462933 -0.3423997 -0.4081056 0.8462933 -0.4547636 -0.5420866 0.7066345 -0.4549365 -0.5421479 0.7064762 -0.5445183 -0.6489925 0.5313273 -0.5445183 -0.6489925 0.5313273 -0.5446128 -0.6489557 0.5312753 -0.5446129 -0.6489557 0.5312752 -0.6068333 -0.7231815 0.3297909 -0.6068333 -0.7231814 0.3297909 -0.6068333 -0.7231815 0.3297908 -0.6067393 -0.723309 0.3296843 -0.6386612 -0.7613435 0.1116604 -0.6387165 -0.7613238 0.1114785 -0.7228705 -0.6819561 0.11133 -0.7228705 -0.6819561 0.11133 -0.7226923 -0.6820983 0.1116151 -0.6864492 -0.6478992 0.330173 -0.6866929 -0.6478691 0.3297252 -0.6160436 -0.5812302 0.5316595 -0.6162045 -0.5814054 0.5312815 -0.6162045 -0.5814053 0.5312815 -0.6162044 -0.5814054 0.5312814 -0.5149688 -0.4858551 0.7062238 -0.514698 -0.4858026 0.7064572 -0.3874513 -0.3656958 0.8462554 -0.3873391 -0.3655338 0.8463767 -0.3873391 -0.3655338 0.8463767 -0.2403136 -0.2266957 0.943853 -0.2406304 -0.2270302 0.9436919 -0.2406304 -0.2270302 0.9436919 -0.08141148 -0.07683932 0.9937142 -0.7972999 -0.5930636 0.1121988 -0.7971407 -0.5934007 0.1115456 -0.7971407 -0.5934007 0.1115456 -0.7971292 -0.5934312 0.1114656 -0.7971292 -0.5934311 0.1114656 -0.7971292 -0.5934311 0.1114656 -0.8605207 -0.4970439 0.1115872 -0.8605433 -0.4970087 0.1115696 -0.8175676 -0.4720091 0.3298341 -0.8175758 -0.4721354 0.3296329 -0.8175759 -0.4721355 0.3296329 -0.7335412 -0.4236269 0.5314674 -0.7335413 -0.423627 0.5314674 -0.7336017 -0.4234523 0.531523 -0.6129791 -0.353812 0.7064516 -0.6126682 -0.3538099 0.7067221 -0.4611858 -0.2662379 0.846419 -0.4611858 -0.2662379 0.846419 -0.4611858 -0.2662379 0.846419 -0.4611704 -0.2662593 0.8464208 -0.4611703 -0.2662593 0.8464208 -0.2866483 -0.1654739 0.9436373 -0.2866483 -0.1654739 0.9436373 -0.286647 -0.1654763 0.9436372 -0.2866471 -0.1655474 0.9436247 -0.286647 -0.1655474 0.9436247 -0.286647 -0.1655474 0.9436247 -0.09696543 -0.05599266 0.9937115 -0.09702301 -0.05599933 0.9937055 -0.1028462 -0.04435449 0.9937079 -0.1027739 -0.04435664 0.9937154 -0.3035685 -0.1309896 0.9437627 -0.30364 -0.1309846 0.9437403 -0.4890494 -0.2110177 0.8463464 -0.4890494 -0.2110177 0.8463464 -0.4890495 -0.2110178 0.8463464 -0.4892237 -0.2110947 0.8462265 -0.6497833 -0.2803964 0.7065123 -0.6501759 -0.2803732 0.7061601 -0.7776852 -0.3353488 0.5317397 -0.7778604 -0.3354492 0.5314199 -0.7778603 -0.3354492 0.53142 -0.7778604 -0.3354492 0.5314199 -0.8669721 -0.3738954 0.329487 -0.8669391 -0.3739196 0.3295461 -0.9124217 -0.3936291 0.1119951 -0.9124217 -0.3936292 0.1119951 -0.9124217 -0.3936292 0.1119951 -0.9125059 -0.3935276 0.1116654 -0.9125058 -0.3935275 0.1116654 -0.9125059 -0.3935276 0.1116654 -0.9519706 -0.284991 0.1119465 -0.9519706 -0.2849911 0.1119465 -0.9519708 -0.284991 0.1119465 -0.9519708 -0.2851399 0.1115649 -0.9520975 -0.2846105 0.1118369 -0.9520974 -0.2846105 0.111837 -0.9520975 -0.2846104 0.1118369 -0.9787223 -0.1720249 0.1118486 -0.9786404 -0.1723183 0.1121131 -0.9297901 -0.1637248 0.3296738 -0.9298067 -0.1636995 0.3296393 -0.8342153 -0.1468731 0.5315198 -0.8342613 -0.1470896 0.5313876 -0.8342613 -0.1470896 0.5313876 -0.8342614 -0.1470896 0.5313876 -0.6973046 -0.1227921 0.7061789 -0.6966671 -0.1230295 0.7067664 -0.5244045 -0.09245008 0.8464354 -0.5244045 -0.09245008 0.8464356 -0.5244045 -0.09245002 0.8464355 -0.5246765 -0.09248101 0.8462635 -0.5246765 -0.09248101 0.8462635 -0.3259779 -0.05745625 0.9436298 -0.3259779 -0.05745625 0.9436298 -0.3259779 -0.05745625 0.9436298 -0.3257874 -0.05750399 0.9436927 -0.3257874 -0.05750399 0.9436927 -0.3257874 -0.05750399 0.9436928 -0.1102528 -0.01946783 0.9937129 -0.1103299 -0.01943796 0.993705 -0.1117146 -0.006523966 0.9937189 -0.1118493 -0.00647974 0.9937041 -0.3303472 -0.01919221 0.9436644 -0.3303472 -0.01919221 0.9436644 -0.3303472 -0.01919221 0.9436644 -0.330106 -0.0192371 0.9437479 -0.330106 -0.0192371 0.9437478 -0.330106 -0.0192371 0.9437478 -0.5319373 -0.03100407 0.846216 -0.5317539 -0.030909 0.8463348 -0.5317539 -0.030909 0.8463348 -0.5317538 -0.030909 0.8463348 -0.7068277 -0.04107582 0.7061923 -0.7065052 -0.04124021 0.7065052 -0.8458515 -0.04911112 0.5311529 -0.8458516 -0.04911118 0.5311529 -0.8456888 -0.04931467 0.5313931 -0.9424873 -0.05495464 0.3296933 -0.9424443 -0.05501753 0.3298058 -0.9424444 -0.05501753 0.3298059 -0.9424444 -0.05501753 0.3298058 -0.9920284 -0.05803298 0.1118566 -0.9920721 -0.05790251 0.111537 -0.1118725 0.006533145 0.9937012 -0.1117367 0.006474673 0.9937168 -0.3302046 0.01919102 0.9437143 -0.3302046 0.01919102 0.9437143 -0.3302046 0.01919108 0.9437143 -0.3300452 0.01923596 0.9437692 -0.5321259 0.03102022 0.8460968 -0.5317162 0.03090476 0.8463585 -0.5317162 0.03090476 0.8463585 -0.5317162 0.03090482 0.8463585 -0.7064945 0.04106867 0.7065261 -0.706798 0.04125565 0.7062115 -0.8456663 0.04935622 0.531425 -0.8456627 0.04933029 0.5314331 -0.9423422 0.05497688 0.330104 -0.9424597 0.05512714 0.3297436 -0.9920649 0.05802536 0.1115362 -0.9920441 0.05758714 0.1119474 -0.9920441 0.05758714 0.1119474 -0.9786339 0.172508 0.1118782 -0.9786339 0.1725081 0.1118782 -0.9786339 0.1725081 0.1118782 -0.9786757 0.1724087 0.111666 -0.9786756 0.1724088 0.1116659 -0.9786756 0.1724087 0.111666 -0.9786197 0.1725796 0.1118921 -0.9786197 0.1725796 0.1118921 -0.9786197 0.1725796 0.1118921 -0.9520615 0.2847813 0.1117074 -0.9520615 0.2847813 0.1117073 -0.9520615 0.2847813 0.1117074 -0.9519652 0.2851782 0.1115145 -0.904362 0.2708017 0.3298422 -0.904362 0.2708017 0.3298422 -0.9043976 0.2708524 0.3297027 -0.8115383 0.2430204 0.5313633 -0.8115382 0.2430204 0.5313633 -0.8115382 0.2430204 0.5313633 -0.8113911 0.2431995 0.531506 -0.6782644 0.2032904 0.7061377 -0.6777029 0.2027123 0.7068428 -0.5101057 0.1526822 0.8464516 -0.5101057 0.1526821 0.8464516 -0.5101057 0.1526822 0.8464516 -0.5103961 0.1529083 0.8462358 -0.5103961 0.1529082 0.8462358 -0.316779 0.09492623 0.9437373 -0.3168743 0.09480005 0.9437181 -0.3168743 0.09480005 0.943718 -0.3168743 0.09480005 0.943718 -0.1072925 0.03207898 0.9937099 -0.1073527 0.03215408 0.9937009 -0.1027813 0.0443505 0.9937148 -0.1028049 0.04435718 0.9937121 -0.3036271 0.1310149 0.9437403 -0.3039734 0.1311329 0.9436125 -0.3039734 0.1311329 0.9436124 -0.3039734 0.1311329 0.9436125 -0.489182 0.2109271 0.8462923 -0.4889223 0.2109088 0.8464471 -0.4889224 0.2109088 0.8464471 -0.4889223 0.2109088 0.8464471 -0.6500807 0.2805458 0.7061793 -0.649793 0.2801353 0.7066069 -0.7778692 0.3354894 0.5313817 -0.7778692 0.3354894 0.5313817 -0.7777976 0.3355271 0.5314627 -0.8667662 0.3737787 0.3301607 -0.8667662 0.3737787 0.3301607 -0.8669321 0.3739881 0.329487 -0.91243 0.3936901 0.1117133 -0.9124299 0.3936901 0.1117133 -0.9124299 0.3936901 0.1117133 -0.9124063 0.3936504 0.1120448 -0.8605731 0.4969192 0.1117383 -0.8605971 0.4968287 0.1119555 -0.8176809 0.4720249 0.3295307 -0.8176662 0.4720184 0.3295767 -0.7336063 0.4234744 0.5314992 -0.7336155 0.4235717 0.5314088 -0.6130287 0.3539224 0.7063531 -0.6130288 0.3539224 0.7063531 -0.6130287 0.3539225 0.7063531 -0.6128189 0.353806 0.7065935 -0.4611427 0.2662171 0.846449 -0.4611427 0.2662172 0.846449 -0.4611426 0.2662172 0.846449 -0.4611178 0.2662078 0.8464655 -0.4611178 0.2662078 0.8464655 -0.4611178 0.2662078 0.8464656 -0.2862235 0.1653236 0.9437925 -0.2865934 0.1654907 0.943651 -0.2865934 0.1654907 0.943651 -0.2865934 0.1654907 0.943651 -0.09701311 0.05601876 0.9937054 -0.09698706 0.05597311 0.9937105 -0.7970021 0.5936557 0.1111778 -0.7972145 0.5932757 0.1116833 -0.7573034 0.5635967 0.329925 -0.7572346 0.5637153 0.3298803 -0.7572336 0.5637167 0.3298802 -0.6796213 0.5059235 0.531184 -0.6796212 0.5059235 0.5311839 -0.6796213 0.5059235 0.5311839 -0.6796408 0.5058364 0.531242 -0.6796408 0.5058363 0.531242 -0.6796408 0.5058364 0.531242 -0.5675708 0.4223622 0.7067344 -0.5675709 0.4223622 0.7067344 -0.5675708 0.4223622 0.7067345 -0.5678003 0.4228389 0.7062649 -0.5678004 0.4228389 0.7062649 -0.5678004 0.4228389 0.7062649 -0.4270488 0.3180058 0.8464643 -0.4270488 0.3180058 0.8464643 -0.4273857 0.3181541 0.8462384 -0.2654402 0.197588 0.9436634 -0.2654402 0.197588 0.9436633 -0.2654402 0.197588 0.9436634 -0.2651564 0.1974031 0.9437819 -0.08978945 0.06687039 0.9937134 -0.08982539 0.0669254 0.9937064 -0.7232423 0.6814746 0.1118612 -0.7232423 0.6814746 0.1118612 -0.7232424 0.6814746 0.1118612 -0.7228062 0.6819758 0.1116256 -0.7228062 0.6819759 0.1116256 -0.7228062 0.6819759 0.1116257 -0.6866393 0.6479128 0.3297507 -0.6866472 0.6478213 0.3299138 -0.616122 0.5812934 0.5314996 -0.616122 0.5812934 0.5314996 -0.6161219 0.5812934 0.5314997 -0.5148496 0.4858767 0.7062959 -0.5147319 0.4855396 0.7066134 -0.5147319 0.4855396 0.7066134 -0.387557 0.3656395 0.8462314 -0.387557 0.3656394 0.8462314 -0.387557 0.3656395 0.8462314 -0.3875691 0.3655303 0.8462729 -0.240616 0.2269368 0.943718 -0.240616 0.2269368 0.943718 -0.24062 0.226933 0.943718 -0.2406867 0.2271099 0.9436584 -0.2406867 0.2271099 0.9436584 -0.2406867 0.2271099 0.9436584 -0.08149093 0.07686388 0.9937059 -0.08145624 0.07683581 0.9937108 -0.07199847 0.08579522 0.9937079 -0.07201606 0.08581179 0.9937053 -0.2125813 0.2533677 0.9437235 -0.2125813 0.2533677 0.9437235 -0.2125813 0.2533676 0.9437235 -0.2123831 0.2532007 0.943813 -0.3422864 0.4079569 0.8464108 -0.3422865 0.4079569 0.8464108 -0.3425322 0.4081664 0.8462104 -0.4550657 0.5422714 0.706298 -0.4550945 0.5424935 0.7061089 -0.5442124 0.6487522 0.5319338 -0.5444172 0.6489809 0.5314451 -0.5444171 0.6489809 0.5314451 -0.6066603 0.7233471 0.3297459 -0.606662 0.7232306 0.3299981 -0.6387235 0.7612779 0.1117507 -0.6387236 0.761278 0.1117507 -0.6387235 0.7612779 0.1117507 -0.6387966 0.7611837 0.1119755 -0.5461593 0.8302046 0.1116712 -0.5461594 0.8302046 0.1116712 -0.5460537 0.8302018 0.1122071 -0.5460536 0.8302018 0.1122071 -0.5460537 0.8302018 0.1122071 -0.5457935 0.8303976 0.112024 -0.4461841 0.8879073 0.1119846 -0.4461841 0.8879073 0.1119846 -0.4461841 0.8879073 0.1119847 -0.4459189 0.8880579 0.1118472 -0.4459189 0.8880578 0.1118471 -0.4236006 0.8437966 0.3294997 -0.4236788 0.8436275 0.3298317 -0.4236788 0.8436276 0.3298318 -0.4236787 0.8436275 0.3298318 -0.3802502 0.7570345 0.5313273 -0.3802502 0.7570345 0.5313273 -0.3802502 0.7570345 0.5313272 -0.3802193 0.756996 0.5314043 -0.3177112 0.6325479 0.7063589 -0.317725 0.6326979 0.7062183 -0.2390547 0.4760207 0.8463197 -0.2390136 0.4759362 0.8463789 -0.1485672 0.2958377 0.9436143 -0.1485672 0.2958377 0.9436143 -0.1485672 0.2958377 0.9436143 -0.1485972 0.2958576 0.9436033 -0.1485973 0.2958576 0.9436033 -0.1485973 0.2958576 0.9436033 -0.05029898 0.1001769 0.9936975 -0.03829836 0.105212 0.9937121 -0.03829181 0.1052809 0.993705 -0.1130798 0.3108191 0.9437184 -0.1131086 0.3105775 0.9437946 -0.1822556 0.5004879 0.846342 -0.1822566 0.5006991 0.8462169 -0.2420862 0.6652067 0.7063246 -0.2421182 0.6649954 0.7065126 -0.2896972 0.7960272 0.5314286 -0.2896739 0.7960636 0.5313867 -0.3229249 0.8870376 0.3299755 -0.3229249 0.8870376 0.3299755 -0.3228607 0.8871693 0.3296841 -0.3228608 0.8871693 0.3296841 -0.3228608 0.8871694 0.3296841 -0.3399834 0.9337311 0.1120606 -0.3398782 0.9338052 0.1117618 -0.3398782 0.9338052 0.1117618 -0.3398781 0.9338052 0.1117618 -0.2294025 0.9668759 0.111917 -0.2291549 0.9669667 0.1116408 -0.2176982 0.918622 0.3297592 -0.2177501 0.9185423 0.3299469 -0.1953667 0.8241907 0.5315466 -0.1953667 0.8241906 0.5315465 -0.1953667 0.8241906 0.5315465 -0.1955904 0.8243654 0.5311931 -0.1955904 0.8243654 0.5311931 -0.1955904 0.8243654 0.531193 -0.1631193 0.6889208 0.7062439 -0.1632132 0.688629 0.7065066 -0.1229301 0.5186057 0.8461303 -0.1229302 0.5184557 0.8462222 -0.07626616 0.3215874 0.9438036 -0.07622915 0.3216263 0.9437932 -0.02584564 0.1089507 0.9937111 -0.0258094 0.1090171 0.9937049 -0.1153587 0.9870722 0.1112699 -0.1150735 0.9870317 0.1119216 -0.1151218 0.9870283 0.1119031 0 0.9937339 0.111772 0 0.9937339 0.111772 0 0.9937339 0.111772 0 0.993736 0.1117529 0 0.993736 0.1117529 0 0.993736 0.1117529 0 0.9439345 0.3301329 0 0.8472916 0.531128 0 0.8472668 0.5311677 0 0.7077663 0.7064467 0 0.7077931 0.7064199 0 0.5327937 0.8462452 0 0.5325224 0.8464159 0 0.5325224 0.846416 0 0.5325224 0.8464159 0 0.3309834 0.9436366 0 0.3309834 0.9436367 0 0.3309834 0.9436366 0 0.3308579 0.9436807 0 0.3308579 0.9436806 0 0.3308579 0.9436806 0 0.1119393 0.9937151 0 0.11194 0.9937151 0.01299434 0.1111776 0.9937157 0.01298052 0.1112147 0.9937117 0.03845024 0.3287633 0.9436293 0.03845024 0.3287633 0.9436294 0.03845024 0.3287633 0.9436293 0.0383234 0.3282196 0.9438238 0.06173604 0.5289561 0.8464007 0.06173604 0.5289561 0.8464007 0.0617361 0.5289561 0.8464007 0.06188434 0.5290026 0.8463609 0.06188434 0.5290026 0.8463608 0.06188428 0.5290026 0.8463609 0.08221977 0.7029521 0.7064689 0.08211892 0.7028079 0.7066242 0.08211892 0.7028079 0.7066242 0.08211886 0.7028079 0.7066242 0.09853541 0.8415424 0.5311284 0.09834271 0.8414708 0.5312774 0.09834277 0.8414707 0.5312774 0.09834271 0.8414708 0.5312774 0.1096491 0.9376918 0.3297142 0.1096491 0.9376918 0.3297142 0.1096491 0.9376918 0.3297142 0.1095665 0.9376699 0.3298035 0.115349 0.9870293 0.1116596 0.1153489 0.9870293 0.1116596 0.115349 0.9870293 0.1116596 0.1151151 0.9870316 0.1118804 0.229155 0.9669375 0.1118924 0.2291549 0.9669375 0.1118924 0.2291549 0.9669375 0.1118924 0.229045 0.9669986 0.1115895 0.229045 0.9669985 0.1115894 0.229045 0.9669986 0.1115895 0.2296303 0.9668167 0.1119617 0.2296301 0.9668157 0.1119708 0.2296304 0.9668168 0.1119617 0.3400692 0.9337271 0.1118343 0.3399192 0.9337594 0.1120199 0.3227894 0.8871455 0.3298181 0.3227894 0.8871455 0.3298181 0.3227894 0.8871455 0.3298181 0.3230198 0.8871996 0.3294467 0.3230198 0.8871996 0.3294467 0.3230198 0.8871996 0.3294468 0.2897266 0.79605 0.5313784 0.2897266 0.79605 0.5313785 0.2897266 0.7960501 0.5313784 0.2897843 0.7959932 0.531432 0.2418719 0.6648463 0.7067373 0.2418719 0.6648462 0.7067372 0.2420678 0.6650484 0.70648 0.1822017 0.5004249 0.8463909 0.1822741 0.5005533 0.8462994 0.1133322 0.3113083 0.9435269 0.1133323 0.3113083 0.9435269 0.1133322 0.3113083 0.9435269 0.1130108 0.3106677 0.9437766 0.03824001 0.1052292 0.9937125 0.03832173 0.1052754 0.9937045 0.0502566 0.1000637 0.9937111 0.05034863 0.1001214 0.9937005 0.148643 0.2956185 0.943671 0.1484951 0.2957196 0.9436627 0.1484951 0.2957195 0.9436626 0.1484951 0.2957196 0.9436627 0.2389078 0.4759553 0.8463981 0.2389746 0.47588 0.8464215 0.2389747 0.47588 0.8464216 0.2389746 0.47588 0.8464215 0.3177177 0.6324633 0.7064316 0.317565 0.6324091 0.7065489 0.3803461 0.7570515 0.5312343 0.3803461 0.7570515 0.5312343 0.3803461 0.7570515 0.5312343 0.3804177 0.7569913 0.531269 0.4235593 0.8435386 0.3302126 0.4459194 0.8880572 0.1118502 0.4462238 0.8880038 0.1110574 0.06159126 0.093625 0.9937007 0.0614686 0.09356617 0.9937137 0.1817827 0.2764675 0.9436742 0.1817827 0.2764675 0.9436742 0.1817827 0.2764674 0.9436741 0.1819018 0.276516 0.9436369 0.1819018 0.276516 0.943637 0.2927098 0.4451793 0.8462485 0.2926825 0.445117 0.8462907 0.3887351 0.59128 0.7065926 0.3890604 0.5914272 0.7062903 0.3890604 0.5914272 0.7062903 0.4657113 0.7077361 0.5312464 0.4654108 0.7076074 0.5316809 0.5188609 0.7887032 0.3297438 0.5188609 0.788703 0.3297438 0.5187761 0.7886342 0.3300418 0.5461187 0.830232 0.1116669 0.5461186 0.830232 0.1116669 0.5461187 0.830232 0.1116669 0.545901 0.8303647 0.1117435 0.6387752 0.76119 0.1120536 0.6387753 0.7611899 0.1120536 0.6386695 0.7613731 0.1114112 0.6388673 0.7611638 0.1117059 0.7226383 0.6821053 0.1119208 0.7226384 0.6821053 0.1119208 0.7226384 0.6821053 0.1119207 0.7228749 0.6818922 0.1116913 0.6867778 0.6478396 0.3296062 0.6867778 0.6478396 0.3296062 0.6867774 0.64784 0.3296062 0.6867725 0.6477664 0.3297611 0.6161674 0.5813456 0.5313897 0.6161674 0.5813457 0.5313897 0.6161674 0.5813457 0.5313898 0.6161364 0.581334 0.5314384 0.6161364 0.581334 0.5314384 0.6161364 0.581334 0.5314384 0.5147206 0.4855923 0.7065854 0.5147206 0.4855922 0.7065854 0.5148946 0.4858586 0.7062755 0.3874856 0.3656436 0.8462623 0.3876259 0.3656941 0.8461762 0.240733 0.2270764 0.9436546 0.240733 0.2270764 0.9436547 0.240733 0.2270764 0.9436546 0.2406532 0.2270595 0.943679 0.2406532 0.2270596 0.943679 0.08152651 0.07686632 0.9937027 0.08980613 0.06687623 0.9937115 0.0897935 0.0668776 0.9937125 0.2654684 0.1976048 0.943652 0.2654684 0.1976048 0.943652 0.2654684 0.1976047 0.943652 0.2652647 0.1975188 0.9437273 0.2652647 0.1975188 0.9437273 0.2652647 0.1975188 0.9437273 0.4273469 0.3182048 0.8462389 0.4275701 0.3182324 0.8461159 0.5677992 0.4226352 0.7063878 0.5676265 0.4226062 0.7065439 0.6793884 0.5058048 0.5315946 0.679501 0.5058553 0.5314029 0.679501 0.5058552 0.5314028 0.679501 0.5058553 0.5314028 0.7571182 0.5638091 0.3299868 0.7572112 0.5637972 0.329794 0.7572112 0.5637972 0.3297941 0.7971654 0.5933709 0.1115275 0.7971058 0.5934196 0.1116951 0.8606179 0.4968506 0.1116974 0.8606193 0.4968441 0.1117159 0.8174355 0.4719125 0.3302997 0.8176802 0.4718726 0.3297508 0.8176802 0.4718725 0.3297508 0.7338986 0.4235429 0.5310407 0.7338987 0.4235429 0.5310407 0.7338987 0.4235429 0.5310406 0.7334803 0.4235974 0.5315749 0.7334804 0.4235973 0.5315749 0.7334803 0.4235973 0.5315749 0.6126174 0.3538155 0.7067635 0.6128367 0.3538397 0.7065612 0.4613689 0.2663338 0.846289 0.4613689 0.2663338 0.846289 0.4613592 0.2663464 0.8462903 0.4613593 0.2663464 0.8462903 0.4613593 0.2663465 0.8462904 0.2866461 0.1654777 0.9436373 0.286646 0.1654778 0.9436373 0.2866461 0.1654777 0.9436373 0.2865384 0.1654113 0.9436815 0.2865384 0.1654114 0.9436816 0.2865384 0.1654114 0.9436815 0.097005 0.05601841 0.9937062 0.09696066 0.05601495 0.9937107 0.9125297 0.3933953 0.111936 0.9125298 0.3933953 0.111936 0.9125298 0.3933953 0.111936 0.9125258 0.3934281 0.1118535 0.9125258 0.393428 0.1118535 0.9125258 0.3934281 0.1118535 0.8667795 0.3739223 0.329963 0.8666323 0.3739926 0.3302699 0.7779175 0.3356114 0.531234 0.7779175 0.3356113 0.531234 0.7779176 0.3356113 0.531234 0.7782434 0.335518 0.5308154 0.6497668 0.2801262 0.7066346 0.6495601 0.280151 0.7068148 0.4889732 0.2109277 0.8464129 0.4889733 0.2109277 0.8464129 0.4889732 0.2109277 0.8464128 0.4894369 0.2110339 0.8461184 0.3038179 0.1310033 0.9436805 0.3038179 0.1310033 0.9436805 0.3037973 0.1310473 0.9436811 0.3037973 0.1310473 0.9436811 0.3037973 0.1310473 0.943681 0.1028249 0.04433286 0.9937111 0.102832 0.04432821 0.9937105 0.952062 0.2848693 0.111479 0.952062 0.2848692 0.111479 0.952062 0.2848693 0.111479 0.9520123 0.2851923 0.1110765 0.9042232 0.2708162 0.3302106 0.9042233 0.2708162 0.3302106 0.9044836 0.2707527 0.3295488 0.9044836 0.2707529 0.3295488 0.8117119 0.2429468 0.5311316 0.8117079 0.242871 0.5311724 0.8117078 0.242871 0.5311724 0.8117078 0.2428711 0.5311723 0.6776368 0.2029855 0.7068277 0.6778964 0.2029122 0.7065997 0.5102829 0.1527363 0.8463351 0.5102829 0.1527363 0.8463351 0.510283 0.1527363 0.8463351 0.5104457 0.1528813 0.8462107 0.3171159 0.09496134 0.9436207 0.3171159 0.09496128 0.9436206 0.3171159 0.09496128 0.9436207 0.3166335 0.09483349 0.9437955 0.1072868 0.03212332 0.993709 0.1072562 0.03212493 0.9937123 0.110268 0.01943808 0.9937119 0.1102594 0.01943612 0.9937128 0.3255306 0.05737751 0.943789 0.3260183 0.05745226 0.9436162 0.3260183 0.05745232 0.9436162 0.3260183 0.05745232 0.9436162 0.5245923 0.09250181 0.8463134 0.5245923 0.09250181 0.8463134 0.5245345 0.09252136 0.8463471 0.5245345 0.09252136 0.8463472 0.5245345 0.09252136 0.8463472 0.6969704 0.1228847 0.7064925 0.6969704 0.1228847 0.7064926 0.6969704 0.1228848 0.7064925 0.6972686 0.1227987 0.7062132 0.8344309 0.1469687 0.5311548 0.8342751 0.1470419 0.5313793 0.9295642 0.1638724 0.3302366 0.9295642 0.1638724 0.3302366 0.9296209 0.1638838 0.3300716 0.9296209 0.1638839 0.3300716 0.9296209 0.1638838 0.3300716 0.9786749 0.1725352 0.1114766 0.9786749 0.1725351 0.1114766 0.9786757 0.1725311 0.1114766 0.9786218 0.1726748 0.1117267 0.9786219 0.1726748 0.1117267 0.9786218 0.1726748 0.1117267 0.09694528 -0.05601054 0.9937126 0.2863488 -0.1653792 0.9437447 0.3038855 -0.131068 0.9436498 0.3038855 -0.1310679 0.9436497 0.4888648 -0.2108525 0.8464943 0.4888648 -0.2108525 0.8464943 0.4888648 -0.2108525 0.8464942 0.5102265 -0.1527003 0.8463755 0.5102265 -0.1527003 0.8463757 0.5102264 -0.1527004 0.8463756 0.6777428 -0.202883 0.7067554 0.6967584 -0.1226959 0.7067344 0.8341783 -0.1469213 0.5315644 0.8456324 -0.04930144 0.531484 0.9423698 -0.05495768 0.3300284 0.9423796 0.05476045 0.3300333 0.9920551 0.05797624 0.1116495 0.9920551 0.05797624 0.1116495 0.9920551 0.05797624 0.1116495 0.9920704 0.05758601 0.1117147 -0.9967041 -0.08037 -0.01104027 -0.9708087 -0.2394644 -0.01369136 -0.9847523 -0.1738254 0.006902754 -0.9848628 -0.1731988 0.006903886 -0.8659038 -0.500196 0.003816902 -0.9181766 -0.3961387 -0.005103647 -0.9199953 -0.3918518 -0.007795393 -0.9579803 -0.2867878 0.00514853 -0.9579803 -0.2867879 0.00514847 -0.9579803 -0.2867879 0.00514841 -0.9579337 -0.2869433 0.005164086 -0.8659868 -0.5000525 0.003819406 -0.8450905 -0.5344615 -0.01316422 -0.8022233 -0.5969809 0.007183611 -0.8019518 -0.5973455 0.007184028 -0.7484773 -0.6630458 -0.01232904 -0.7273535 -0.6862599 0.002105534 -0.7278233 -0.6857615 0.002110302 -0.6324124 -0.7746266 -0.002884924 -0.6428028 -0.7659422 -0.01171529 -0.5000519 -0.8658851 -0.01382988 -0.5495123 -0.8354628 0.006191492 -0.5492219 -0.8356537 0.006187617 -0.2308375 -0.9729903 0.00202775 -0.2308374 -0.9729902 0.00202775 -0.2308375 -0.9729903 0.00202775 -0.3418701 -0.9397442 -0.00241369 -0.3544213 -0.9350365 -0.009611964 -0.4490034 -0.8935083 0.00624144 -0.4490034 -0.8935083 0.0062415 -0.4490034 -0.8935083 0.0062415 -0.4487746 -0.8936229 0.006287395 -0.2302947 -0.9731189 0.001999437 -0.2302947 -0.9731189 0.001999437 -0.2302947 -0.9731189 0.001999378 -0.1999937 -0.9797176 -0.01249313 -0.1158489 -0.9932414 0.007124483 -0.1157988 -0.9932472 0.007125616 -0.04036408 -0.9990979 -0.01320195 0 -0.9999927 0.003833651 0 -0.9999927 0.003834366 0.1204857 -0.9927002 -0.005441963 0.1161717 -0.9931949 -0.008261084 0.1161717 -0.9931949 -0.008261084 0.1161717 -0.9931949 -0.008261084 0.2780991 -0.9604554 -0.01365917 0.2304424 -0.9730719 0.005251228 0.2310929 -0.972918 0.00516957 0.2310929 -0.972918 0.00516963 0.2310929 -0.972918 0.005169689 0.4288803 -0.9032925 -0.0111528 0.3417544 -0.9397642 0.006870031 0.3417544 -0.9397642 0.006865203 0.3417544 -0.9397642 0.00687009 0.3417428 -0.9397685 0.006869435 0.5680097 -0.8229452 -0.011231 0.5493425 -0.8355973 0 0.4490184 -0.8935226 0 0.6925699 -0.7212191 -0.01378232 0.6426592 -0.7661219 0.00681734 0.6428673 -0.7659472 0.006818354 0.8660961 -0.4998631 0.003807306 0.8021203 -0.5971405 -0.005119979 0.7993857 -0.6007687 -0.007723867 0.7272448 -0.6863588 0.005165874 0.7272448 -0.6863588 0.005165874 0.7272448 -0.6863588 0.005165934 0.7273331 -0.6862657 0.00510317 0.8660429 -0.4999554 0.003805577 0.885375 -0.4646914 -0.0131576 0.9180068 -0.3965005 0.007138907 0.9182392 -0.3959619 0.007131814 0.9182393 -0.395962 0.007131874 0.9182392 -0.3959619 0.007131874 0.9485189 -0.3164797 -0.01235848 0.9580098 -0.2867285 0.002016782 0.9579986 -0.286766 0.002018511 0.9870298 -0.1605104 -0.002940058 0.9847191 -0.1737576 -0.01168572 0.9578151 0.2873779 0.002045571 0.9847911 0.1737262 -0.002425253 0.9869904 0.1604906 -0.009628236 0.9983085 0.05780553 0.006224215 0.9983085 0.05780547 0.006224095 0.9983085 0.05780547 0.006224155 0.9991738 0.04017645 0.006137013 0.9983006 -0.05795276 0.006138384 0.9983085 -0.05780535 0.006223738 0.9983085 -0.05780541 0.006223797 0.9983085 -0.05780535 0.006223738 0.9580423 0.2866197 0.002046942 0.9484118 0.3167963 -0.01246231 0.9484118 0.3167962 -0.01246231 0.9484118 0.3167962 -0.01246231 0.918182 0.3960943 0.0071612 0.918182 0.3960943 0.0071612 0.918182 0.3960943 0.0071612 0.9181349 0.3962029 0.007170557 0.9181349 0.3962029 0.007170557 0.9181349 0.3962029 0.007170557 0.8854071 0.4646319 -0.01309943 0.8661559 0.4997595 0.00380212 0.8659217 0.5001655 0.003751516 0.8659217 0.5001655 0.003751516 0.8659217 0.5001655 0.003751516 0.7993584 0.6008296 -0.005471467 0.8020262 0.5972322 -0.008220076 0.6925699 0.7212191 -0.01378363 0.7273536 0.6862438 0.005122363 0.7272315 0.6863732 0.005124628 0.7272315 0.6863732 0.005124628 0.7272315 0.6863732 0.005124628 0.5680951 0.8228877 -0.01113194 0.6426086 0.7661643 0.006829977 0.6428949 0.7659241 0.006825327 0.6428949 0.765924 0.006829619 0.6428949 0.765924 0.006825327 0.4287773 0.9033419 -0.01111841 0.4488518 0.8936063 0 0.5496026 0.8354263 0 0.2782171 0.9604215 -0.01362776 0.3417428 0.9397685 0.006866395 0.3418164 0.9397417 0.006867885 0.3418164 0.9397417 0.006867945 0.3418164 0.9397417 0.006867885 0 0.9999933 0.003659009 0.1161851 0.9932135 -0.005281805 0.1203583 0.9927008 -0.007698714 0.2303703 0.9730893 0.005168437 0.2303703 0.9730893 0.005168497 0.2303703 0.9730893 0.005168497 0.2306577 0.9730209 0.005255758 0 0.9999934 0.003653168 -0.04023671 0.9991015 -0.01332038 -0.1161508 0.9932054 0.007216095 -0.1161508 0.9932054 0.007216095 -0.1161507 0.9932054 0.007216095 -0.1161253 0.9932084 0.007215797 -0.1161253 0.9932084 0.007215797 -0.1161253 0.9932084 0.007215797 -0.1999977 0.9797179 -0.012407 -0.2308535 0.9729863 0.002124309 -0.2310733 0.9729341 0.00210303 -0.2310733 0.9729341 0.00210309 -0.2310733 0.9729341 0.00210303 -0.3545457 0.9350344 -0.002852797 -0.3418686 0.9396757 -0.01164478 -0.5000532 0.8658829 -0.01391327 -0.4487662 0.8936276 0.006222903 -0.4487856 0.8936178 0.006217777 -0.7267773 0.6868702 0.002041041 -0.6427304 0.7660889 -0.002383708 -0.6323974 0.7745851 -0.009562015 -0.5497801 0.8352872 0.006091117 -0.5497803 0.8352873 0.006091117 -0.5497802 0.8352872 0.006091117 -0.5495163 0.8354607 0.006121575 -0.727456 0.6861513 0.002041816 -0.7484138 0.6631183 -0.01228731 -0.8019297 0.5973747 0.007234036 -0.8021106 0.5971318 0.007231712 -0.8450904 0.5344615 -0.01316154 -0.8660947 0.4998648 0.003911614 -0.8659645 0.5000928 0.003594815 -0.8659644 0.5000928 0.003594815 -0.8659644 0.5000928 0.003594815 -0.9200365 0.3917955 -0.00539565 -0.9180909 0.3962814 -0.008384346 -0.970807 0.2394713 -0.01368939 -0.9579377 0.28693 0.00515902 -0.9581228 0.2863113 0.005168676 -0.9581228 0.2863113 0.005159258 -0.9581228 0.2863113 0.005168676 -0.9967049 0.08035856 -0.01103448 -0.9847784 0.1736776 0.006919562 -0.9847784 0.1736776 0.006919682 -0.9847784 0.1736776 0.006919622 -0.9847509 0.1738337 0.006903052 2.71973e-6 0 1 -2.72106e-6 0 1 -2.1764e-5 0 1 2.51974e-6 0 -1 5.03957e-6 0 -1 -5.67014e-6 0 -1 3.70083e-6 0 -1 -1.00788e-5 0 -1 3.78058e-6 0 -1 -1.2601e-6 0 -1 -6.29943e-6 0 -1 1.00791e-5 0 -1 -5.98525e-6 0 -1 -1.008e-5 0 -1 7.55906e-6 0 -1 -3.78014e-6 0 -1 2.52029e-6 0 -1 0.9519699 0.2848587 0.1122891 0.95197 0.2848587 0.1122891 0.95197 0.2848586 0.1122891 0.9124103 0.3937973 0.1114948 0.9124103 0.3937973 0.1114948 0.9124104 0.3937973 0.1114948 0.8605487 0.4968901 0.1120548 0.8605487 0.4968901 0.1120548 0.8605487 0.4968901 0.1120548 0.7228263 0.6819776 0.1114841 0.3397792 0.9338884 0.1113665 0.3397792 0.9338884 0.1113665 0 0.9937363 0.111751 -0.2295827 0.9669027 0.1113141 -0.2295827 0.9669028 0.1113141 -0.2295827 0.9669028 0.1113141 -0.445958 0.8880686 0.1116046 -0.7228226 0.6819774 0.1115097 -0.7228226 0.6819773 0.1115097 -0.7970762 0.5933665 0.1121858 -0.8604647 0.497066 0.1119193 -0.8604647 0.4970661 0.1119193 -0.9519318 0.2851475 0.1118785 -0.9519317 0.2851475 0.1118785 -0.9519317 0.2851475 0.1118785 -0.9786357 -0.1723638 0.1120845 -0.9786357 -0.1723637 0.1120845 -0.9786357 -0.1723637 0.1120845 -0.860578 -0.4969121 0.111731 -0.7232381 -0.681554 0.1114042 -0.5460808 -0.8302541 0.1116866 -0.5460808 -0.8302543 0.1116866 -0.5460808 -0.8302543 0.1116866 -0.2294027 -0.9668765 0.1119121 -0.1152431 -0.9870538 0.1115524 -0.1152431 -0.9870538 0.1115524 -0.1152431 -0.9870538 0.1115524 0 -0.993735 0.1117628 -3.42103e-6 -0.993735 0.1117628 0 -0.993735 0.1117628 0.2290127 -0.9670225 0.1114482 0.6386801 -0.7613652 0.1114045 0.8606169 -0.4968521 0.1116992 0.09702956 -0.05603373 0.993703 0.1027964 -0.04430395 0.9937153 0.102858 -0.04435563 0.9937067 0.3039284 -0.1311104 0.94363 0.3039284 -0.1311104 0.9436301 0.3039284 -0.1311104 0.9436301 0.1072692 -0.03212881 0.9937108 0.1072751 -0.03211981 0.9937104 0.3172678 -0.09501141 0.9435645 0.3172679 -0.09501141 0.9435645 0.3172678 -0.09501147 0.9435645 0.3166612 -0.09483283 0.9437862 0.510569 -0.1529253 0.8461284 0.1102747 -0.01944077 0.993711 0.1102787 -0.01943349 0.9937107 0.3258193 -0.05742645 0.9436865 0.3258193 -0.05742651 0.9436865 0.3258193 -0.05742645 0.9436865 0.3260973 -0.05745369 0.9435888 0.3260973 -0.05745375 0.9435888 0.3260973 -0.05745375 0.9435888 0.5243703 -0.09242713 0.8464592 0.5243703 -0.09242719 0.8464592 0.5243703 -0.09242713 0.8464591 0.5248808 -0.09268379 0.8461146 0.6969256 -0.1228775 0.7065379 0.6969257 -0.1228775 0.7065379 0.1118131 -0.006529688 0.9937079 0.1117827 -0.006524801 0.9937113 0.330346 -0.01929271 0.9436628 0.3303459 -0.01929271 0.9436628 0.3303459 -0.01929271 0.9436628 0.3304232 -0.01925843 0.9436364 0.3304231 -0.01925837 0.9436364 0.3304232 -0.01925837 0.9436364 0.5317504 -0.03099656 0.8463337 0.5317504 -0.03099662 0.8463337 0.5317505 -0.03099662 0.8463337 0.5320047 -0.03090655 0.8461772 0.7064949 -0.04105293 0.7065265 0.7064608 -0.04120552 0.7065517 0.7064608 -0.04120546 0.7065517 0.7064609 -0.04120546 0.7065517 0.8456348 -0.04934424 0.5314763 0.1117672 0.006523966 0.993713 0.1117904 0.006526648 0.9937104 0.3301671 0.01927483 0.9437257 0.3301671 0.01927483 0.9437257 0.3301671 0.01927489 0.9437257 0.3304682 0.01925843 0.9436206 0.3304682 0.01925843 0.9436206 0.3304682 0.01925843 0.9436206 0.5315369 0.03098136 0.8464684 0.5315369 0.03098136 0.8464684 0.5315369 0.03098136 0.8464684 0.5316225 0.03099304 0.8464142 0.5316225 0.0309931 0.8464142 0.5316225 0.03099304 0.8464142 0.7066016 0.04117357 0.7064127 0.7066016 0.04117363 0.7064127 0.7066016 0.04117357 0.7064127 0.8456217 0.04933094 0.5314984 0.8456554 0.04931271 0.5314465 0.9422066 0.05494815 0.3304959 0.9423022 -0.05487197 0.3302357 0.9423022 -0.05487197 0.3302357 0.9423022 -0.05487203 0.3302357 0.9295674 -0.1638663 0.3302308 0.9295674 -0.1638663 0.3302308 0.9295402 -0.1638717 0.3303046 0.9295402 -0.1638717 0.3303046 0.8344386 -0.1470767 0.5311126 0.8666853 -0.3738622 0.3302782 0.8667263 -0.3740519 0.3299556 0.7780996 -0.3358047 0.5308451 0.7778484 -0.3353368 0.5315083 0.6496093 -0.2800531 0.7068083 0.6497321 -0.2802236 0.706628 0.4894415 -0.2110748 0.8461055 0.08146721 -0.07682186 0.993711 0.08150649 -0.07688945 0.9937026 0.2405892 -0.2270104 0.9437072 0.2405892 -0.2270104 0.9437072 0.2405892 -0.2270104 0.9437071 0.2406777 -0.2270374 0.9436781 0.2406777 -0.2270375 0.9436781 0.3872113 -0.365299 0.8465366 0.3872113 -0.365299 0.8465366 0.3872114 -0.365299 0.8465365 0.3874455 -0.3655061 0.84634 0.3874454 -0.3655061 0.84634 0.5147015 -0.4854707 0.7066829 0.5147014 -0.4854707 0.7066829 0.5148669 -0.4858829 0.706279 0.6159791 -0.5813328 0.5316221 0.616092 -0.5812212 0.5316132 0.6160921 -0.5812211 0.5316132 0.6867409 -0.6477128 0.3299319 0.6867234 -0.6478217 0.3297546 0.03829091 -0.1052157 0.9937121 0.03828358 -0.1052857 0.9937049 0.1130967 -0.310946 0.9436746 0.1131235 -0.3106185 0.9437792 0.1822286 -0.5004137 0.8463917 0.1822369 -0.5005504 0.8463092 0.2419852 -0.6647977 0.7067441 0.2419852 -0.6647978 0.7067441 0.2419852 -0.6647977 0.7067441 0.2418042 -0.6651336 0.7064899 0.2418042 -0.6651336 0.70649 0.2418042 -0.6651336 0.7064899 0.2896894 -0.7961419 0.531261 0.2896893 -0.7961419 0.531261 0.2896894 -0.7961419 0.531261 0.2896721 -0.7960485 0.5314105 0.3228271 -0.8872348 0.3295407 0.3228492 -0.8872244 0.3295471 0.3228492 -0.8872244 0.3295471 0.3228492 -0.8872244 0.3295471 -0.05024558 -0.1000705 0.9937109 -0.05035984 -0.1001424 0.993698 -0.1485847 -0.2955055 0.9437156 -0.1485225 -0.2957046 0.9436631 -0.1485225 -0.2957046 0.9436631 -0.1485224 -0.2957046 0.9436631 -0.2390491 -0.4760068 0.8463293 -0.2390356 -0.4759513 0.8463643 -0.3177763 -0.6323059 0.7065463 -0.3177762 -0.6323059 0.7065463 -0.3802854 -0.7569709 0.5313928 -0.3802853 -0.7569708 0.5313928 -0.3802854 -0.7569709 0.5313928 -0.37994 -0.7571014 0.5314538 -0.37994 -0.7571014 0.5314539 -0.37994 -0.7571014 0.5314539 -0.4239581 -0.8436277 0.3294723 -0.42359 -0.8436179 0.3299704 -0.42359 -0.843618 0.3299704 -0.08979135 -0.06689101 0.9937119 -0.08982324 -0.06690412 0.993708 -0.2653809 -0.1975004 0.9436984 -0.2653809 -0.1975004 0.9436984 -0.265381 -0.1975004 0.9436984 -0.2654021 -0.1975585 0.9436802 -0.2654021 -0.1975585 0.9436802 -0.4271631 -0.3179724 0.8464192 -0.4271631 -0.3179724 0.8464192 -0.4270603 -0.3179849 0.8464663 -0.4270603 -0.3179849 0.8464664 -0.4270603 -0.3179849 0.8464664 -0.5673997 -0.4226405 0.7067055 -0.5673997 -0.4226405 0.7067055 -0.5673997 -0.4226405 0.7067055 -0.5675996 -0.4225964 0.7065714 -0.6796391 -0.5058884 0.5311946 -0.6796391 -0.5058884 0.5311947 -0.6796156 -0.5058933 0.53122 -0.6796156 -0.5058933 0.53122 -0.6796156 -0.5058932 0.53122 -0.7572149 -0.5637127 0.3299299 -0.7572708 -0.5636864 0.3298466 -0.7572708 -0.5636863 0.3298467 -0.1072589 -0.03212416 0.9937121 -0.1073814 -0.03210729 0.9936994 -0.3167438 -0.09487253 0.9437546 -0.3167438 -0.09487253 0.9437546 -0.3167438 -0.09487253 0.9437546 -0.5099956 -0.1527349 0.8465085 -0.5099956 -0.1527349 0.8465085 -0.5099956 -0.1527349 0.8465085 -0.510435 -0.1527443 0.846242 -0.510435 -0.1527443 0.8462418 -0.510435 -0.1527443 0.846242 -0.6783832 -0.2029119 0.7061325 -0.6778462 -0.2030691 0.7066028 -0.6778463 -0.2030691 0.7066028 -0.6778463 -0.2030691 0.7066028 -0.8114953 -0.2430769 0.5314029 -0.8114953 -0.2430769 0.531403 -0.8114602 -0.2430156 0.5314846 -0.9043379 -0.2708518 0.3298672 -0.9043379 -0.2708517 0.3298672 -0.9044715 -0.2705882 0.3297174 -0.9044714 -0.2705882 0.3297174 -0.1101894 0.01941549 0.9937211 -0.1103417 0.01948946 0.9937027 -0.3255343 0.0575 0.9437803 -0.3257872 0.05743271 0.9436972 -0.3257872 0.05743271 0.9436972 -0.3257871 0.05743271 0.9436971 -0.5244632 0.09245884 0.8463981 -0.5244632 0.0924589 0.8463981 -0.5244632 0.09245884 0.8463981 -0.5247001 0.09255063 0.8462412 -0.5247002 0.09255063 0.8462412 -0.5247001 0.09255063 0.8462412 -0.6970438 0.1229545 0.7064079 -0.6970438 0.1229544 0.7064079 -0.6970438 0.1229545 0.7064079 -0.6970385 0.1229313 0.7064173 -0.6970385 0.1229313 0.7064173 -0.8343469 0.1472169 0.5312181 -0.8343468 0.1472169 0.531218 -0.8343468 0.1472169 0.5312181 -0.8341709 0.146847 0.5315965 -0.9297939 0.1636992 0.3296758 -0.9298035 0.1637253 0.3296356 -0.06157529 0.0936194 0.9937021 -0.1818339 0.276503 0.9436538 -0.181834 0.276503 0.9436538 -0.181834 0.276503 0.9436538 -0.1818875 0.2764741 0.943652 -0.1818875 0.2764741 0.943652 -0.2927024 0.4449613 0.8463656 -0.2927024 0.4449613 0.8463656 -0.292863 0.4450005 0.8462895 -0.3889402 0.591037 0.7066829 -0.3889215 0.5914197 0.706373 -0.3889215 0.5914198 0.706373 -0.4655284 0.707817 0.5312988 -0.4655284 0.707817 0.5312988 -0.465256 0.7078841 0.531448 -0.5187041 0.7887406 0.3299006 -0.5187041 0.7887405 0.3299006 -0.5187041 0.7887406 0.3299006 -0.5187115 0.7886846 0.330023 -0.5187115 0.7886846 0.3300229 -0.01297008 0.1112794 0.9937046 -0.01301425 0.1111342 0.9937202 -0.03843444 0.3285116 0.9437177 -0.03843438 0.3285116 0.9437177 -0.03843444 0.3285116 0.9437176 -0.03843992 0.3286221 0.9436789 -0.03843992 0.3286221 0.943679 -0.03843992 0.3286221 0.9436789 -0.06184965 0.5288699 0.8464462 -0.06184953 0.5288699 0.8464462 -0.06184953 0.52887 0.8464462 -0.06182348 0.5292236 0.8462272 -0.06182348 0.5292235 0.8462271 -0.06182348 0.5292236 0.8462271 -0.08213299 0.70313 0.7063019 -0.08230108 0.7027476 0.7066629 -0.09825903 0.8414247 0.5313659 -0.09825897 0.8414247 0.5313659 -0.09825897 0.8414247 0.5313659 -0.09832584 0.8413996 0.5313932 -0.109597 0.9376924 0.3297293 -0.109597 0.9376924 0.3297293 -0.1095971 0.9376925 0.3297293 -0.1095796 0.9376609 0.329825 -0.1095796 0.9376609 0.329825 0.02587771 0.1089978 0.9937051 0.02585005 0.1089652 0.9937094 0.07630151 0.3219742 0.9436687 0.07630157 0.3219742 0.9436687 0.07630151 0.3219742 0.9436688 0.07634854 0.3219447 0.943675 0.07634854 0.3219447 0.943675 0.07634854 0.3219447 0.943675 0.1228309 0.518214 0.8463846 0.1228309 0.518214 0.8463845 0.122831 0.5182139 0.8463846 0.1226763 0.5182155 0.8464061 0.1630814 0.6888637 0.7063082 0.1631156 0.6889284 0.7062372 0.1952054 0.8242095 0.5315767 0.1952054 0.8242095 0.5315766 0.1953282 0.8242259 0.5315061 0.2178155 0.9185595 0.329856 0.2178155 0.9185595 0.329856 0.2178155 0.9185595 0.329856 0.2176395 0.9184781 0.3301986 0.07200747 0.08575785 0.9937105 0.07200938 0.08577013 0.9937093 0.2126041 0.2532272 0.9437561 0.2126771 0.2534415 0.9436821 0.2126772 0.2534415 0.9436821 0.2126772 0.2534415 0.9436821 0.3424975 0.408244 0.8461869 0.342351 0.4079458 0.8463901 0.342351 0.4079459 0.8463901 0.4548297 0.5420341 0.7066321 0.4550176 0.5421075 0.7064549 0.5444672 0.6487142 0.5317193 0.5446408 0.6489989 0.5311937 0.5446409 0.6489989 0.5311937 0.6067953 0.7231297 0.3299742 0.6067953 0.7231297 0.3299742 0.6067343 0.7233031 0.329706 0.9521128 -0.2848879 0.1109965 0.978702 -0.1726915 0.1109966 0.9786475 -0.172529 0.1117274 0.9920571 -0.05732995 0.1119645 0.9920572 -0.05732995 0.1119645 0.9920571 -0.05732989 0.1119644 0.9920721 -0.05765545 0.1116645 0.9920885 -0.05758702 0.1115539 0.9519634 -0.2849348 0.1121507 0.9519636 -0.2849348 0.1121507 0.9519635 -0.2849348 0.1121508 0.9520144 -0.2851871 0.1110715 0.9042742 -0.2708959 0.3300057 0.9041655 -0.2706146 0.3305339 0.8117429 -0.2429407 0.531087 0.8117429 -0.2429407 0.531087 0.8117429 -0.2429407 0.5310871 0.811653 -0.2431156 0.5311444 0.6778539 -0.2030404 0.7066037 0.9124635 -0.3936312 0.1116461 0.912331 -0.3937384 0.1123495 0.912331 -0.3937384 0.1123495 0.9123309 -0.3937384 0.1123495 0.9125298 -0.3933953 0.111936 0.9125298 -0.3933953 0.111936 0.9125298 -0.3933953 0.111936 0.8605554 -0.4969587 0.1116995 0.8605552 -0.4969586 0.1116995 0.8606182 -0.4968463 0.1117139 0.8176892 -0.4720492 0.3294755 0.8175118 -0.4719856 0.3300064 0.8175119 -0.4719856 0.3300064 0.8175117 -0.4719856 0.3300063 0.7337113 -0.4234583 0.5313669 0.7337114 -0.4234583 0.5313669 0.7337113 -0.4234583 0.5313669 0.7337672 -0.4236077 0.5311707 0.7337672 -0.4236077 0.5311707 0.7337672 -0.4236076 0.5311707 0.6127952 -0.3539468 0.7065436 0.6128515 -0.3538247 0.7065558 0.6128516 -0.3538248 0.7065558 0.4616461 -0.2665011 0.8460851 0.4613149 -0.2663235 0.8463217 0.4613149 -0.2663235 0.8463217 0.2864164 -0.1653631 0.9437271 0.2864164 -0.1653631 0.9437271 0.2864164 -0.1653631 0.9437271 0.08981591 -0.06688195 0.9937102 0.08979463 -0.06687134 0.9937129 0.2654229 -0.1975864 0.9436686 0.265423 -0.1975862 0.9436685 0.2654229 -0.1975864 0.9436685 0.2654058 -0.1976217 0.9436659 0.2654058 -0.1976217 0.9436659 0.4272541 -0.3181601 0.8463027 0.4272541 -0.3181601 0.8463027 0.4272541 -0.3181601 0.8463027 0.4274346 -0.3181211 0.8462262 0.5676786 -0.4225298 0.7065476 0.5677554 -0.422706 0.7063806 0.6793357 -0.5058785 0.5315918 0.7572475 -0.5639153 0.3295084 0.7572308 -0.5636548 0.3299921 0.796955 -0.5936377 0.1116123 0.796955 -0.5936377 0.1116123 0.796955 -0.5936377 0.1116123 0.7971079 -0.5933526 0.1120344 0.7971081 -0.5933526 0.1120344 0.7971081 -0.5933526 0.1120344 0.722886 -0.6819211 0.1114426 0.7229978 -0.6817607 0.1116985 0.7229978 -0.6817607 0.1116985 0.7226946 -0.6820554 0.1118612 0.7226946 -0.6820554 0.1118612 0.7226946 -0.6820554 0.1118612 0.6388673 -0.7611638 0.1117059 0.6386778 -0.7613633 0.1114295 0.6066734 -0.7232229 0.3299942 0.6066542 -0.7233457 0.3297601 0.5445215 -0.6490604 0.531241 0.5445216 -0.6490603 0.531241 0.544497 -0.6489104 0.5314494 0.5444968 -0.6489104 0.5314494 0.4549618 -0.5421823 0.7064333 0.454962 -0.5421823 0.7064334 0.4549619 -0.5421823 0.7064333 0.4551374 -0.5422308 0.7062832 0.3422412 -0.4079065 0.8464535 0.3422412 -0.4079064 0.8464535 0.3422911 -0.4079628 0.8464062 0.342291 -0.4079628 0.8464061 0.2128502 -0.2536333 0.9435915 0.2128502 -0.2536333 0.9435915 0.2126737 -0.2534146 0.9436901 0.2126738 -0.2534146 0.9436901 0.2126737 -0.2534146 0.9436901 0.07199859 -0.08574503 0.9937123 0.07200789 -0.08582925 0.9937043 0.06153315 -0.09364694 0.9937022 0.1816045 -0.276326 0.9437499 0.181576 -0.2761022 0.9438209 0.2926856 -0.4450926 0.8463025 0.2926129 -0.4448069 0.8464778 0.2926129 -0.4448069 0.8464778 0.3890388 -0.5916939 0.7060788 0.3889991 -0.5911377 0.7065664 0.4655045 -0.7077918 0.5313534 0.4655721 -0.7078428 0.5312263 0.5187289 -0.7886663 0.330039 0.5188086 -0.7886849 0.3298696 0.5188048 -0.7886874 0.3298697 0.5188085 -0.7886849 0.3298696 0.5461241 -0.8302171 0.1117506 0.5460094 -0.8303384 0.1114087 0.5460094 -0.8303384 0.1114087 0.05030095 -0.1001474 0.9937003 0.05030918 -0.1000416 0.9937106 0.1484386 -0.2952378 0.9438223 0.148458 -0.2956903 0.9436777 0.2390148 -0.4761575 0.8462541 0.2390564 -0.475893 0.8463912 0.3176402 -0.6323822 0.7065392 0.3176189 -0.6324861 0.7064558 0.3803491 -0.7567987 0.5315924 0.3803491 -0.7567987 0.5315924 0.380248 -0.7570442 0.531315 0.380248 -0.7570443 0.531315 0.380248 -0.7570443 0.531315 0.4238355 -0.8433936 0.3302285 0.4236876 -0.843765 0.3294684 0.4459504 -0.8881012 0.1113761 0.4459504 -0.8881012 0.1113761 0.446179 -0.8879266 0.1118507 0.3398701 -0.9337759 0.112031 0.3398701 -0.933776 0.1120311 0.3398701 -0.933776 0.1120311 0.3395835 -0.9338389 0.1123751 0.3400692 -0.9337271 0.1118343 0.2295421 -0.9668378 0.1119604 0.2295421 -0.9668378 0.1119604 0.229542 -0.9668378 0.1119605 0.2291578 -0.9669748 0.1115645 0.2291578 -0.9669748 0.1115645 0.2291578 -0.9669748 0.1115645 0.2177041 -0.9186175 0.3297681 0.2177243 -0.9186016 0.3297989 0.1953604 -0.8243387 0.531319 0.1953604 -0.8243388 0.531319 0.1953604 -0.8243388 0.531319 0.1955624 -0.8243852 0.5311728 0.1955624 -0.8243852 0.5311728 0.1632168 -0.6885184 0.7066136 0.1632168 -0.6885184 0.7066136 0.1632168 -0.6885184 0.7066137 0.16319 -0.688657 0.7064847 0.122853 -0.5183646 0.8462892 0.122853 -0.5183646 0.8462892 0.1229557 -0.5183331 0.8462935 0.07628852 -0.3215419 0.9438171 0.07624042 -0.3216623 0.9437801 0.02584624 -0.108949 0.9937114 0.02580952 -0.1090177 0.9937047 0.01297473 -0.1112164 0.9937115 0.01299887 -0.1111768 0.9937157 0.03842532 -0.328665 0.9436646 0.03842532 -0.328665 0.9436646 0.03836798 -0.3286306 0.9436789 0.03836792 -0.3286306 0.9436789 0.03836792 -0.3286306 0.9436789 0.06180828 -0.5294621 0.8460789 0.06189161 -0.5291966 0.846239 0.08222812 -0.7027643 0.7066547 0.08222812 -0.7027643 0.7066547 0.08222806 -0.7027643 0.7066548 0.08231127 -0.7029463 0.7064641 0.09836131 -0.8415025 0.5312237 0.09836137 -0.8415025 0.5312237 0.09836137 -0.8415025 0.5312237 0.09821707 -0.8415818 0.531125 0.1094252 -0.937702 0.3297596 0.1095478 -0.937552 0.3301445 0.1153283 -0.9870083 0.1118665 0.1153229 -0.9870072 0.1118825 0.1153229 -0.9870071 0.1118825 0.1153229 -0.9870071 0.1118825 0 -0.9937338 0.1117732 0 -0.9937338 0.1117732 0 -0.9937338 0.1117732 0 -0.993736 0.1117529 0 -0.993736 0.1117529 0 -0.993736 0.1117529 0 -0.9439333 0.3301362 0 -0.9439325 0.3301386 0 -0.8472889 0.5311325 0 -0.8472713 0.5311604 0 -0.7077816 0.7064315 0 -0.7077862 0.7064268 0 -0.5328088 0.8462356 0 -0.5323904 0.8464989 0 -0.5323904 0.8464989 0 -0.5323904 0.8464989 0 -0.3308569 0.943681 0 -0.3308569 0.943681 0 -0.3308569 0.943681 0 -0.330985 0.943636 0 -0.330985 0.943636 0 -0.330985 0.943636 0 -0.1119407 0.9937149 0 -0.1119379 0.9937153 -0.115127 -0.9870277 0.111903 -0.1153547 -0.9870334 0.1116175 -0.1095884 -0.9376723 0.3297896 -0.1095199 -0.9376377 0.3299108 -0.1095199 -0.9376376 0.3299108 -0.1095199 -0.9376376 0.3299108 -0.09833753 -0.8414549 0.5313035 -0.09833759 -0.8414549 0.5313036 -0.09856402 -0.841558 0.5310982 -0.08234518 -0.7031036 0.7063035 -0.08225107 -0.7029932 0.7064243 -0.06189006 -0.528896 0.8464271 -0.06189006 -0.528896 0.846427 -0.06189 -0.528896 0.8464271 -0.06179064 -0.5292127 0.8462363 -0.03833311 -0.3282316 0.9438192 -0.03838145 -0.3283018 0.9437929 -0.01297765 -0.1112133 0.9937118 -0.01299524 -0.1111837 0.9937149 -0.2295142 -0.9668741 0.1117044 -0.2295142 -0.9668741 0.1117044 -0.2295142 -0.9668741 0.1117044 -0.2291487 -0.9669417 0.1118694 -0.2291486 -0.9669417 0.1118694 -0.2291487 -0.9669417 0.1118694 -0.2176805 -0.9185773 0.3298957 -0.217769 -0.918591 0.329799 -0.1954072 -0.8242435 0.5314497 -0.1953921 -0.8243416 0.531303 -0.1953922 -0.8243416 0.5313031 -0.1630758 -0.6886619 0.7065063 -0.1631896 -0.6885592 0.7065801 -0.1631896 -0.6885592 0.7065801 -0.1228659 -0.5184732 0.8462207 -0.1227661 -0.5182349 0.8463813 -0.1227661 -0.5182349 0.8463813 -0.1227661 -0.5182348 0.8463813 -0.07628649 -0.321627 0.9437884 -0.07624083 -0.3215786 0.9438086 -0.02585983 -0.1090092 0.9937043 -0.02581822 -0.1089534 0.9937115 -0.03835302 -0.1052703 0.9937039 -0.0382719 -0.1052261 0.9937116 -0.1131145 -0.3109112 0.943684 -0.1131145 -0.3109112 0.9436839 -0.1131145 -0.3109112 0.943684 -0.1132625 -0.3110725 0.9436131 -0.1132625 -0.3110725 0.9436131 -0.1132625 -0.3110725 0.9436131 -0.1823248 -0.5006924 0.8462062 -0.182187 -0.5005078 0.846345 -0.242034 -0.6650528 0.7064874 -0.2421801 -0.6651473 0.7063484 -0.2894579 -0.79627 0.5311952 -0.2894579 -0.7962701 0.5311952 -0.2894579 -0.79627 0.5311951 -0.2897409 -0.7960982 0.5312984 -0.2897409 -0.7960982 0.5312984 -0.2897408 -0.7960982 0.5312985 -0.3227702 -0.8870785 0.3300172 -0.323013 -0.8871768 0.3295148 -0.3399242 -0.9337723 0.111897 -0.3399242 -0.9337723 0.111897 -0.3399242 -0.9337723 0.111897 -0.3397092 -0.9338317 0.1120537 -0.4458751 -0.8881542 0.1112543 -0.4459706 -0.8880624 0.1116046 -0.4459064 -0.8880605 0.1118751 -0.4459064 -0.8880605 0.1118751 -0.5457935 -0.8303976 0.112024 -0.5460635 -0.8302119 0.1120847 -0.5460635 -0.8302118 0.1120847 -0.5460634 -0.8302119 0.1120847 -0.5188687 -0.7885746 0.3300384 -0.5188404 -0.7886887 0.3298105 -0.5188404 -0.7886887 0.3298105 -0.4655944 -0.7077818 0.5312879 -0.4655944 -0.7077819 0.5312879 -0.4655944 -0.7077819 0.5312878 -0.4655815 -0.707686 0.5314269 -0.3888233 -0.5912929 0.7065334 -0.3888232 -0.5912928 0.7065333 -0.3889688 -0.5913174 0.7064325 -0.3889721 -0.5913154 0.7064325 -0.3889688 -0.5913174 0.7064325 -0.2928361 -0.4451404 0.8462253 -0.2925544 -0.445008 0.8463923 -0.1815785 -0.2761689 0.9438008 -0.1817885 -0.2764679 0.9436729 -0.1817885 -0.2764679 0.9436729 -0.1817885 -0.2764679 0.9436729 -0.06152099 -0.09360539 0.9937068 -0.06163334 -0.09364902 0.9936957 -0.0720219 -0.08580714 0.9937052 -0.0719828 -0.08580112 0.9937086 -0.212468 -0.2531397 0.9438102 -0.2125734 -0.2533808 0.9437217 -0.3423973 -0.4082505 0.8462243 -0.3427121 -0.4083557 0.8460462 -0.4551908 -0.5424456 0.7060836 -0.4549704 -0.5423334 0.7063118 -0.5443147 -0.6488501 0.5317096 -0.5443928 -0.6489239 0.5315397 -0.5443927 -0.6489239 0.5315397 -0.5443927 -0.6489239 0.5315396 -0.6065876 -0.7233038 0.3299746 -0.6067392 -0.723274 0.329761 -0.6386376 -0.7613153 0.1119876 -0.6388329 -0.7612328 0.1114324 -0.7227735 -0.6819959 0.1117145 -0.7227736 -0.6819959 0.1117145 -0.7227735 -0.6819959 0.1117145 -0.7228328 -0.682002 0.1112924 -0.6866143 -0.6478708 0.3298854 -0.6866835 -0.6478509 0.3297803 -0.6162409 -0.5814053 0.5312392 -0.6162409 -0.5814053 0.5312393 -0.6162453 -0.5814005 0.5312393 -0.6160387 -0.5813924 0.5314879 -0.6160386 -0.5813924 0.5314879 -0.6160386 -0.5813924 0.5314878 -0.5146182 -0.4856392 0.7066277 -0.5146182 -0.4856392 0.7066277 -0.5148747 -0.4858503 0.7062956 -0.3874849 -0.3656482 0.8462607 -0.3873433 -0.3654329 0.8464183 -0.3873432 -0.3654329 0.8464183 -0.3873433 -0.3654329 0.8464183 -0.2407951 -0.2271313 0.9436256 -0.2407951 -0.2271313 0.9436256 -0.2407951 -0.2271313 0.9436256 -0.2406331 -0.2270377 0.9436894 -0.2406331 -0.2270377 0.9436894 -0.08148801 -0.07685428 0.9937068 -0.7972277 -0.593271 0.1116142 -0.7971897 -0.5932358 0.1120715 -0.7971897 -0.5932358 0.1120715 -0.7970021 -0.5936557 0.1111778 -0.8604572 -0.4970437 0.1120761 -0.8605931 -0.4968348 0.1119593 -0.8176742 -0.4720112 0.329567 -0.8175394 -0.4720481 0.3298487 -0.8175394 -0.4720481 0.3298487 -0.8175394 -0.4720481 0.3298487 -0.7336603 -0.4235056 0.5313997 -0.7335495 -0.4235394 0.5315257 -0.6128415 -0.3538029 0.7065755 -0.612806 -0.3538168 0.7065992 -0.4612277 -0.2662522 0.8463916 -0.4612278 -0.2662522 0.8463916 -0.4610592 -0.2661319 0.8465213 -0.4610592 -0.2661319 0.8465212 -0.2862088 -0.1652953 0.943802 -0.2862514 -0.165299 0.9437884 -0.09696847 -0.05599445 0.9937112 -0.09702187 -0.05599868 0.9937057 -0.1027924 -0.04435229 0.9937136 -0.1028171 -0.04435539 0.9937108 -0.3039253 -0.1310968 0.9436329 -0.3039254 -0.1310968 0.9436329 -0.3039254 -0.1310968 0.9436329 -0.3036558 -0.1309346 0.9437422 -0.4889134 -0.2109176 0.84645 -0.4889134 -0.2109176 0.84645 -0.4889133 -0.2109175 0.84645 -0.4891425 -0.2110688 0.8462799 -0.6499289 -0.2803769 0.706386 -0.6499289 -0.2803769 0.706386 -0.6498221 -0.2804694 0.7064476 -0.7778614 -0.3353722 0.5314671 -0.7779377 -0.3354926 0.5312795 -0.7779376 -0.3354926 0.5312795 -0.8669399 -0.3739669 0.3294906 -0.86676 -0.3739573 0.3299742 -0.8667601 -0.3739574 0.3299742 -0.9124218 -0.3936132 0.1120502 -0.9124906 -0.3935463 0.1117244 -0.9124906 -0.3935462 0.1117244 -0.9519797 -0.2849484 0.1119784 -0.9519797 -0.2849485 0.1119784 -0.9519797 -0.2849484 0.1119784 -0.9519708 -0.2851551 0.1115267 -0.9520522 -0.2848244 0.1116771 -0.9520522 -0.2848244 0.1116771 -0.9520521 -0.2848244 0.1116771 -0.9786197 -0.1725796 0.1118921 -0.9786197 -0.1725796 0.1118921 -0.9786197 -0.1725796 0.1118921 -0.9786403 -0.1723526 0.1120623 -0.9297296 -0.1637485 0.3298325 -0.9297891 -0.1636887 0.3296944 -0.8342953 -0.1468802 0.5313921 -0.8341974 -0.1469202 0.5315349 -0.6972621 -0.1227846 0.7062221 -0.6966376 -0.123022 0.7067968 -0.5247692 -0.09266746 0.8461856 -0.5246968 -0.09247255 0.8462519 -0.5246969 -0.09247255 0.8462518 -0.5246969 -0.09247255 0.8462518 -0.32587 -0.05742388 0.943669 -0.32587 -0.05742388 0.943669 -0.3252536 -0.05746257 0.9438794 -0.1102244 -0.01947098 0.9937161 -0.1103767 -0.01943331 0.9936999 -0.1117112 -0.006526589 0.9937193 -0.1118697 -0.006480872 0.9937018 -0.3303599 -0.01919567 0.9436599 -0.3303599 -0.01919567 0.9436599 -0.3303599 -0.01919561 0.9436599 -0.3302214 -0.01924908 0.9437072 -0.3302214 -0.01924908 0.9437072 -0.3302214 -0.01924908 0.9437072 -0.5315434 -0.03098547 0.8464642 -0.5315434 -0.03098547 0.8464642 -0.5315434 -0.03098547 0.8464642 -0.5317744 -0.03090733 0.846322 -0.5317745 -0.03090733 0.846322 -0.5317745 -0.03090733 0.8463219 -0.7068012 -0.04108405 0.7062183 -0.8456482 -0.04935282 0.5314542 -0.8454367 -0.04927521 0.5317978 -0.8454367 -0.04927527 0.5317978 -0.8454367 -0.04927521 0.5317978 -0.9424698 -0.05497443 0.3297401 -0.9424458 -0.05501645 0.3298019 -0.9424458 -0.05501645 0.3298019 -0.9424458 -0.05501645 0.3298019 -0.9920285 -0.05803298 0.1118555 -0.1118252 0.006530404 0.9937064 -0.1117671 0.0064736 0.9937134 -0.3300959 0.0191617 0.9437529 -0.3300959 0.0191617 0.9437529 -0.3300959 0.01916164 0.943753 -0.3304665 0.01926022 0.9436212 -0.3304665 0.01926022 0.9436212 -0.3304665 0.01926022 0.9436212 -0.5318313 0.03099739 0.8462828 -0.5318313 0.03099739 0.846283 -0.5318313 0.03099739 0.846283 -0.5315874 0.0308994 0.8464397 -0.5315874 0.0308994 0.8464397 -0.5315874 0.03089934 0.8464397 -0.706521 0.041058 0.7065001 -0.7065833 0.04112917 0.7064336 -0.7065833 0.04112923 0.7064336 -0.7065833 0.04112923 0.7064336 -0.8456779 0.04935455 0.5314068 -0.8456267 0.04931187 0.5314922 -0.9424537 0.05497056 0.3297867 -0.9424537 0.05497056 0.3297867 -0.9424537 0.05497056 0.3297867 -0.9424742 0.05512791 0.3297019 -0.9920358 0.05790936 0.1118552 -0.9786103 0.172532 0.112047 -0.9786104 0.172532 0.112047 -0.9786104 0.172532 0.112047 -0.9786608 0.1724305 0.1117626 -0.9786607 0.1724307 0.1117625 -0.9786608 0.1724306 0.1117625 -0.9786614 0.1723539 0.1118754 -0.9786614 0.1723539 0.1118753 -0.9786614 0.1723539 0.1118753 -0.9521082 0.2845684 0.1118528 -0.9521082 0.2845684 0.1118527 -0.9521081 0.2845684 0.1118528 -0.9519643 0.285178 0.1115242 -0.9043676 0.2707765 0.3298473 -0.9043676 0.2707766 0.3298473 -0.9044167 0.2709044 0.3296077 -0.8114764 0.2430297 0.5314532 -0.8114764 0.2430297 0.5314532 -0.8114964 0.2430409 0.5314176 -0.8114964 0.243041 0.5314176 -0.6782986 0.2032519 0.7061159 -0.6777853 0.202733 0.7067577 -0.5104578 0.1526722 0.8462411 -0.5102799 0.1528146 0.8463227 -0.51028 0.1528146 0.8463228 -0.5102799 0.1528146 0.8463228 -0.3171119 0.09494346 0.9436238 -0.3171119 0.09494352 0.9436238 -0.3171119 0.09494352 0.9436238 -0.3170072 0.09486544 0.9436668 -0.3170072 0.09486544 0.9436668 -0.3170072 0.0948655 0.9436668 -0.1072989 0.03213071 0.9937075 -0.1028252 0.04435896 0.9937099 -0.1027716 0.04435271 0.9937157 -0.3038618 0.131102 0.9436526 -0.3038616 0.1311024 0.9436526 -0.4887208 0.2109461 0.846554 -0.4887208 0.2109461 0.846554 -0.4887208 0.2109462 0.846554 -0.4889888 0.2109399 0.8464009 -0.4889888 0.2109399 0.8464009 -0.4889888 0.2109399 0.8464009 -0.6501 0.2805541 0.7061583 -0.6498695 0.2802208 0.7065027 -0.7779126 0.3356252 0.5312323 -0.7779126 0.3356252 0.5312323 -0.7779126 0.3356253 0.5312324 -0.7779161 0.335497 0.5313082 -0.7779161 0.335497 0.5313082 -0.7779161 0.335497 0.5313082 -0.8668595 0.3738381 0.3298479 -0.8668595 0.3738382 0.3298479 -0.8668596 0.3738382 0.3298479 -0.8669533 0.3739278 0.3294997 -0.9124506 0.3936387 0.1117252 -0.9124506 0.3936388 0.1117252 -0.9124506 0.3936387 0.1117252 -0.912514 0.3933988 0.1120526 -0.912514 0.3933988 0.1120526 -0.912514 0.3933988 0.1120526 -0.8605459 0.4969503 0.1118096 -0.8605459 0.4969503 0.1118096 -0.8605459 0.4969503 0.1118096 -0.8605434 0.4970088 0.1115684 -0.8175752 0.4721344 0.3296363 -0.8175752 0.4721344 0.3296363 -0.8175752 0.4721344 0.3296363 -0.8174621 0.4722017 0.3298202 -0.817462 0.4722017 0.3298202 -0.7335823 0.4235291 0.5314887 -0.7334652 0.4233735 0.5317742 -0.6127362 0.3536952 0.7067207 -0.6129107 0.3539317 0.7064509 -0.4612244 0.2662768 0.8463857 -0.4612244 0.2662768 0.8463857 -0.4612245 0.2662768 0.8463857 -0.4612123 0.2662999 0.8463851 -0.4612124 0.2662999 0.8463851 -0.4612123 0.2662999 0.8463851 -0.2865805 0.1654311 0.9436654 -0.2865805 0.1654311 0.9436654 -0.2866031 0.1655226 0.9436424 -0.2866031 0.1655226 0.9436424 -0.2866031 0.1655226 0.9436425 -0.09698301 0.056028 0.9937078 -0.09696716 0.0559616 0.9937131 -0.797128 0.5934346 0.1114569 -0.7971279 0.5934346 0.1114569 -0.7971279 0.5934346 0.1114569 -0.7970579 0.5934689 0.1117751 -0.7970578 0.5934689 0.1117751 -0.7970579 0.5934689 0.1117751 -0.7573772 0.5633612 0.3301578 -0.757218 0.5637115 0.3299249 -0.7572178 0.5637116 0.3299249 -0.7572179 0.5637115 0.3299249 -0.6796283 0.5059289 0.5311697 -0.6796284 0.5059289 0.5311697 -0.6796416 0.5058293 0.5312477 -0.6796416 0.5058292 0.5312477 -0.5678279 0.4227676 0.7062854 -0.5676305 0.4222686 0.7067424 -0.4270961 0.3179944 0.8464447 -0.4270961 0.3179944 0.8464447 -0.4272394 0.3179678 0.8463824 -0.4272393 0.3179678 0.8463824 -0.2653822 0.1975125 0.9436956 -0.2653822 0.1975125 0.9436956 -0.2654245 0.197544 0.943677 -0.2654246 0.1975439 0.9436771 -0.08979153 0.06687188 0.9937131 -0.08982753 0.06692707 0.9937061 -0.7221909 0.6826472 0.1115041 -0.7226971 0.6820925 0.111619 -0.6865656 0.6479906 0.3297513 -0.6865814 0.6477686 0.3301542 -0.6162423 0.5813794 0.5312658 -0.6160259 0.5812476 0.5316609 -0.5147914 0.4857069 0.706455 -0.5148777 0.4859622 0.7062165 -0.3874137 0.3655773 0.8463238 -0.3874137 0.3655773 0.8463239 -0.3874137 0.3655772 0.8463238 -0.387266 0.3654897 0.8464292 -0.387266 0.3654897 0.8464292 -0.387266 0.3654897 0.8464292 -0.2406143 0.2270271 0.9436967 -0.2406142 0.2270272 0.9436967 -0.2406195 0.2270224 0.9436966 -0.2406321 0.2270375 0.9436898 -0.240632 0.2270376 0.9436897 -0.240632 0.2270375 0.9436897 -0.08143824 0.07683587 0.9937123 -0.08144688 0.07684987 0.9937105 -0.07200682 0.0857473 0.9937115 -0.0720185 0.08581477 0.9937048 -0.212721 0.2534998 0.9436566 -0.212721 0.2534998 0.9436566 -0.2127211 0.2534998 0.9436566 -0.2125895 0.2533968 0.943714 -0.2125895 0.2533967 0.9437139 -0.3423007 0.4079712 0.8463982 -0.3423007 0.4079712 0.8463982 -0.3424088 0.4081392 0.8462735 -0.3424088 0.4081392 0.8462734 -0.3424088 0.4081392 0.8462734 -0.4548448 0.5422084 0.7064888 -0.4548484 0.5420307 0.7066228 -0.5443887 0.6487931 0.5317035 -0.5445885 0.6489479 0.5313097 -0.5445885 0.648948 0.5313097 -0.6068527 0.7231986 0.3297178 -0.6067823 0.7232346 0.3297683 -0.6067823 0.7232345 0.3297682 -0.6386737 0.7613584 0.1114872 -0.6387096 0.7613039 0.1116538 -0.546095 0.8302102 0.1119438 -0.546095 0.8302102 0.1119438 -0.546095 0.8302102 0.1119438 -0.5461269 0.8302188 0.1117241 -0.5461269 0.8302187 0.1117241 -0.5461269 0.8302187 0.1117241 -0.5466548 0.8298847 0.1116237 -0.4459594 0.88801 0.1120651 -0.445809 0.8881001 0.1119492 -0.4235274 0.8436896 0.3298676 -0.4236825 0.8435828 0.3299415 -0.4236826 0.8435827 0.3299415 -0.3802514 0.7569461 0.5314524 -0.3802357 0.7569882 0.5314038 -0.3177477 0.6325397 0.7063497 -0.317621 0.632528 0.7064173 -0.3176209 0.632528 0.7064173 -0.317621 0.6325279 0.7064173 -0.239127 0.4761646 0.8462185 -0.2391018 0.4760683 0.8462797 -0.1483194 0.2953128 0.9438176 -0.1484462 0.2956073 0.9437056 -0.1484461 0.2956073 0.9437056 -0.1484461 0.2956073 0.9437056 -0.05028289 0.1001496 0.9937011 -0.05031955 0.100121 0.9937021 -0.0383085 0.1053317 0.9936991 -0.03829604 0.1052293 0.9937103 -0.1131551 0.3108167 0.9437102 -0.1131551 0.3108167 0.9437102 -0.1131551 0.3108167 0.9437102 -0.1130457 0.3105854 0.9437994 -0.1822173 0.5006833 0.8462346 -0.1822754 0.5005202 0.8463187 -0.2422041 0.6651341 0.7063525 -0.2421895 0.6652467 0.7062515 -0.2897781 0.7959939 0.5314342 -0.2898029 0.7962847 0.5309849 -0.2898029 0.7962847 0.5309849 -0.289803 0.7962847 0.530985 -0.322957 0.8870551 0.3298971 -0.3230825 0.8868246 0.3303937 -0.340148 0.9336744 0.1120343 -0.339762 0.9339132 0.1112108 -0.339762 0.9339132 0.1112108 -0.339762 0.9339132 0.1112108 -0.2290861 0.9669954 0.1115328 -0.2290862 0.9669954 0.1115329 -0.2290861 0.9669954 0.1115329 -0.2291557 0.966996 0.1113846 -0.2291557 0.966996 0.1113846 -0.2291557 0.966996 0.1113846 -0.2176987 0.9185975 0.3298272 -0.2176988 0.9185975 0.3298273 -0.2176988 0.9185975 0.3298273 -0.217702 0.9184227 0.3303113 -0.1954455 0.8241015 0.5316558 -0.1954454 0.8241016 0.5316557 -0.1951661 0.8242691 0.5314984 -0.1631168 0.688921 0.7062441 -0.1631101 0.6889034 0.7062628 -0.1228033 0.5181704 0.8464153 -0.1228033 0.5181704 0.8464154 -0.1228033 0.5181704 0.8464154 -0.122896 0.5182653 0.8463437 -0.0763216 0.3220931 0.9436265 -0.0763216 0.3220931 0.9436265 -0.07632154 0.3220931 0.9436266 -0.07632291 0.3219205 0.9436854 -0.07632291 0.3219205 0.9436854 -0.07632291 0.3219205 0.9436854 -0.02583444 0.1090006 0.993706 -0.02586871 0.10896 0.9937096 -0.115377 0.98702 0.1117123 -0.1154358 0.9870334 0.1115328 -0.1154357 0.9870336 0.1115328 -0.1154358 0.9870336 0.1115328 -0.1154079 0.9870389 0.1115139 -0.115408 0.9870389 0.1115139 -0.1154079 0.9870389 0.1115139 0 0.9937385 0.111731 0 0.9937376 0.1117385 0 0.9439151 0.3301884 0 0.9440683 0.3297504 0 0.9440683 0.3297504 0 0.9440683 0.3297504 0 0.8470775 0.5314693 0 0.8470801 0.5314652 0 0.707543 0.7066703 0 0.7075509 0.7066625 0 0.5328334 0.8462203 0 0.5328334 0.8462203 0 0.5328334 0.8462202 0 0.5327478 0.8462741 0 0.5327478 0.8462741 0 0.5327479 0.8462741 0 0.3310807 0.9436025 0 0.3310807 0.9436025 0 0.3310807 0.9436025 0 0.3309984 0.9436314 0 0.3309984 0.9436314 0 0.3309984 0.9436314 0 0.1118881 0.9937208 0 0.1118872 0.993721 0.01294076 0.1111347 0.9937211 0.01305556 0.1112663 0.9937049 0.0384466 0.3286306 0.9436756 0.0384466 0.3286306 0.9436756 0.0384466 0.3286306 0.9436756 0.03844499 0.3287382 0.9436383 0.03844499 0.3287382 0.9436383 0.03844505 0.3287382 0.9436383 0.06188434 0.5292432 0.8462104 0.06188434 0.5292432 0.8462104 0.06188434 0.5292432 0.8462104 0.06180125 0.5290683 0.8463259 0.06180119 0.5290683 0.8463259 0.06180125 0.5290682 0.8463259 0.08209198 0.702975 0.706461 0.08209204 0.702975 0.706461 0.08233541 0.7030759 0.7063322 0.09851413 0.8413608 0.5314199 0.09835451 0.8412938 0.5315556 0.09835451 0.8412937 0.5315556 0.1095699 0.9375319 0.3301948 0.1095775 0.9376488 0.3298598 0.1095775 0.9376489 0.3298599 0.1095775 0.9376488 0.3298598 0.1153544 0.9870119 0.1118074 0.1154639 0.9870294 0.1115396 0.2291499 0.9670379 0.1110321 0.2292677 0.9669345 0.1116869 0.2292677 0.9669345 0.1116869 0.2292677 0.9669346 0.1116869 0.229018 0.9670103 0.1115427 0.2290182 0.9670113 0.1115335 0.229018 0.9670103 0.1115427 0.3398198 0.933812 0.1118829 0.3398198 0.933812 0.1118829 0.3398198 0.933812 0.1118829 0.3400881 0.9337148 0.1118781 0.322791 0.8870418 0.3300951 0.322791 0.8870418 0.3300951 0.3229202 0.8869504 0.3302145 0.2898247 0.7959879 0.5314179 0.2898437 0.7961968 0.5310946 0.2898437 0.7961967 0.5310946 0.2421168 0.6651055 0.7064093 0.2422951 0.6652113 0.7062486 0.1823444 0.5005863 0.8462648 0.1821029 0.5003836 0.8464366 0.113065 0.3106409 0.9437789 0.1130633 0.3106223 0.9437852 0.0383175 0.1053157 0.9937004 0.03826302 0.1052477 0.9937098 0.05034279 0.1001384 0.9936992 0.05024838 0.1001053 0.9937072 0.1485407 0.2958514 0.9436142 0.1485406 0.2958514 0.9436141 0.1484633 0.2957472 0.943659 0.1484633 0.2957472 0.943659 0.238983 0.4761052 0.8462926 0.2392364 0.4762302 0.8461506 0.317713 0.632454 0.7064421 0.3176094 0.632437 0.7065039 0.3801524 0.7569948 0.5314539 0.3803075 0.7570481 0.5312668 0.4237727 0.8435742 0.3298475 0.4235277 0.8435242 0.3302899 0.4461731 0.8879185 0.1119396 0.4461731 0.8879185 0.1119396 0.4460569 0.8880431 0.1114133 0.06161367 0.09358519 0.993703 0.06149381 0.09355205 0.9937135 0.1815466 0.2761415 0.9438149 0.1819942 0.2765907 0.9435972 0.1819907 0.2765933 0.9435971 0.1819943 0.2765907 0.9435972 0.2928441 0.4452503 0.8461645 0.2925205 0.44479 0.8465186 0.2925205 0.4447899 0.8465187 0.2925205 0.4447899 0.8465186 0.3889133 0.5912318 0.7065349 0.3887424 0.5911797 0.7066724 0.4654768 0.7078738 0.5312684 0.4653999 0.7078082 0.5314232 0.4653999 0.7078081 0.5314232 0.4653999 0.7078081 0.5314232 0.5184274 0.7887701 0.3302648 0.5186653 0.7887413 0.3299601 0.5186653 0.7887412 0.3299601 0.5186653 0.7887412 0.3299601 0.5461673 0.830233 0.1114201 0.5461899 0.8302234 0.1113808 0.6386798 0.7613559 0.1114688 0.6388627 0.7611431 0.1118738 0.6388626 0.7611432 0.1118738 0.6388627 0.7611431 0.1118738 0.6386255 0.7614167 0.1113647 0.7226758 0.682088 0.1117843 0.7226758 0.682088 0.1117843 0.7226758 0.682088 0.1117843 0.72279 0.6820327 0.1113829 0.6865273 0.6477972 0.3302105 0.6867734 0.6477766 0.329739 0.6162533 0.5813204 0.5313178 0.5149872 0.4858725 0.7061983 0.5147217 0.4858144 0.7064319 0.3872624 0.3653253 0.8465018 0.3872624 0.3653253 0.8465018 0.3872624 0.3653253 0.8465018 0.387552 0.3657482 0.8461866 0.2405131 0.2269544 0.94374 0.2405131 0.2269544 0.94374 0.2406517 0.2270532 0.9436808 0.2406517 0.2270532 0.9436808 0.2406517 0.2270532 0.9436808 0.08145141 0.07685273 0.9937099 0.08980721 0.06687706 0.9937114 0.08979552 0.06687915 0.9937123 0.265257 0.1974682 0.94374 0.2652571 0.1974682 0.94374 0.2652571 0.1974682 0.94374 0.2653912 0.1975801 0.9436788 0.2653912 0.1975801 0.9436788 0.4271401 0.3179922 0.8464233 0.42714 0.3179923 0.8464233 0.42714 0.3179922 0.8464233 0.4275127 0.3181137 0.8461896 0.4275126 0.3181137 0.8461895 0.4275126 0.3181138 0.8461895 0.5680195 0.4225803 0.7062435 0.5674961 0.4225092 0.7067065 0.6795327 0.5059249 0.531296 0.6795327 0.5059249 0.5312959 0.6795327 0.5059248 0.531296 0.6795021 0.5058532 0.5314033 0.7570515 0.5637594 0.330225 0.7573387 0.5636988 0.3296694 0.7573387 0.5636988 0.3296694 0.7970753 0.5934 0.1120164 0.7970752 0.5934 0.1120164 0.7970752 0.5934001 0.1120163 0.7969936 0.5934686 0.1122339 0.8607786 0.4966788 0.1112234 0.8604822 0.4969872 0.1121355 0.8173532 0.4720677 0.3302815 0.8176112 0.4719818 0.3297656 0.8176112 0.4719817 0.3297656 0.8176112 0.4719817 0.3297656 0.7339056 0.4234086 0.5311383 0.7336345 0.4235998 0.5313602 0.7336345 0.4235998 0.5313602 0.6127527 0.3538234 0.7066422 0.6129519 0.3538348 0.7064636 0.6129519 0.3538348 0.7064636 0.4614799 0.2664727 0.8461849 0.4617073 0.266504 0.8460509 0.2864092 0.1652809 0.9437437 0.2864182 0.1653798 0.9437236 0.09700143 0.05601638 0.9937067 0.09696185 0.05601567 0.9937106 0.9125816 0.393286 0.1118975 0.912435 0.3935348 0.1122179 0.8669277 0.3738366 0.3296705 0.8669276 0.3738366 0.3296705 0.8667634 0.3739708 0.3299502 0.8667634 0.3739708 0.3299502 0.7777656 0.335558 0.53149 0.7778471 0.3356976 0.5312826 0.7778471 0.3356976 0.5312826 0.6497664 0.2801785 0.7066143 0.6496613 0.2801946 0.7067045 0.4894236 0.2110828 0.8461138 0.4889513 0.2108603 0.8464424 0.4889513 0.2108603 0.8464424 0.3040135 0.131124 0.9436007 0.3040135 0.131124 0.9436007 0.3040153 0.1311192 0.9436008 0.3036275 0.1309323 0.9437516 0.1027818 0.04433411 0.9937154 0.102885 0.04433012 0.993705 0.9518655 0.2854917 0.1115651 0.9518655 0.2854917 0.111565 0.9519757 0.2851189 0.1115772 0.9519757 0.2851189 0.1115772 0.9519757 0.285119 0.1115772 0.9042949 0.2708332 0.3300005 0.9042949 0.2708333 0.3300005 0.9044412 0.2707315 0.3296826 0.8115873 0.2429569 0.5313173 0.8114497 0.2430006 0.5315076 0.6777202 0.202974 0.7067509 0.6779175 0.2029138 0.706579 0.5102212 0.1527112 0.8463768 0.5102212 0.1527112 0.8463768 0.5102212 0.1527112 0.8463769 0.5101366 0.1527522 0.8464205 0.5101366 0.1527522 0.8464204 0.5101366 0.1527522 0.8464204 0.317192 0.09496873 0.9435944 0.317192 0.09496873 0.9435943 0.317192 0.09496867 0.9435943 0.3170707 0.09496301 0.9436357 0.3170707 0.09496307 0.9436357 0.3170707 0.09496301 0.9436357 0.107258 0.03211468 0.9937124 0.1072097 0.03211098 0.9937178 0.1102473 0.01944297 0.993714 0.1102831 0.01943266 0.9937103 0.3259497 0.05743801 0.9436407 0.3259497 0.05743795 0.9436407 0.3259497 0.05743801 0.9436407 0.3258275 0.05745452 0.9436818 0.3258275 0.05745452 0.9436819 0.3258275 0.05745452 0.9436818 0.5243843 0.09240823 0.8464525 0.5243843 0.09240829 0.8464525 0.5243843 0.09240823 0.8464525 0.5244114 0.09244418 0.8464317 0.5244115 0.09244418 0.8464318 0.5244116 0.09244418 0.8464318 0.6966692 0.1230194 0.706766 0.6973079 0.1228058 0.7061731 0.8343623 0.1469566 0.531266 0.834192 0.1470347 0.5315116 0.9296287 0.1638914 0.3300457 0.9296287 0.1638914 0.3300457 0.9294948 0.1638257 0.3304551 0.9786554 0.172531 0.1116547 0.9786554 0.1725309 0.1116547 0.9786554 0.172531 0.1116547 0.9786259 0.1726505 0.1117277 0.9786259 0.1726505 0.1117277 0.9786259 0.1726505 0.1117277 0.09697425 -0.05600064 0.9937102 0.2862145 -0.1652883 0.9438014 0.3035392 -0.1308752 0.9437879 0.4889811 -0.2108502 0.8464277 0.4889811 -0.2108501 0.8464277 0.488981 -0.2108501 0.8464276 0.5101591 -0.152694 0.8464173 0.5101591 -0.1526939 0.8464173 0.5101591 -0.1526939 0.8464173 0.6776624 -0.2028589 0.7068395 0.6970044 -0.1228973 0.7064568 0.6970044 -0.1228973 0.7064568 0.6970044 -0.1228973 0.7064567 0.8342549 -0.1469348 0.5314405 0.8456692 -0.0493198 0.5314239 0.9423669 -0.05497831 0.3300334 0.9423623 0.05509555 0.3300272 0.9423609 0.05509549 0.3300311 0.9423622 0.05509555 0.3300272 0.9920846 0.05765616 0.111553 -0.9966918 -0.08049821 -0.01120162 -0.9708989 -0.2390991 -0.01367145 -0.9847612 -0.1737785 0.00681734 -0.9847739 -0.1737061 0.006816089 -0.8659039 -0.500196 0.003807783 -0.9181846 -0.3961198 -0.005120456 -0.9199013 -0.3920755 -0.007651269 -0.9580507 -0.2865509 0.005261659 -0.9579864 -0.2867654 0.005261182 -0.8660746 -0.4999005 0.003808796 -0.8022539 -0.5969398 0.007183432 -0.8022539 -0.5969398 0.007183432 -0.8022539 -0.5969398 0.007183432 -0.8019819 -0.5973054 0.007167935 -0.8019819 -0.5973054 0.007167935 -0.8019819 -0.5973054 0.007167935 -0.7484183 -0.6631119 -0.01235765 -0.7273536 -0.6862599 0.002046763 -0.7278717 -0.6857103 0.002049982 -0.6324703 -0.7745792 -0.002939045 -0.642708 -0.7660228 -0.01164466 -0.4999379 -0.8659516 -0.01378369 -0.5493689 -0.8355566 0.006238281 -0.5492663 -0.8356242 0.006236612 -0.2309026 -0.9729748 0.002008557 -0.2309026 -0.9729748 0.002008616 -0.2309026 -0.9729748 0.002008616 -0.3419299 -0.9397223 -0.002443909 -0.3544676 -0.9350188 -0.009634792 -0.4492614 -0.8933785 0.006251752 -0.4488955 -0.8935625 0.006246089 -0.230483 -0.9730744 0.00198853 -0.230483 -0.9730744 0.00198853 -0.230483 -0.9730744 0.00198853 -0.1999662 -0.979723 -0.01250755 -0.1158508 -0.9932413 0.007113993 -0.1158338 -0.9932432 0.007107019 -0.04036885 -0.9990977 -0.0132035 0 -0.9999927 0.003828346 0 -0.9999927 0.003833711 0.1204844 -0.9927003 -0.005431175 0.1158208 -0.9932354 -0.00830698 0.2781006 -0.9604552 -0.01363503 0.2304445 -0.9730713 0.0052706 0.2311776 -0.9728979 0.005164742 0.2311776 -0.9728979 0.005164742 0.2311776 -0.9728979 0.005164802 0.4285236 -0.9034627 -0.01108598 0.4285236 -0.9034627 -0.01108598 0.4285236 -0.9034627 -0.01108592 0.3420429 -0.9396591 0.00689584 0.3417505 -0.9397655 0.006893813 0.5680778 -0.8228985 -0.01121616 0.5494349 -0.8355365 0 0.4489466 -0.8935586 0 0.6925731 -0.7212171 -0.01372587 0.6427962 -0.7660069 0.006818771 0.6428864 -0.7659313 0.006818592 0.86618 -0.4997173 0.00389266 0.8021065 -0.5971599 -0.005041718 0.7993835 -0.6007725 -0.00765115 0.7276985 -0.6858779 0.005151033 0.7276985 -0.6858779 0.005150973 0.7276985 -0.6858779 0.005150973 0.7274304 -0.6861616 0.005231976 0.7274304 -0.6861615 0.005231976 0.7274304 -0.6861615 0.005231976 0.8659434 -0.5001268 0.003893196 0.8853862 -0.4646703 -0.0131551 0.918112 -0.3962554 0.007214605 0.9182131 -0.3960211 0.007210969 0.9484786 -0.3166009 -0.01234042 0.9580096 -0.2867285 0.002099037 0.9579946 -0.2867789 0.002059161 0.9579946 -0.2867789 0.002059221 0.9579946 -0.2867789 0.002059221 0.9870684 -0.1602743 -0.002853333 0.9847513 -0.1735771 -0.01166003 0.957853 0.2872511 0.00208497 0.957853 0.2872511 0.00208503 0.957853 0.2872511 0.00208497 0.9848181 0.1735745 -0.002334058 0.986979 0.1605609 -0.009640097 0.986979 0.1605609 -0.009640097 0.9869789 0.1605609 -0.009640097 0.9982673 0.05852526 0.006105184 0.9982673 0.05852526 0.006105184 0.9982673 0.05852526 0.006105184 0.999179 0.04003608 0.006211578 0.999179 0.04003614 0.006211578 0.999179 0.04003614 0.006211519 0.9982979 -0.0580064 0.006053268 0.9982673 -0.05852526 0.006105601 0.9982673 -0.05852526 0.006105601 0.9982673 -0.05852526 0.006105601 0.9580422 0.2866197 0.002127647 0.9484761 0.3166072 -0.01237028 0.9181557 0.3961545 0.007206976 0.91824 0.3959581 0.007250249 0.91824 0.3959581 0.007250189 0.91824 0.3959581 0.007250249 0.8854182 0.4646108 -0.01309686 0.8660566 0.4999309 0.003889918 0.8658882 0.5002232 0.003788411 0.8658883 0.5002232 0.003788411 0.8658882 0.5002232 0.003788411 0.7993407 0.6008539 -0.005390584 0.8020339 0.5972231 -0.008154034 0.6925731 0.7212172 -0.01372319 0.7272376 0.6863667 0.005119085 0.7275865 0.685997 0.005123674 0.7275864 0.685997 0.005123734 0.7275865 0.685997 0.005123794 0.5681631 0.8228408 -0.01111716 0.6426277 0.7661482 0.006830215 0.6427749 0.7660248 0.00682801 0.428719 0.9033697 -0.01110881 0.4487801 0.8936423 0 0.5496949 0.8353655 0 0.2782187 0.9604216 -0.01359826 0.3417505 0.9397655 0.006896853 0.3417896 0.9397512 0.006896018 0.3417896 0.9397512 0.006896018 0.3417896 0.9397512 0.006896018 0 0.9999934 0.003658056 0.1161653 0.9932159 -0.005269765 0.1203564 0.9927009 -0.007695913 0.230454 0.9730696 0.005159258 0.2304541 0.9730696 0.005159199 0.230454 0.9730696 0.005159258 0.2306599 0.9730203 0.005275189 0 0.9999934 0.003656744 -0.04024147 0.9991011 -0.01332736 -0.1165192 0.9931623 0.007210969 -0.1162701 0.9931915 0.007208943 -0.1162701 0.9931915 0.007208943 -0.1162701 0.9931915 0.007208943 -0.1999703 0.9797232 -0.01242142 -0.2303441 0.9731071 0.002053678 -0.2303441 0.9731071 0.002053678 -0.2303441 0.9731071 0.002053678 -0.2309052 0.9729741 0.002097785 -0.2309052 0.9729741 0.002097725 -0.2309052 0.9729741 0.002097725 -0.3545903 0.9350174 -0.00288546 -0.3419308 0.9396528 -0.01166087 -0.4999394 0.8659495 -0.01386439 -0.4488872 0.8935672 0.006176173 -0.4487469 0.8936376 0.006171822 -0.7268258 0.6868191 0.001977562 -0.6426349 0.7661687 -0.002442955 -0.6324557 0.7745382 -0.009521186 -0.5497049 0.8353365 0.006127655 -0.5497049 0.8353365 0.006127655 -0.5497049 0.8353365 0.006127655 -0.549373 0.8355546 0.006168365 -0.7274561 0.6861515 0.001981258 -0.7483548 0.6631844 -0.01231592 -0.8021534 0.5970734 0.007300734 -0.8019445 0.5973539 0.007299363 -0.8660194 0.4999958 0.003820121 -0.8660195 0.4999958 0.003820121 -0.8660194 0.4999958 0.003820121 -0.8659111 0.5001828 0.0039016 -0.9199395 0.3920233 -0.005387008 -0.918103 0.3962568 -0.008210778 -0.9708973 0.239106 -0.01366984 -0.9579904 0.2867521 0.005257308 -0.9579833 0.2867789 0.005087256 -0.9579833 0.2867789 0.005087256 -0.9579833 0.2867789 0.005087256 -0.9966928 0.08048677 -0.01119595 -0.9847894 0.1736184 0.006816267 -0.9847598 0.1737868 0.006816148 2.71987e-6 0 1 -2.72091e-6 0 1 -2.17594e-5 0 1 2.51965e-6 0 -1 5.03961e-6 0 -1 -5.66942e-6 0 -1 3.70129e-6 0 -1 -1.00796e-5 0 -1 3.77966e-6 0 -1 -1.26015e-6 0 -1 -6.29992e-6 0 -1 1.00804e-5 0 -1 -5.98439e-6 0 -1 -1.00787e-5 0 -1 7.55925e-6 0 -1 -3.78019e-6 0 -1 2.52044e-6 0 -1 0.9519865 0.284968 0.1118704 0.9519865 0.2849679 0.1118704 0.912342 0.3939061 0.1116703 0.8604732 0.497051 0.1119205 0.8604733 0.4970511 0.1119205 0.8604732 0.497051 0.1119205 0.7227107 0.6820955 0.1115127 0.3397799 0.9339068 0.1112107 0.3397799 0.9339069 0.1112107 0.3397799 0.9339069 0.1112107 0 0.9937371 0.1117433 -0.2296265 0.9668753 0.1114628 -0.2296265 0.9668753 0.1114628 -0.2296265 0.9668753 0.1114628 -0.4460909 0.8880252 0.111419 -0.7228403 0.6819341 0.1116589 -0.7228404 0.6819341 0.1116589 -0.7228404 0.6819341 0.1116589 -0.7971123 0.593378 0.111869 -0.7971122 0.593378 0.111869 -0.7971123 0.593378 0.111869 -0.8605276 0.4971178 0.1112032 -0.9520131 0.2849254 0.111753 -0.9520131 0.2849253 0.111753 -0.9520131 0.2849253 0.111753 -0.9786452 -0.1727081 0.1114699 -0.9786458 -0.1727046 0.1114699 -0.9786452 -0.1727081 0.1114699 -0.8606607 -0.4967535 0.111799 -0.7232239 -0.6814873 0.1119028 -0.7232239 -0.6814873 0.1119028 -0.7232239 -0.6814873 0.1119028 -0.5459824 -0.8304023 0.1110658 -0.2293584 -0.9668895 0.1118905 -0.1152974 -0.9870362 0.1116515 -0.1152974 -0.9870362 0.1116516 -0.1152974 -0.9870362 0.1116515 0 -0.9937477 0.1116502 -2.06922e-6 -0.9937477 0.1116502 0 -0.9937477 0.1116502 0.2290388 -0.9669933 0.1116477 0.2290388 -0.9669933 0.1116477 0.2290388 -0.9669933 0.1116477 0.6387434 -0.7612388 0.1119037 0.6387433 -0.7612389 0.1119037 0.8604914 -0.4969859 0.1120696 0.09701108 -0.05597293 0.9937081 0.1027813 -0.0443505 0.9937148 0.1028049 -0.04435718 0.9937121 0.10736 -0.03215444 0.9937002 0.1072912 -0.03207862 0.99371 0.3167241 -0.09474915 0.9437735 0.3167241 -0.09474921 0.9437735 0.3167241 -0.09474915 0.9437735 0.3167674 -0.09492772 0.943741 0.5102374 -0.1528348 0.8463447 0.5102373 -0.1528348 0.8463447 0.5102375 -0.1528349 0.8463447 0.1102295 -0.01940548 0.9937167 0.1103644 -0.01949757 0.9937 0.3255262 -0.05751484 0.9437822 0.3257434 -0.05741143 0.9437136 0.3257434 -0.05741143 0.9437136 0.3257434 -0.05741143 0.9437136 0.5247388 -0.09248954 0.846224 0.5247309 -0.09256732 0.8462204 0.5247309 -0.09256738 0.8462204 0.5247309 -0.09256738 0.8462204 0.6971954 -0.1231123 0.7062308 0.1118725 -0.006533145 0.9937012 0.1117367 -0.006474673 0.9937168 0.3302046 -0.01919102 0.9437143 0.3302046 -0.01919102 0.9437143 0.3302046 -0.01919108 0.9437143 0.3300452 -0.01923596 0.9437692 0.5321259 -0.03102022 0.8460968 0.5317162 -0.03090476 0.8463585 0.5317162 -0.03090476 0.8463585 0.5317162 -0.03090482 0.8463585 0.7064945 -0.04106867 0.7065261 0.706798 -0.04125565 0.7062115 0.8456663 -0.04935622 0.531425 0.1117146 0.006523966 0.9937189 0.1118493 0.00647974 0.9937041 0.3303472 0.01919221 0.9436644 0.3303472 0.01919221 0.9436644 0.3303472 0.01919221 0.9436644 0.330106 0.0192371 0.9437479 0.330106 0.0192371 0.9437478 0.330106 0.0192371 0.9437478 0.5319373 0.03100407 0.846216 0.5317539 0.030909 0.8463348 0.5317539 0.030909 0.8463348 0.5317538 0.030909 0.8463348 0.7068277 0.04107582 0.7061923 0.8458515 0.04911112 0.5311529 0.8458516 0.04911118 0.5311529 0.8456888 0.04931467 0.5313931 0.9424873 0.05495464 0.3296933 0.9424614 -0.05512613 0.3297388 0.9297748 -0.1637496 0.3297042 0.9297418 -0.1636866 0.3298287 0.8342422 -0.1468539 0.5314828 0.8669301 -0.3739872 0.3294935 0.8669278 -0.3739606 0.3295297 0.7777918 -0.3355332 0.5314673 0.7777807 -0.3353903 0.5315737 0.6500012 -0.2804253 0.7063004 0.6500012 -0.2804253 0.7063004 0.6500012 -0.2804252 0.7063003 0.6499522 -0.2803262 0.7063848 0.6499521 -0.2803263 0.7063848 0.6499521 -0.2803262 0.7063848 0.488996 -0.2109502 0.8463941 0.4889961 -0.2109502 0.8463941 0.08145725 -0.0768367 0.9937106 0.08147948 -0.07686394 0.9937068 0.2405889 -0.2270158 0.9437059 0.2405888 -0.2270158 0.9437059 0.2405889 -0.2270158 0.943706 0.2407258 -0.2270683 0.9436584 0.2407314 -0.227063 0.9436583 0.2407258 -0.2270683 0.9436584 0.3871715 -0.365376 0.8465216 0.3871714 -0.3653761 0.8465216 0.3871715 -0.3653761 0.8465216 0.3874286 -0.3654755 0.8463609 0.3874286 -0.3654755 0.8463609 0.3874286 -0.3654755 0.8463609 0.5148157 -0.4857749 0.7063906 0.5148477 -0.485875 0.7062984 0.6161251 -0.5812916 0.531498 0.6161249 -0.5812916 0.531498 0.616125 -0.5812916 0.531498 0.6866571 -0.647812 0.3299115 0.6866402 -0.6479091 0.3297562 0.03829836 -0.105212 0.9937121 0.03829181 -0.1052809 0.993705 0.1130798 -0.3108191 0.9437184 0.1131086 -0.3105775 0.9437946 0.1822556 -0.5004879 0.846342 0.1822566 -0.5006991 0.8462169 0.2420862 -0.6652067 0.7063246 0.2421182 -0.6649954 0.7065126 0.2896972 -0.7960272 0.5314286 0.2896739 -0.7960636 0.5313867 0.3229249 -0.8870376 0.3299755 0.3229249 -0.8870376 0.3299755 0.3228607 -0.8871693 0.3296841 0.3228608 -0.8871693 0.3296841 0.3228608 -0.8871694 0.3296841 -0.0502566 -0.1000637 0.9937111 -0.05034863 -0.1001214 0.9937005 -0.148643 -0.2956185 0.943671 -0.1484951 -0.2957196 0.9436627 -0.1484951 -0.2957195 0.9436626 -0.1484951 -0.2957196 0.9436627 -0.2389078 -0.4759553 0.8463981 -0.2389746 -0.47588 0.8464215 -0.2389747 -0.47588 0.8464216 -0.2389746 -0.47588 0.8464215 -0.3177177 -0.6324633 0.7064316 -0.317565 -0.6324091 0.7065489 -0.3803461 -0.7570515 0.5312343 -0.3803461 -0.7570515 0.5312343 -0.3803461 -0.7570515 0.5312343 -0.3804177 -0.7569913 0.531269 -0.4235593 -0.8435386 0.3302126 -0.08980613 -0.06687623 0.9937115 -0.0897935 -0.0668776 0.9937125 -0.2654684 -0.1976048 0.943652 -0.2654684 -0.1976048 0.943652 -0.2654684 -0.1976047 0.943652 -0.2652647 -0.1975188 0.9437273 -0.2652647 -0.1975188 0.9437273 -0.2652647 -0.1975188 0.9437273 -0.4273469 -0.3182048 0.8462389 -0.4275701 -0.3182324 0.8461159 -0.5677992 -0.4226352 0.7063878 -0.5676265 -0.4226062 0.7065439 -0.6793884 -0.5058048 0.5315946 -0.679501 -0.5058553 0.5314029 -0.679501 -0.5058552 0.5314028 -0.679501 -0.5058553 0.5314028 -0.7571182 -0.5638091 0.3299868 -0.7572112 -0.5637972 0.329794 -0.7572112 -0.5637972 0.3297941 -0.107257 -0.03212511 0.9937123 -0.1072817 -0.0321235 0.9937096 -0.3170854 -0.09495556 0.9436315 -0.3170855 -0.0949555 0.9436315 -0.3170854 -0.0949555 0.9436315 -0.3170061 -0.09492301 0.9436614 -0.3170061 -0.09492301 0.9436614 -0.3170061 -0.09492301 0.9436614 -0.5100517 -0.1527634 0.8464696 -0.5100517 -0.1527633 0.8464695 -0.5106794 -0.1528456 0.8460763 -0.677887 -0.2029157 0.7066078 -0.6776317 -0.2029878 0.7068319 -0.8114308 -0.2430413 0.5315179 -0.8117181 -0.2429442 0.5311234 -0.904339 -0.2706838 0.3300023 -0.9041033 -0.2708277 0.3305293 -0.1102319 0.01945036 0.9937157 -0.1102585 0.01942592 0.9937132 -0.3258326 0.05742287 0.943682 -0.3258326 0.05742287 0.943682 -0.3258326 0.05742287 0.9436821 -0.3259081 0.05746841 0.9436532 -0.3259081 0.05746841 0.9436532 -0.3259081 0.05746841 0.9436532 -0.5247424 0.09262603 0.8462068 -0.5248475 0.09267467 0.8461363 -0.6972355 0.1231352 0.7061873 -0.6967584 0.1226959 0.7067344 -0.8341783 0.1469213 0.5315644 -0.8343675 0.1470698 0.5312265 -0.9296418 0.1638948 0.3300071 -0.9296418 0.1638948 0.3300071 -0.9296418 0.1638949 0.3300071 -0.9296312 0.1638872 0.3300407 -0.9296313 0.1638872 0.3300406 -0.9296312 0.1638872 0.3300406 -0.06154626 0.09359687 0.9937061 -0.1818367 0.2765226 0.9436475 -0.1818367 0.2765226 0.9436475 -0.1819153 0.2764599 0.9436509 -0.1819153 0.2764599 0.9436509 -0.1819153 0.2764599 0.9436509 -0.292837 0.4452062 0.8461902 -0.2926951 0.4450694 0.8463113 -0.2926952 0.4450694 0.8463113 -0.2926952 0.4450694 0.8463113 -0.3888058 0.5911162 0.7066907 -0.3888236 0.5912876 0.7065375 -0.4655274 0.7078328 0.5312786 -0.4655274 0.7078329 0.5312786 -0.4655274 0.7078329 0.5312786 -0.4653223 0.7079752 0.5312687 -0.5186733 0.7888323 0.3297297 -0.5186733 0.7888324 0.3297297 -0.5187105 0.7887015 0.329984 -0.5187104 0.7887015 0.329984 -0.01297008 0.1112809 0.9937044 -0.01301616 0.1111275 0.993721 -0.03843921 0.3286312 0.9436758 -0.03843927 0.3286312 0.9436758 -0.03843516 0.3286453 0.9436711 -0.03843516 0.3286453 0.9436711 -0.03843516 0.3286453 0.9436711 -0.06186115 0.5290468 0.8463349 -0.06186115 0.5290468 0.8463349 -0.06186115 0.5290468 0.8463349 -0.06179815 0.5290141 0.8463599 -0.06179821 0.5290141 0.8463599 -0.06179827 0.5290141 0.8463599 -0.08211112 0.7031107 0.7063238 -0.08228403 0.7027134 0.7066989 -0.09848833 0.841097 0.5318421 -0.09834074 0.8413689 0.5314392 -0.1096029 0.9376454 0.329861 -0.1096029 0.9376454 0.329861 -0.1095795 0.9376906 0.3297402 -0.109579 0.9376907 0.3297402 -0.1095795 0.9376906 0.3297402 0.02587771 0.1089993 0.9937049 0.02584898 0.1089633 0.9937097 0.07631945 0.3220025 0.9436576 0.07631945 0.3220025 0.9436576 0.07631945 0.3220025 0.9436576 0.07632064 0.3219164 0.943687 0.07632064 0.3219164 0.9436869 0.07632064 0.3219164 0.943687 0.1228246 0.5182458 0.8463661 0.1228246 0.5182458 0.8463661 0.1228456 0.5180443 0.8464864 0.1228456 0.5180444 0.8464863 0.1228455 0.5180444 0.8464864 0.1631198 0.6888997 0.7062643 0.1630879 0.6886871 0.7064789 0.1630879 0.6886871 0.7064789 0.1630879 0.6886871 0.7064789 0.1951974 0.8241604 0.5316557 0.1951975 0.8241604 0.5316557 0.1951975 0.8241604 0.5316557 0.1955744 0.8245332 0.5309385 0.1955744 0.8245332 0.5309385 0.1955744 0.8245332 0.5309385 0.2178608 0.9185485 0.3298567 0.2178608 0.9185485 0.3298567 0.2178608 0.9185485 0.3298567 0.217625 0.918446 0.3302972 0.0720607 0.0857954 0.9937035 0.0719667 0.08576816 0.9937126 0.2124171 0.2531339 0.9438233 0.2127227 0.2535026 0.9436555 0.2127227 0.2535024 0.9436554 0.3425211 0.4083982 0.846103 0.3423996 0.4081056 0.8462933 0.3423997 0.4081056 0.8462933 0.3423997 0.4081056 0.8462933 0.4547636 0.5420866 0.7066345 0.4549365 0.5421479 0.7064762 0.5445183 0.6489925 0.5313273 0.5445183 0.6489925 0.5313273 0.5446128 0.6489557 0.5312753 0.5446129 0.6489557 0.5312752 0.6068333 0.7231815 0.3297909 0.6068333 0.7231814 0.3297909 0.6068333 0.7231815 0.3297908 0.6067393 0.723309 0.3296843 0.9519858 -0.2849684 0.1118746 0.9519859 -0.2849684 0.1118746 0.951986 -0.2849684 0.1118746 0.9786861 -0.1725045 0.1114263 0.9786646 -0.1723592 0.1118388 0.992016 -0.0581839 0.1118887 0.992016 -0.0581839 0.1118887 0.9919836 -0.05803036 0.1122546 0.9920875 -0.05762898 0.1115415 0.9519719 -0.2850759 0.1117203 0.9519719 -0.2850759 0.1117203 0.9519719 -0.2850759 0.1117203 0.9519829 -0.2849928 0.1118378 0.9519829 -0.2849928 0.1118378 0.904362 -0.2708017 0.3298422 0.904362 -0.2708017 0.3298422 0.9043976 -0.2708524 0.3297027 0.8115383 -0.2430204 0.5313633 0.8115382 -0.2430204 0.5313633 0.8115382 -0.2430204 0.5313633 0.8113911 -0.2431995 0.531506 0.6782644 -0.2032904 0.7061377 0.9124218 -0.3936132 0.1120502 0.9125178 -0.3935082 0.1116366 0.9125178 -0.3935082 0.1116366 0.9125177 -0.3935083 0.1116366 0.9124701 -0.3935579 0.1118517 0.91247 -0.3935579 0.1118517 0.9124701 -0.3935579 0.1118517 0.8604573 -0.4971373 0.1116604 0.8604573 -0.4971373 0.1116604 0.8604573 -0.4971373 0.1116604 0.8606396 -0.4968197 0.1116679 0.8176809 -0.4720249 0.3295307 0.8176662 -0.4720184 0.3295767 0.7336063 -0.4234744 0.5314992 0.7336155 -0.4235717 0.5314088 0.6130287 -0.3539224 0.7063531 0.6130288 -0.3539224 0.7063531 0.6130287 -0.3539225 0.7063531 0.6128189 -0.353806 0.7065935 0.4611427 -0.2662171 0.846449 0.4611427 -0.2662172 0.846449 0.4611426 -0.2662172 0.846449 0.4611178 -0.2662078 0.8464655 0.4611178 -0.2662078 0.8464655 0.4611178 -0.2662078 0.8464656 0.2862235 -0.1653236 0.9437925 0.08983743 -0.06692534 0.9937053 0.08979052 -0.06687116 0.9937132 0.2654439 -0.1975498 0.9436704 0.2654439 -0.1975498 0.9436704 0.2654439 -0.1975497 0.9436703 0.2653351 -0.1975021 0.9437109 0.2653351 -0.1975021 0.9437109 0.4271645 -0.3179948 0.84641 0.4271644 -0.3179947 0.84641 0.4271645 -0.3179947 0.84641 0.4274436 -0.3181173 0.8462231 0.5677637 -0.4227421 0.7063522 0.5677637 -0.4227421 0.7063522 0.5677269 -0.4226848 0.7064162 0.6796168 -0.5059276 0.5311858 0.6796168 -0.5059276 0.5311858 0.7573271 -0.5637766 0.3295629 0.7573112 -0.5635879 0.3299223 0.7972277 -0.593271 0.1116142 0.7971399 -0.5934058 0.1115241 0.7971399 -0.5934058 0.1115241 0.79714 -0.5934058 0.1115241 0.7227932 -0.6820186 0.1114478 0.7226545 -0.6820968 0.1118679 0.7230373 -0.6817408 0.111564 0.7230373 -0.6817408 0.111564 0.7230373 -0.6817408 0.111564 0.6388474 -0.7611402 0.1119799 0.6386618 -0.7613344 0.111719 0.6066691 -0.7232275 0.3299918 0.6066586 -0.723351 0.3297402 0.5444824 -0.6490244 0.5313252 0.5444823 -0.6490244 0.5313252 0.5444823 -0.6490244 0.5313252 0.5442088 -0.648754 0.5319353 0.4550992 -0.5424871 0.7061108 0.4550675 -0.5422735 0.7062954 0.3425322 -0.4081664 0.8462104 0.3423318 -0.4080304 0.846357 0.3423318 -0.4080304 0.8463571 0.3423319 -0.4080304 0.8463571 0.2123831 -0.2532007 0.943813 0.212631 -0.253439 0.9436932 0.212631 -0.253439 0.9436932 0.07201641 -0.08581233 0.9937052 0.07199847 -0.08579522 0.9937079 0.06156182 -0.09366893 0.9936984 0.1818578 -0.2765087 0.9436475 0.1818578 -0.2765087 0.9436475 0.1818578 -0.2765088 0.9436476 0.1815478 -0.2761168 0.9438221 0.2927046 -0.4452254 0.846226 0.2926918 -0.4449319 0.8463847 0.3891733 -0.5916149 0.7060708 0.3891445 -0.5914907 0.7061908 0.4655011 -0.7077395 0.5314261 0.4655011 -0.7077395 0.5314261 0.4655011 -0.7077395 0.531426 0.465499 -0.7077415 0.5314251 0.518733 -0.7886626 0.3300416 0.5188004 -0.7885863 0.330118 0.5188004 -0.7885863 0.330118 0.5461994 -0.8301365 0.1119804 0.5460306 -0.8302881 0.1116798 0.5460306 -0.8302881 0.1116799 0.5460306 -0.8302881 0.1116798 0.05030202 -0.1001769 0.9936973 0.1484383 -0.2952431 0.9438207 0.1484541 -0.2955428 0.9437245 0.2390232 -0.4759445 0.8463717 0.2390586 -0.476018 0.8463202 0.3177238 -0.6326956 0.7062209 0.3176492 -0.6322159 0.706684 0.3176491 -0.6322159 0.706684 0.3176492 -0.6322159 0.7066839 0.3802203 -0.756998 0.5314006 0.3802573 -0.7569795 0.5314006 0.3802574 -0.7569795 0.5314006 0.3802574 -0.7569794 0.5314006 0.4236806 -0.8436315 0.3298196 0.4236804 -0.8436314 0.3298196 0.4236806 -0.8436313 0.3298196 0.4236768 -0.8436502 0.329776 0.4236768 -0.8436504 0.3297761 0.4236768 -0.8436503 0.3297761 0.4458751 -0.8881542 0.1112543 0.4460975 -0.887939 0.1120781 0.3399242 -0.9337723 0.111897 0.3399242 -0.9337723 0.111897 0.3399241 -0.9337723 0.111897 0.3397546 -0.9338111 0.1120878 0.3397547 -0.9338111 0.1120879 0.3397546 -0.9338111 0.1120878 0.3398934 -0.9337738 0.1119782 0.2297229 -0.9667943 0.1119663 0.2297229 -0.9667943 0.1119663 0.2297229 -0.9667943 0.1119663 0.2291562 -0.9669733 0.1115807 0.2291562 -0.9669733 0.1115806 0.2291561 -0.9669733 0.1115807 0.2176982 -0.918622 0.3297592 0.2177501 -0.9185423 0.3299469 0.1953667 -0.8241907 0.5315466 0.1953667 -0.8241906 0.5315465 0.1953667 -0.8241906 0.5315465 0.1955904 -0.8243654 0.5311931 0.1955904 -0.8243654 0.5311931 0.1955904 -0.8243654 0.531193 0.1631193 -0.6889208 0.7062439 0.1632132 -0.688629 0.7065066 0.1229301 -0.5186057 0.8461303 0.1229302 -0.5184557 0.8462222 0.07626616 -0.3215874 0.9438036 0.07622915 -0.3216263 0.9437932 0.02584564 -0.1089507 0.9937111 0.0258094 -0.1090171 0.9937049 0.01297473 -0.1112149 0.9937118 0.01299703 -0.1111838 0.9937149 0.03842025 -0.3286812 0.9436591 0.0384202 -0.3286812 0.9436592 0.03842025 -0.3286812 0.9436591 0.03837341 -0.3286138 0.9436845 0.03837335 -0.3286138 0.9436846 0.03837335 -0.3286138 0.9436845 0.06174808 -0.5290264 0.8463559 0.06174802 -0.5290264 0.8463559 0.0617454 -0.5290268 0.8463558 0.06190264 -0.5291752 0.8462517 0.08226859 -0.7031221 0.706294 0.0823282 -0.702979 0.7064296 0.0984193 -0.8413389 0.5314723 0.09841924 -0.8413389 0.5314723 0.09845018 -0.8414546 0.5312831 0.09845018 -0.8414547 0.5312831 0.09845018 -0.8414546 0.5312831 0.1094061 -0.9376965 0.3297812 0.1095666 -0.9375277 0.3302076 0.1153483 -0.9870038 0.1118859 0.1152785 -0.9870243 0.1117766 0.1152786 -0.9870243 0.1117766 0 -0.9937344 0.111768 0 -0.9937344 0.111768 0 -0.9937344 0.111768 0 -0.9937511 0.1116196 0 -0.9937511 0.1116196 0 -0.9937511 0.1116196 0 -0.9439345 0.3301329 0 -0.8472916 0.531128 0 -0.8472668 0.5311677 0 -0.7077663 0.7064467 0 -0.7077931 0.7064199 0 -0.5327937 0.8462452 0 -0.5325224 0.8464159 0 -0.5325224 0.846416 0 -0.5325224 0.8464159 0 -0.3309834 0.9436366 0 -0.3309834 0.9436367 0 -0.3309834 0.9436366 0 -0.3308579 0.9436807 0 -0.3308579 0.9436806 0 -0.3308579 0.9436806 0 -0.1119393 0.9937151 0 -0.11194 0.9937151 -0.1151294 -0.9870271 0.1119053 -0.115332 -0.9870342 0.1116345 -0.1095665 -0.9376705 0.3298019 -0.1094074 -0.9375815 0.3301074 -0.09834855 -0.8414664 0.5312833 -0.09834849 -0.8414663 0.5312833 -0.09834849 -0.8414663 0.5312833 -0.09854567 -0.8415433 0.5311249 -0.08217704 -0.7028911 0.7065346 -0.08217704 -0.7028911 0.7065346 -0.08217704 -0.7028911 0.7065346 -0.08222997 -0.7029492 0.7064706 -0.06193757 -0.5294099 0.8461023 -0.06171697 -0.5288383 0.8464757 -0.06171703 -0.5288383 0.8464757 -0.06171697 -0.5288384 0.8464756 -0.03834772 -0.3285362 0.9437126 -0.03834772 -0.3285362 0.9437126 -0.03834772 -0.3285362 0.9437126 -0.03845435 -0.3288541 0.9435975 -0.03845435 -0.3288542 0.9435975 -0.03845441 -0.3288541 0.9435976 -0.01298063 -0.111216 0.9937116 -0.01299434 -0.1111776 0.9937156 -0.2295556 -0.9668489 0.1118372 -0.2295556 -0.9668489 0.1118372 -0.2295556 -0.9668489 0.1118372 -0.2291467 -0.966924 0.1120254 -0.2291467 -0.9669241 0.1120254 -0.2291467 -0.966924 0.1120254 -0.2176947 -0.9186081 0.3298003 -0.2177353 -0.9186172 0.329748 -0.1953688 -0.8242304 0.5314842 -0.1953614 -0.8243408 0.5313156 -0.1953616 -0.8243408 0.5313157 -0.1953615 -0.8243408 0.5313157 -0.1630862 -0.6886756 0.7064906 -0.1632254 -0.688851 0.7062873 -0.1228203 -0.5183804 0.8462843 -0.1230338 -0.5186107 0.8461121 -0.07632625 -0.3216547 0.9437757 -0.07632374 -0.3219894 0.9436618 -0.07632374 -0.3219894 0.9436618 -0.07632374 -0.3219894 0.9436618 -0.02586162 -0.1090138 0.9937039 -0.02581822 -0.1089519 0.9937117 -0.03834646 -0.1052766 0.9937034 -0.03826302 -0.1052291 0.9937117 -0.1129875 -0.3106669 0.9437797 -0.1131948 -0.3108773 0.9436855 -0.1822741 -0.5005533 0.8462994 -0.1821915 -0.5004259 0.8463925 -0.2420794 -0.6650516 0.7064729 -0.241873 -0.6648439 0.706739 -0.241873 -0.6648439 0.706739 -0.2895807 -0.7961905 0.5312474 -0.2895807 -0.7961905 0.5312474 -0.2897675 -0.7961398 0.5312216 -0.2897674 -0.7961398 0.5312216 -0.2897674 -0.7961398 0.5312216 -0.3229574 -0.8871754 0.3295732 -0.3229574 -0.8871754 0.3295731 -0.3227984 -0.8871407 0.3298223 -0.3227984 -0.8871407 0.3298223 -0.3398701 -0.933776 0.1120311 -0.33987 -0.9337759 0.1120311 -0.3397821 -0.9338284 0.1118602 -0.4459504 -0.8881012 0.1113761 -0.4459504 -0.8881012 0.1113761 -0.4459504 -0.8881012 0.1113761 -0.4460968 -0.8880056 0.1115522 -0.4461308 -0.8879415 0.1119257 -0.4461308 -0.8879415 0.1119257 -0.4461308 -0.8879414 0.1119257 -0.5460968 -0.8302243 0.1118305 -0.5460968 -0.8302242 0.1118305 -0.5461364 -0.8302454 0.1114802 -0.5187829 -0.7886295 0.3300423 -0.518695 -0.7886275 0.3301852 -0.4654018 -0.7076088 0.5316869 -0.4657167 -0.707729 0.5312511 -0.3889567 -0.591386 0.7063819 -0.3889567 -0.5913859 0.7063819 -0.3889567 -0.591386 0.7063819 -0.3887454 -0.5912798 0.7065871 -0.2926838 -0.4451189 0.8462892 -0.2927312 -0.4451785 0.8462415 -0.181691 -0.2762688 0.94375 -0.1816881 -0.2763746 0.9437196 -0.1816881 -0.2763745 0.9437195 -0.1816881 -0.2763746 0.9437195 -0.06148004 -0.09356611 0.993713 -0.0616151 -0.09362429 0.9936992 -0.07196867 -0.08576959 0.9937123 -0.07202428 -0.0858016 0.9937055 -0.2127754 -0.2535277 0.9436368 -0.2127754 -0.2535277 0.9436368 -0.2127113 -0.2535124 0.9436554 -0.2127113 -0.2535124 0.9436554 -0.2127113 -0.2535124 0.9436554 -0.3423768 -0.4081002 0.8463051 -0.3426644 -0.4082044 0.8461385 -0.4550405 -0.5422452 0.7063346 -0.4550404 -0.5422451 0.7063345 -0.4550548 -0.542297 0.7062855 -0.5445657 -0.6489711 0.5313048 -0.5445657 -0.6489711 0.5313048 -0.5444016 -0.6489267 0.5315272 -0.5444015 -0.6489268 0.5315272 -0.5444015 -0.6489267 0.5315272 -0.606588 -0.7232943 0.3299946 -0.6067387 -0.7232735 0.3297632 -0.6386537 -0.7613443 0.1116981 -0.6387156 -0.7612848 0.1117503 -0.6387156 -0.7612847 0.1117503 -0.7228032 -0.6819913 0.1115496 -0.7229129 -0.681912 0.1113242 -0.6867778 -0.6478396 0.3296062 -0.6867778 -0.6478396 0.3296062 -0.6867774 -0.64784 0.3296062 -0.6867725 -0.6477664 0.3297611 -0.6161364 -0.581334 0.5314384 -0.6161364 -0.581334 0.5314384 -0.6161364 -0.581334 0.5314384 -0.5147206 -0.4855923 0.7065854 -0.5147206 -0.4855922 0.7065854 -0.5148946 -0.4858586 0.7062755 -0.3874856 -0.3656436 0.8462623 -0.3876259 -0.3656941 0.8461762 -0.240733 -0.2270764 0.9436546 -0.240733 -0.2270764 0.9436547 -0.240733 -0.2270764 0.9436546 -0.2406532 -0.2270595 0.943679 -0.2406532 -0.2270596 0.943679 -0.08152651 -0.07686632 0.9937027 -0.796955 -0.5936377 0.1116123 -0.796955 -0.5936377 0.1116123 -0.796955 -0.5936377 0.1116123 -0.7971626 -0.5932367 0.1122593 -0.7970626 -0.593451 0.1118354 -0.7970626 -0.593451 0.1118354 -0.7970626 -0.593451 0.1118354 -0.8604667 -0.4971123 0.1116988 -0.8606213 -0.4968706 0.1115829 -0.8174355 -0.4719125 0.3302997 -0.8176802 -0.4718726 0.3297508 -0.8176802 -0.4718725 0.3297508 -0.7338986 -0.4235429 0.5310407 -0.7338987 -0.4235429 0.5310407 -0.7338987 -0.4235429 0.5310406 -0.7334803 -0.4235974 0.5315749 -0.7334804 -0.4235973 0.5315749 -0.7334803 -0.4235973 0.5315749 -0.6126174 -0.3538155 0.7067635 -0.6128367 -0.3538397 0.7065612 -0.4613689 -0.2663338 0.846289 -0.4613689 -0.2663338 0.846289 -0.4613592 -0.2663464 0.8462903 -0.4613593 -0.2663464 0.8462903 -0.4613593 -0.2663465 0.8462904 -0.2866461 -0.1654777 0.9436373 -0.286646 -0.1654778 0.9436373 -0.2866461 -0.1654777 0.9436373 -0.2865384 -0.1654113 0.9436815 -0.2865384 -0.1654114 0.9436816 -0.2865384 -0.1654114 0.9436815 -0.097005 -0.05601841 0.9937062 -0.09696066 -0.05601495 0.9937107 -0.1028554 -0.04432779 0.9937082 -0.1028255 -0.0443331 0.9937111 -0.3035472 -0.1308829 0.9437843 -0.3040406 -0.1310937 0.9435962 -0.3040405 -0.1310938 0.9435963 -0.3040405 -0.1310937 0.9435962 -0.48899 -0.2108452 0.8464238 -0.48899 -0.2108452 0.8464238 -0.48899 -0.2108452 0.8464238 -0.4890833 -0.2109658 0.8463398 -0.4890834 -0.2109657 0.8463398 -0.6495571 -0.2801519 0.7068172 -0.6498404 -0.2804056 0.7064561 -0.6498404 -0.2804055 0.7064561 -0.6498404 -0.2804056 0.7064561 -0.7779385 -0.3356525 0.5311772 -0.7779385 -0.3356526 0.5311772 -0.7779385 -0.3356526 0.5311772 -0.7777262 -0.3356243 0.5315059 -0.8667793 -0.3739131 0.3299739 -0.8667792 -0.3739131 0.3299739 -0.8667793 -0.3739132 0.3299739 -0.8667794 -0.3739212 0.3299645 -0.9124635 -0.3936312 0.1116461 -0.9124138 -0.3936344 0.1120405 -0.9124138 -0.3936344 0.1120405 -0.9124138 -0.3936344 0.1120405 -0.9519794 -0.2851357 0.1115027 -0.9519794 -0.2851357 0.1115027 -0.9519794 -0.2851357 0.1115027 -0.9519973 -0.2849275 0.111882 -0.9519973 -0.2849274 0.111882 -0.9519973 -0.2849274 0.111882 -0.9519535 -0.2849954 0.112081 -0.9519535 -0.2849954 0.112081 -0.978599 -0.1726464 0.1119699 -0.9785991 -0.1726465 0.11197 -0.978599 -0.1726465 0.1119699 -0.9786324 -0.1725277 0.1118607 -0.9786324 -0.1725277 0.1118607 -0.9786325 -0.1725277 0.1118607 -0.9295868 -0.1638829 0.3301679 -0.9295868 -0.1638829 0.3301679 -0.9295868 -0.1638829 0.3301679 -0.9294612 -0.1638289 0.3305481 -0.8342692 -0.147044 0.5313878 -0.8344257 -0.1469705 0.5311625 -0.6972607 -0.1227995 0.7062208 -0.6966385 -0.1230117 0.7067977 -0.5242762 -0.0923801 0.8465226 -0.5242762 -0.0923801 0.8465226 -0.5242763 -0.09238004 0.8465226 -0.5248417 -0.09263002 0.8461447 -0.3260158 -0.05745202 0.943617 -0.3260158 -0.05745208 0.943617 -0.3260158 -0.05745202 0.9436169 -0.3258647 -0.05743259 0.9436703 -0.3258647 -0.05743259 0.9436703 -0.3258647 -0.05743259 0.9436703 -0.1102793 -0.01943606 0.9937106 -0.110274 -0.01943802 0.9937111 -0.1117624 -0.006526529 0.9937136 -0.1118109 -0.006527841 0.9937081 -0.3303152 -0.0192877 0.9436736 -0.3303152 -0.01928764 0.9436737 -0.3303152 -0.01928776 0.9436736 -0.330455 -0.01926279 0.9436253 -0.330455 -0.01926279 0.9436253 -0.3304549 -0.01926279 0.9436252 -0.5316696 -0.03099226 0.8463847 -0.5316696 -0.03099226 0.8463846 -0.5316696 -0.03099226 0.8463847 -0.5316469 -0.03099364 0.8463988 -0.5316469 -0.0309937 0.8463988 -0.7064811 -0.04123258 0.7065298 -0.7064811 -0.04123258 0.7065297 -0.7064811 -0.04123258 0.7065298 -0.845649 -0.04933255 0.5314546 -0.8458325 -0.04933583 0.5311625 -0.8458325 -0.04933589 0.5311625 -0.8458324 -0.04933589 0.5311625 -0.9423476 -0.05496501 0.3300907 -0.9423476 -0.05496501 0.3300907 -0.9423477 -0.05496501 0.3300907 -0.9423788 -0.05476039 0.3300355 -0.992042 -0.05780434 0.1118546 -0.992042 -0.0578044 0.1118546 -0.992042 -0.0578044 0.1118546 -0.1117672 0.006527006 0.993713 -0.1118131 0.006523728 0.9937079 -0.3302353 0.01927959 0.9437018 -0.3302353 0.01927959 0.9437018 -0.3302353 0.01927959 0.9437018 -0.3304764 0.0192613 0.9436178 -0.3304764 0.01926124 0.9436178 -0.3304764 0.0192613 0.9436178 -0.5317392 0.03099083 0.846341 -0.5317392 0.03099077 0.846341 -0.5317393 0.03099083 0.846341 -0.5319977 0.03090023 0.8461818 -0.7065244 0.04137706 0.7064781 -0.7065244 0.04137706 0.7064781 -0.7065629 0.04121333 0.7064492 -0.7065629 0.04121339 0.7064492 -0.7065629 0.04121333 0.7064492 -0.8456464 0.04934257 0.5314581 -0.8456271 0.04930204 0.5314925 -0.9423698 0.05495768 0.3300284 -0.9422183 0.05475211 0.330495 -0.9786554 0.172531 0.1116547 -0.9786553 0.172531 0.1116547 -0.9786554 0.1725309 0.1116547 -0.9786028 0.172667 0.1119059 -0.9786028 0.1726669 0.1119059 -0.9786028 0.1726669 0.1119059 -0.9786316 0.1726192 0.1117267 -0.9786316 0.1726191 0.1117267 -0.9521136 0.2845634 0.1118182 -0.9519251 0.2851178 0.112011 -0.9519252 0.2851179 0.112011 -0.9519251 0.2851179 0.112011 -0.904267 0.2709055 0.3300173 -0.904186 0.270667 0.3304346 -0.8114773 0.242924 0.5315003 -0.8115612 0.2430341 0.5313218 -0.6778931 0.2030035 0.7065767 -0.6777428 0.202883 0.7067554 -0.5103409 0.152742 0.846299 -0.510341 0.152742 0.846299 -0.5103409 0.152742 0.846299 -0.510535 0.1528388 0.8461646 -0.3166961 0.09479898 0.943778 -0.3167299 0.09485548 0.9437609 -0.1072776 0.03212058 0.9937102 -0.1072083 0.03210508 0.9937181 -0.1028403 0.04431235 0.9937104 -0.1028246 0.04435116 0.9937103 -0.3039375 0.1311085 0.9436274 -0.3039375 0.1311085 0.9436274 -0.3039374 0.1311085 0.9436274 -0.3038962 0.1310656 0.9436467 -0.3038962 0.1310656 0.9436467 -0.4888648 0.2108525 0.8464943 -0.4888648 0.2108525 0.8464943 -0.4888648 0.2108525 0.8464942 -0.4893539 0.2110325 0.8461668 -0.6497537 0.280242 0.7066009 -0.6496793 0.2801337 0.7067121 -0.7778179 0.3353959 0.5315157 -0.777991 0.3356595 0.531096 -0.86693 0.3740554 0.3294162 -0.86693 0.3740555 0.3294162 -0.86693 0.3740554 0.3294162 -0.8667094 0.3738031 0.3302821 -0.9124699 0.3935402 0.1119153 -0.9124392 0.3937984 0.1112547 -0.8606357 0.4968035 0.11177 -0.8606357 0.4968036 0.1117701 -0.8606358 0.4968035 0.11177 -0.8605713 0.4970444 0.111193 -0.8176544 0.4722545 0.3292675 -0.8175573 0.4717033 0.3302968 -0.7336956 0.4235168 0.531342 -0.7336957 0.4235168 0.531342 -0.7336956 0.4235167 0.531342 -0.7337191 0.4237028 0.5311613 -0.6127043 0.3538239 0.7066839 -0.6131191 0.3537883 0.7063419 -0.6131191 0.3537884 0.7063419 -0.4613108 0.2663124 0.8463276 -0.4613107 0.2663124 0.8463275 -0.4613107 0.2663124 0.8463274 -0.4614663 0.2663594 0.8462278 -0.2866553 0.1654656 0.9436366 -0.2866553 0.1654656 0.9436366 -0.2866594 0.1654593 0.9436365 -0.2866433 0.1654794 0.9436378 -0.2866433 0.1654795 0.9436378 -0.09694528 0.05601054 0.9937126 -0.09698444 0.05602169 0.993708 -0.7971385 0.5933591 0.1117823 -0.7971385 0.5933591 0.1117823 -0.7971385 0.5933591 0.1117823 -0.7971661 0.5933257 0.1117628 -0.7971661 0.5933257 0.1117628 -0.7971661 0.5933257 0.1117629 -0.7572312 0.5638321 0.3296883 -0.7572312 0.5638322 0.3296883 -0.7572312 0.5638321 0.3296883 -0.7572341 0.563731 0.3298544 -0.757234 0.5637311 0.3298544 -0.757234 0.5637311 0.3298544 -0.6795796 0.5058155 0.53134 -0.6795797 0.5058155 0.53134 -0.6795797 0.5058155 0.53134 -0.679282 0.5057229 0.5318086 -0.5678443 0.4227797 0.706265 -0.5676637 0.4223039 0.7066947 -0.4270855 0.3180074 0.8464451 -0.4270855 0.3180074 0.8464452 -0.4276522 0.3183532 0.846029 -0.2654172 0.1976044 0.9436665 -0.2654171 0.1976044 0.9436665 -0.2654172 0.1976044 0.9436665 -0.2653009 0.1975033 0.9437203 -0.2653009 0.1975033 0.9437203 -0.2653009 0.1975033 0.9437203 -0.08980929 0.06688606 0.9937105 -0.7222556 0.6825823 0.1114825 -0.7227788 0.6820039 0.1116316 -0.686652 0.6477552 0.3300338 -0.686652 0.6477552 0.3300338 -0.6866446 0.6478199 0.3299221 -0.6866445 0.6478199 0.3299221 -0.6866445 0.6478199 0.3299221 -0.6162131 0.5813122 0.5313732 -0.6162132 0.5813122 0.5313733 -0.6162132 0.5813122 0.5313732 -0.5148161 0.48572 0.706428 -0.5148949 0.4859784 0.7061928 -0.3873044 0.365436 0.8464347 -0.3873044 0.365436 0.8464347 -0.3873045 0.3654359 0.8464347 -0.3871875 0.3653717 0.846516 -0.3871876 0.3653717 0.8465161 -0.3871876 0.3653717 0.8465161 -0.2406303 0.227065 0.9436835 -0.2406303 0.227065 0.9436835 -0.2406324 0.227032 0.9436909 -0.2406323 0.2270321 0.9436909 -0.2406324 0.2270321 0.9436909 -0.08146429 0.07686048 0.9937083 -0.0814588 0.07683682 0.9937105 -0.0720154 0.08578026 0.993708 -0.07200109 0.08574795 0.9937119 -0.2128021 0.2535514 0.9436244 -0.2128021 0.2535514 0.9436244 -0.212802 0.2535514 0.9436244 -0.2125224 0.2532901 0.9437577 -0.3422499 0.4079108 0.8464478 -0.3422499 0.4079108 0.8464478 -0.3425632 0.4082161 0.8461738 -0.4549164 0.5421677 0.706474 -0.4549224 0.541977 0.7066163 -0.5445337 0.6489372 0.531379 -0.5445337 0.6489372 0.5313789 -0.5445801 0.6489577 0.5313064 -0.5445801 0.6489578 0.5313064 -0.6068487 0.7231938 0.3297354 -0.6067755 0.7231611 0.3299419 -0.6067754 0.7231612 0.3299419 -0.6386798 0.7613559 0.1114688 -0.6386398 0.7614049 0.1113634 -0.5461673 0.830233 0.1114201 -0.5459417 0.8302951 0.1120613 -0.5464032 0.8300751 0.1114405 -0.5464032 0.830075 0.1114405 -0.5464032 0.8300751 0.1114405 -0.4462134 0.8879044 0.1118899 -0.4462134 0.8879044 0.1118899 -0.4462134 0.8879044 0.1118898 -0.445894 0.8880744 0.1118146 -0.4236053 0.8436496 0.3298697 -0.4236804 0.8435749 0.3299642 -0.4236804 0.8435749 0.3299642 -0.4236804 0.8435749 0.3299642 -0.3802456 0.7569545 0.5314444 -0.3802157 0.7570906 0.5312719 -0.3176548 0.6324767 0.7064479 -0.3176472 0.6324171 0.7065047 -0.239128 0.4760458 0.846285 -0.2390967 0.476288 0.8461575 -0.1483225 0.2954587 0.9437715 -0.1483281 0.29531 0.9438171 -0.05031907 0.1000927 0.9937049 -0.03830003 0.1053328 0.9936992 -0.03828817 0.105235 0.9937101 -0.1130575 0.3106328 0.9437825 -0.113218 0.311056 0.9436239 -0.1132179 0.311056 0.9436238 -0.113218 0.311056 0.9436239 -0.1821869 0.5005999 0.8462906 -0.1822553 0.5003704 0.8464115 -0.2422208 0.6650539 0.7064222 -0.2420802 0.6649364 0.7065811 -0.2420802 0.6649363 0.7065811 -0.2420801 0.6649363 0.7065811 -0.2897703 0.7959928 0.5314402 -0.289806 0.7962214 0.5310782 -0.2898059 0.7962214 0.5310783 -0.2898059 0.7962213 0.5310782 -0.3229513 0.8870593 0.3298913 -0.3230471 0.8868932 0.330244 -0.3397858 0.9338158 0.1119538 -0.3397858 0.9338159 0.1119537 -0.3397858 0.9338158 0.1119538 -0.3397732 0.9338887 0.1113827 -0.3397733 0.9338887 0.1113827 -0.2293674 0.9669275 0.1115427 -0.2291572 0.9669702 0.1116058 -0.2291571 0.9669702 0.1116058 -0.2291571 0.9669702 0.1116058 -0.2176547 0.9184912 0.330152 -0.2176729 0.9184682 0.330204 -0.1954941 0.8242139 0.5314638 -0.195494 0.8242139 0.5314638 -0.195494 0.8242138 0.5314638 -0.1951687 0.8242599 0.5315119 -0.1631109 0.6888655 0.7062996 -0.1631816 0.6885816 0.7065601 -0.1631816 0.6885816 0.7065601 -0.1631816 0.6885816 0.7065601 -0.12279 0.5181339 0.8464395 -0.12279 0.5181339 0.8464395 -0.12279 0.5181339 0.8464395 -0.1229218 0.518144 0.8464143 -0.07630813 0.3218378 0.9437147 -0.07630813 0.3218377 0.9437147 -0.076321 0.3219538 0.9436742 -0.07632094 0.3219539 0.9436741 -0.076321 0.3219538 0.9436741 -0.02583563 0.1090013 0.9937059 -0.02586865 0.1089596 0.9937095 -0.1153544 0.9870119 0.1118074 -0.1154507 0.987031 0.1115394 -0.1154507 0.987031 0.1115394 -0.1154507 0.9870311 0.1115394 -0.1154103 0.9870383 0.1115162 -0.1154103 0.9870383 0.1115163 0 0.9937387 0.1117293 0 0.9937399 0.1117192 0 0.9440198 0.329889 0 0.9440198 0.3298889 0 0.9440198 0.329889 0 0.9440237 0.329878 0 0.9440237 0.329878 0 0.9440237 0.329878 0 0.8470748 0.5314738 0 0.8470854 0.5314571 0 0.707538 0.7066754 0 0.7075561 0.7066572 0 0.5328296 0.8462226 0 0.5328296 0.8462226 0 0.5328297 0.8462226 0 0.5327543 0.84627 0 0.5327543 0.84627 0 0.5327543 0.84627 0 0.3305335 0.9437943 0 0.3308616 0.9436793 0 0.3308616 0.9436793 0 0.3308616 0.9436793 0 0.1118921 0.9937204 0 0.111885 0.9937212 0.01294136 0.1111386 0.9937207 0.01305288 0.1112661 0.993705 0.03845101 0.3283067 0.9437883 0.03844428 0.3286513 0.9436687 0.03844428 0.3286513 0.9436687 0.03844428 0.3286513 0.9436687 0.06189358 0.5292213 0.8462234 0.06189364 0.5292213 0.8462234 0.06189358 0.5292213 0.8462234 0.06185007 0.5294393 0.8460903 0.08206832 0.7027769 0.7066609 0.08235406 0.7030929 0.7063131 0.09853333 0.8413828 0.5313815 0.0983532 0.841349 0.5314683 0.09835326 0.841349 0.5314685 0.09835326 0.841349 0.5314684 0.1095995 0.9377187 0.3296537 0.1095995 0.9377187 0.3296538 0.1095995 0.9377187 0.3296538 0.1095924 0.9375399 0.3301644 0.115377 0.98702 0.1117123 0.1154426 0.9870321 0.1115384 0.2291546 0.9670122 0.1112453 0.2291546 0.9670122 0.1112453 0.2292574 0.9669649 0.1114454 0.2292574 0.9669649 0.1114454 0.2292574 0.9669649 0.1114454 0.2291978 0.9669653 0.1115637 0.2291978 0.9669653 0.1115638 0.339652 0.933864 0.1119582 0.339652 0.933864 0.1119582 0.339652 0.933864 0.1119582 0.3399809 0.9337947 0.1115376 0.3399809 0.9337947 0.1115376 0.3231399 0.8869761 0.3299305 0.3228988 0.8869013 0.330367 0.2898224 0.7959915 0.5314137 0.289847 0.7962063 0.5310786 0.289847 0.7962062 0.5310785 0.289847 0.7962062 0.5310785 0.2420668 0.6649478 0.706575 0.2420668 0.6649478 0.706575 0.2420667 0.6649478 0.706575 0.2421634 0.6649916 0.7065006 0.2421634 0.6649916 0.7065005 0.1823423 0.5006749 0.8462128 0.1821531 0.5005216 0.8463442 0.1130276 0.3105356 0.943818 0.1130731 0.3105715 0.9438008 0.03832554 0.1053103 0.9937006 0.03827041 0.1052436 0.9937098 0.05033111 0.100144 0.9936992 0.05025988 0.1001268 0.9937046 0.1484852 0.2957295 0.9436612 0.1484852 0.2957295 0.9436612 0.1484853 0.2957295 0.9436612 0.1484369 0.2956061 0.9437074 0.148437 0.2956061 0.9437074 0.2391244 0.4761568 0.8462235 0.2391004 0.4760802 0.8462734 0.3176475 0.6324995 0.7064308 0.3176475 0.6324995 0.7064308 0.3802236 0.7569743 0.5314317 0.380263 0.7569594 0.531425 0.4237275 0.8435772 0.3298978 0.4237276 0.8435772 0.3298979 0.4237276 0.8435772 0.3298979 0.4457983 0.8880887 0.112083 0.4459539 0.8880109 0.1120795 0.445954 0.8880109 0.1120795 0.445954 0.8880109 0.1120795 0.06163227 0.0936104 0.9936995 0.06153512 0.09359186 0.9937073 0.1818323 0.276486 0.9436591 0.1818323 0.276486 0.9436592 0.1816061 0.2761276 0.9438076 0.2926632 0.4450737 0.8463201 0.2927255 0.4449864 0.8463444 0.2927255 0.4449864 0.8463445 0.2927255 0.4449864 0.8463445 0.3889943 0.5912569 0.7064693 0.3889943 0.5912569 0.7064693 0.3889943 0.5912569 0.7064693 0.3886842 0.5912231 0.7066681 0.4655615 0.7078771 0.5311897 0.4655615 0.7078771 0.5311897 0.4655615 0.7078772 0.5311897 0.4654929 0.7078266 0.5313171 0.465493 0.7078266 0.5313171 0.4654929 0.7078266 0.5313171 0.5186544 0.7887366 0.3299885 0.5186543 0.7887366 0.3299885 0.5188365 0.788761 0.3296439 0.5188365 0.7887609 0.3296439 0.5188365 0.788761 0.3296439 0.546095 0.8302102 0.1119438 0.546095 0.8302102 0.1119438 0.546095 0.8302102 0.1119438 0.5462629 0.8301404 0.1116412 0.6386737 0.7613584 0.1114872 0.6389393 0.7610244 0.1122429 0.6389393 0.7610244 0.1122429 0.6389393 0.7610244 0.1122429 0.6386057 0.7613932 0.1116387 0.7230336 0.6817539 0.1115078 0.7230337 0.6817539 0.1115078 0.7230336 0.6817539 0.1115078 0.722698 0.6821214 0.111437 0.6864492 0.6478992 0.330173 0.6866929 0.6478691 0.3297252 0.6160436 0.5812302 0.5316595 0.6162045 0.5814054 0.5312815 0.6162045 0.5814053 0.5312815 0.6162044 0.5814054 0.5312814 0.5149688 0.4858551 0.7062238 0.514698 0.4858026 0.7064572 0.3874513 0.3656958 0.8462554 0.3873391 0.3655338 0.8463767 0.3873391 0.3655338 0.8463767 0.2403136 0.2266957 0.943853 0.2406304 0.2270302 0.9436919 0.2406304 0.2270302 0.9436919 0.08141148 0.07683932 0.9937142 0.08979296 0.06689226 0.9937117 0.08982425 0.06690484 0.9937079 0.2653909 0.1975124 0.9436931 0.2653909 0.1975124 0.943693 0.2654125 0.1975313 0.943683 0.2654125 0.1975314 0.943683 0.4274295 0.3180915 0.8462399 0.4273816 0.3180215 0.8462903 0.4273816 0.3180215 0.8462903 0.5680035 0.4225473 0.7062761 0.5674673 0.4224979 0.7067366 0.6797488 0.5059236 0.5310207 0.6797488 0.5059236 0.5310207 0.6797488 0.5059236 0.5310207 0.6794607 0.5057995 0.5315074 0.757148 0.563663 0.3301681 0.7576249 0.5635386 0.3292853 0.7972582 0.5932673 0.1114147 0.7972582 0.5932674 0.1114147 0.7972582 0.5932674 0.1114147 0.7971293 0.5933503 0.1118946 0.7971293 0.5933504 0.1118946 0.7971293 0.5933503 0.1118946 0.8605605 0.4969005 0.1119185 0.8605605 0.4969005 0.1119185 0.8605605 0.4969005 0.1119185 0.8605053 0.4969616 0.1120703 0.8175676 0.4720091 0.3298341 0.8175758 0.4721354 0.3296329 0.8175759 0.4721355 0.3296329 0.7335412 0.4236269 0.5314674 0.7335413 0.423627 0.5314674 0.7336017 0.4234523 0.531523 0.6129791 0.353812 0.7064516 0.6126682 0.3538099 0.7067221 0.4611858 0.2662379 0.846419 0.4611858 0.2662379 0.846419 0.4611858 0.2662379 0.846419 0.4611704 0.2662593 0.8464208 0.4611703 0.2662593 0.8464208 0.2866483 0.1654739 0.9436373 0.2866483 0.1654739 0.9436373 0.286647 0.1654763 0.9436372 0.2866471 0.1655474 0.9436247 0.286647 0.1655474 0.9436247 0.286647 0.1655474 0.9436247 0.09696543 0.05599266 0.9937115 0.09702301 0.05599933 0.9937055 0.912419 0.3936927 0.1117933 0.912419 0.3936926 0.1117933 0.912419 0.3936927 0.1117933 0.9124529 0.3935857 0.1118932 0.9124529 0.3935858 0.1118932 0.8669354 0.3739222 0.3295533 0.8669734 0.3738937 0.3294856 0.7779023 0.3354758 0.5313418 0.7779023 0.3354758 0.5313419 0.7779023 0.3354758 0.5313418 0.7776811 0.3353514 0.5317439 0.650173 0.2803741 0.7061625 0.6497863 0.2803955 0.7065099 0.4892134 0.2110971 0.8462319 0.4889433 0.2109804 0.846417 0.4889433 0.2109804 0.846417 0.3036244 0.1309849 0.9437453 0.3038788 0.1310889 0.943649 0.3038788 0.131089 0.9436491 0.1027745 0.04435688 0.9937152 0.1028215 0.04435437 0.9937105 0.9517904 0.2855809 0.1119758 0.9517905 0.285581 0.1119758 0.9517905 0.2855809 0.1119759 0.9519782 0.2851821 0.1113942 0.9044018 0.2709361 0.3296225 0.9043349 0.2708597 0.3298691 0.9043348 0.2708598 0.3298691 0.9043349 0.2708598 0.3298691 0.8113337 0.2430296 0.5316713 0.8115664 0.243026 0.5313177 0.8115664 0.2430259 0.5313177 0.8115664 0.243026 0.5313177 0.6776914 0.2030821 0.7067475 0.6784114 0.2029093 0.7061061 0.5102819 0.1527247 0.8463378 0.5102819 0.1527246 0.8463378 0.5102819 0.1527247 0.8463378 0.5103127 0.1528787 0.8462914 0.3168069 0.0948683 0.9437338 0.3168069 0.09486836 0.9437338 0.3168069 0.09486836 0.9437338 0.3172092 0.09495711 0.9435898 0.3172092 0.09495711 0.9435897 0.3172093 0.09495711 0.9435898 0.1073588 0.03209882 0.9937021 0.1072123 0.03211021 0.9937176 0.1103486 0.01943802 0.9937029 0.1102301 0.01946789 0.9937154 0.3256556 0.05748975 0.943739 0.3256557 0.05748975 0.943739 0.3256557 0.05748975 0.9437391 0.325861 0.05743438 0.9436715 0.325861 0.05743438 0.9436715 0.325861 0.05743443 0.9436715 0.5246704 0.09248232 0.8462671 0.5246704 0.09248238 0.8462672 0.5246704 0.09248238 0.8462671 0.5247538 0.09266567 0.8461954 0.6966683 0.1230298 0.7067651 0.6973092 0.1227908 0.7061744 0.8341316 0.1469059 0.5316419 0.8343326 0.147081 0.5312781 0.8343326 0.147081 0.5312781 0.8343325 0.147081 0.531278 0.9298052 0.1637011 0.3296427 0.9297924 0.1637221 0.3296684 0.9786104 0.172532 0.112047 0.9786104 0.172532 0.112047 0.9786103 0.172532 0.112047 0.9786451 0.1724722 0.1118357 0.09701311 -0.05601876 0.9937054 0.2862026 -0.16527 0.9438083 0.3039157 -0.1310851 0.9436377 0.3039158 -0.131085 0.9436377 0.3039158 -0.1310851 0.9436377 0.489182 -0.2109271 0.8462923 0.5101057 -0.1526822 0.8464516 0.5101057 -0.1526822 0.8464516 0.5101057 -0.1526821 0.8464516 0.6777049 -0.202709 0.7068417 0.6967151 -0.1226984 0.7067767 0.8343352 -0.1472022 0.5312405 0.8343352 -0.1472022 0.5312405 0.8343352 -0.1472021 0.5312405 0.8456687 -0.04932963 0.5314236 0.9423422 -0.05497688 0.330104 0.9424919 0.05496925 0.3296778 0.942492 0.05496925 0.3296778 0.9920073 0.05764859 0.1122418 0.9920073 0.05764859 0.1122418 0.9920073 0.05764859 0.1122418 -1 5.49149e-6 0 -1 0 0 -1 -1.94774e-5 0 -1 1.35761e-5 0 -1 -2.48463e-6 0 -1 -5.59666e-6 0 -1 -8.54981e-6 0 -1 2.48486e-6 0 -1 4.43425e-7 0 -1 -3.08896e-6 0 -1 3.66084e-7 0 -1 1.35772e-5 0 -1 -3.72697e-6 0 -1 2.34682e-6 0 -1 8.54981e-6 0 -1 -2.66056e-6 0 -1 -2.15592e-6 0 -1 -6.86438e-7 0 -1 6.40712e-7 0 -1 -3.461e-6 0 -1 6.86438e-7 0 0 -0.9659034 0.2589033 0 -0.7071039 0.7071097 0 -0.7071083 0.7071053 0 -0.2588308 0.9659227 0 0.2588725 0.9659116 0 0.7070599 0.7071536 0 0.7070643 0.7071492 0 0.9659041 0.2589004 0 0.9659026 0.258906 0 0.9658916 -0.258947 0 0.9658923 -0.2589443 0 0.7071112 -0.7071024 0 0.7071068 -0.7071068 0 0.2589436 -0.9658925 0 -0.2589018 -0.9659036 0 -0.7071551 -0.7070585 0 -0.7071507 -0.7070629 0 -0.9658923 -0.2589443 0 -0.9658916 -0.258947 0 -0.9659034 0.2589031 0 -0.7070614 0.7071522 0 -0.7070629 0.7071507 0 -0.2588725 0.9659116 0 0.2588308 0.9659227 0 0.7071053 0.7071083 0 0.7071068 0.7071068 0 0.7071537 -0.70706 0 0.7071522 -0.7070614 0 0.2589018 -0.9659036 0 -0.2589436 -0.9658925 0 -0.7071097 -0.7071039 0 -0.7071083 -0.7071053 -1 4.49166e-6 0 -1 5.6146e-6 0 -1 -5.61298e-6 0 -1 -4.49087e-6 0 -1 8.98305e-6 0 -1 -5.61335e-6 0 -1 5.61497e-6 0 -1 4.49101e-6 0 -1 5.61298e-6 0 -1 -5.6146e-6 0 -1 -4.49154e-6 0 -1 8.98174e-6 0 -1 -5.61497e-6 0 -1 5.61335e-6 0 3.31634e-7 0 1 -3.31492e-7 0 1 -3.27324e-7 0 1 0 0 1 1.20468e-6 0 1 -9.35011e-6 0 1 7.31772e-7 0 1 -3.38693e-7 0 1 -3.65907e-7 0 1 1.00849e-5 0 1 -4.9305e-6 0 1 1.45775e-5 0 1 4.31439e-6 0 1 1.00785e-6 0 1 -2.63916e-7 0 1 -9.0638e-7 0 1 -1.07859e-6 0 1 -1.55833e-6 0 1 1.26055e-6 0 1 2.46541e-6 0 1 -0.9794459 0.2017068 0 -0.9794462 0.2017055 0 -0.9794459 -0.2017068 0 -0.9794462 -0.2017055 0 -0.2532709 -0.1100106 0.96112 -0.2532664 -0.1100147 0.9611207 -0.224752 -0.1604166 0.9611208 -0.2247516 -0.1604169 0.9611209 -0.1863414 -0.2037735 0.9611209 -0.1863506 -0.2037724 0.9611193 -0.1397455 -0.2381611 0.9611195 -0.139733 -0.2381609 0.9611213 -0.08698093 -0.2620698 0.9611212 -0.08698707 -0.2620715 0.9611201 -0.03040426 -0.2744516 0.9611202 -0.03039848 -0.274449 0.9611212 0.02751523 -0.2747536 0.961121 0.0275101 -0.2747586 0.9611196 0.0842213 -0.2629747 0.9611198 0.08422619 -0.2629685 0.961121 0.1372243 -0.2396178 0.9611207 0.1372265 -0.239614 0.9611213 0.184189 -0.2057201 0.9611211 0.1841914 -0.2057234 0.9611199 0.223053 -0.1627721 0.9611206 0.2230538 -0.1627655 0.9611214 0.2520976 -0.1126606 0.9611214 0.2521014 -0.1126763 0.9611186 0.2700602 -0.05760335 0.9611188 0.2700589 -0.05760246 0.9611193 0.2761314 0 0.96112 0.2761338 0 0.9611193 0.2700574 0.05760329 0.9611196 0.27006 0.05760258 0.961119 0.2521042 0.1126636 0.9611194 0.2520933 0.1126723 0.9611213 0.2230517 0.1627702 0.9611212 0.2230555 0.162768 0.9611206 0.18419 0.2057213 0.9611206 0.1841899 0.2057217 0.9611206 0.1372245 0.239616 0.9611211 0.1372244 0.2396163 0.961121 0.08422017 0.2629712 0.9611208 0.08422768 0.2629731 0.9611196 0.02751559 0.2747573 0.9611198 0.02750962 0.2747537 0.9611211 -0.03040397 0.274449 0.9611209 -0.03039884 0.2744525 0.9611201 -0.08698177 0.2620724 0.9611203 -0.08698588 0.2620679 0.9611212 -0.1397419 0.2381573 0.9611209 -0.1397395 0.2381659 0.9611191 -0.1863438 0.2037763 0.9611198 -0.1863474 0.2037686 0.9611208 -0.2247519 0.1604167 0.9611208 -0.2247517 0.1604167 0.9611208 -0.2532682 0.1100098 0.9611207 -0.25327 0.1100158 0.9611197 -0.3000307 -0.9539296 0 -0.3000687 -0.9539177 -2.54058e-5 -0.300028 -0.9539304 9.92538e-5 -0.2998962 -0.9539719 -1.56469e-4 -0.3000521 -0.9539228 9.95214e-5 -0.3000047 -0.9539378 4.62661e-5 -0.299835 -0.9539911 0 -0.3000307 0.9539296 0 -0.3000022 0.9539386 1.77264e-5 -0.2999914 0.9539419 2.31023e-4 -0.3000687 0.9539177 -2.54058e-5 -0.299835 0.9539911 0 -0.3000047 0.9539378 4.62661e-5 -0.3000522 0.9539228 9.95215e-5 -0.7071437 -0.7070698 0 -0.7071275 -0.7070862 -5.11465e-5 -0.7071294 0.7070842 -5.31135e-5 -0.7071437 0.7070698 0 0 0.9911201 0.1329707 -0.01767235 0.959334 0.2817198 0 0.924646 0.380828 0 0.5991226 0.8006574 0 0.5991226 0.8006573 0 0.5991226 0.8006574 0 0.7829084 0.622137 -0.009078383 0.7111328 0.7029991 -0.01227122 0.6968091 0.7171517 0 0.1281934 0.9917493 0 0.3759567 0.9266372 -0.01039302 0.2158677 0.9763674 -0.01039373 0.2158138 0.9763793 -0.01038861 0.2158568 0.9763697 -0.008055329 0.2542733 0.9670989 -0.162435 0.6876069 0.7076806 -0.1663393 0.7015916 0.6928929 -0.8118364 0.5475121 0.2028603 -0.8115957 0.547756 0.2031645 -0.8115418 0.5478534 0.2031175 -0.7913865 0.1449009 0.593895 -0.7914083 0.1453143 0.5937649 -0.7914083 0.1453143 0.593765 -0.9678826 0.05112344 0.2461501 -0.525643 0.8083873 0.2649709 -0.525767 0.8083407 0.2648668 -0.5257887 0.8083259 0.2648689 -0.1846049 0.9402604 0.2860622 -0.1730084 0.9450148 0.2775161 -0.1549537 0.2136057 0.9645528 -0.1549392 0.2135883 0.9645589 -0.1549276 0.2135053 0.9645792 -0.1714504 0.6816256 0.7113307 -0.5066615 0.5871365 0.6313201 -0.5068488 0.5871847 0.6311249 -0.7987688 0.3979227 0.4512491 -0.7987575 0.3979225 0.4512696 -0.9705226 0.1410155 0.1954498 -0.9750699 0.1941916 0.1073698 -0.161266 0.2508231 0.9545058 -0.161266 0.2508231 0.9545058 -0.1579074 0.2486757 0.9556284 -0.4959005 0.2141579 0.8415576 -0.4957511 0.2141264 0.8416536 -0.4957709 0.2141065 0.841647 -0.791541 0.1450409 0.5936548 -2.74048e-6 0 1 -0.1662103 -0.701638 0.6928769 -0.1549393 -0.2135883 0.9645589 -0.1549537 -0.2136057 0.9645528 -0.1549272 -0.2135053 0.9645792 -0.1580891 -0.2510818 0.9549691 -0.7914063 -0.1447797 0.5938981 -0.7913444 -0.1448367 0.5939667 -0.9750689 -0.1941957 0.1073722 -0.8118259 -0.547526 0.202865 -0.8115948 -0.5477568 0.2031664 -0.1616696 -0.2484742 0.9550516 -0.4959006 -0.2141593 0.8415572 -0.4957437 -0.2141275 0.8416577 -0.4957707 -0.2141064 0.8416471 -0.791541 -0.1450409 0.5936548 -0.1624395 -0.6876056 0.7076807 -0.1714503 -0.6816263 0.7113301 -0.5068114 -0.5870728 0.6312589 -0.5066612 -0.5872651 0.6312005 -0.7987655 -0.3979261 0.4512522 -0.7987619 -0.3979249 0.4512599 -0.9705221 -0.1410132 0.1954541 -0.9678826 -0.05112344 0.2461501 -0.1730104 -0.9450145 0.277516 -0.1846049 -0.9402604 0.2860622 -0.5254999 -0.8084856 0.264955 -0.5254999 -0.8084856 0.2649549 -0.525767 -0.8083407 0.2648668 -0.5256429 -0.8083872 0.2649713 -0.8115417 -0.5478534 0.2031179 1 0 -4.47809e-4 -0.9206498 -0.3903798 0.002791762 -0.9180998 -0.396229 0.009773552 -0.9186306 -0.3948723 0.01392316 -0.9172126 -0.3983985 0 -0.9206495 0.3903802 0.002791821 -0.8275438 0.5613185 -0.009635686 -0.9180997 0.396229 0.009773552 -0.9186697 0.39477 0.01424223 -0.9186697 0.39477 0.01424223 -0.9186696 0.3947699 0.01424223 -0.9172126 0.3983985 0 -0.8274592 0.5614432 -0.009635508 -0.8139072 0.5809273 0.008868098 -0.6905838 0.7231966 -0.008984506 -0.6907292 0.7230578 -0.008985042 -0.6748151 0.7379416 0.008181273 -0.5229885 0.8522996 -0.008276402 -0.5230227 0.8522787 -0.008276224 -0.5060598 0.862466 0.007472932 -0.3317389 0.9433409 -0.007580399 -0.3318704 0.9432946 -0.007580637 -0.3149958 0.949069 0.0067631 -0.1258722 0.992023 -0.006831347 -0.125806 0.9920313 -0.006830275 -0.1101003 0.9939023 0.00601691 0.08554118 0.9963161 -0.006082236 0.08587253 0.9962877 -0.006082355 0.0996437 0.9950093 0.005266845 0.2936335 0.9559033 -0.005334675 0.2936849 0.9558875 -0.00533396 0.3049993 0.952342 0.004493415 0.4882371 0.8726992 -0.004565298 0.4883405 0.8726413 -0.004565 0.4969531 0.8677694 0.003718733 0.6609582 0.7504134 -0.00376594 0.6611232 0.7502679 -0.003766357 0.6670411 0.7450152 0.002922773 0.8043915 0.5940923 -0.002968251 0.8043915 0.5940923 -0.002968311 0.8043915 0.5940923 -0.002968311 0.8042423 0.5942943 -0.002984523 0.8077825 0.589477 0.002119183 0.9112628 0.4118202 -0.002128541 0.9112628 0.4118202 -0.002128601 0.9112628 0.4118202 -0.002128362 0.9113536 0.4116189 -0.002128541 0.9129797 0.408003 0.001288294 0.9777221 0.2098998 -0.001293003 0.9779994 0.2086076 -4.37961e-4 0.9838618 0 0.1789301 0.9775869 0.2105286 -0.001293063 0.9779994 -0.2086076 4.16862e-4 1 0 -4.47806e-4 0.9129796 -0.4080035 0.001288294 0.9777222 -0.2098996 -0.001293003 0.9775869 -0.2105286 -0.001293063 0.8077827 -0.5894768 0.002119183 0.9114008 -0.4115144 -0.002128422 0.9113536 -0.4116189 -0.002128541 0.6670407 -0.7450156 0.002922713 0.8045338 -0.5938995 -0.002975106 0.8045338 -0.5938996 -0.002975106 0.8045338 -0.5938996 -0.002975106 0.8042423 -0.5942943 -0.002984523 0.4969529 -0.8677696 0.003719031 0.6609576 -0.7504138 -0.003766238 0.6611232 -0.7502679 -0.003766357 0.3049996 -0.952342 0.004493117 0.4882367 -0.8726993 -0.004565536 0.4883405 -0.8726413 -0.004565 0.0996437 -0.9950093 0.005266964 0.2936336 -0.9559032 -0.005334973 0.2936849 -0.9558875 -0.00533396 -0.1101003 -0.9939023 0.006017088 0.08554118 -0.9963161 -0.006082236 0.08587253 -0.9962877 -0.006082355 -0.3149957 -0.949069 0.006762921 -0.1258722 -0.992023 -0.006831169 -0.125806 -0.9920313 -0.006830275 -0.5060602 -0.8624659 0.00747323 -0.3317386 -0.9433409 -0.00758022 -0.3318704 -0.9432946 -0.007580637 -0.6748154 -0.7379412 0.008181333 -0.5229885 -0.8522996 -0.008276164 -0.5230227 -0.8522787 -0.008276224 -0.8275437 -0.5613185 -0.009635567 -0.8274592 -0.5614432 -0.009635508 -0.8139071 -0.5809276 0.008868038 -0.6905838 -0.7231966 -0.008984506 -0.69073 -0.723057 -0.008985042 0 -0.1281933 0.9917493 -0.01352375 -0.3386947 0.9407992 -1.97752e-5 -0.2542817 0.9671303 6.1562e-6 -0.2159811 0.9763976 0 -0.215981 0.9763976 3.57005e-6 -0.2159812 0.9763975 0 -0.5990079 0.8007432 0 -0.5990079 0.8007432 0 -0.5990079 0.8007432 -0.02054733 -0.756811 0.6533108 0 -0.9594839 0.2817638 3.69989e-6 -0.6968614 0.7172058 0 -0.711493 0.7026933 0 -0.924646 0.380828 -0.04315185 -0.9904369 0.1310448 -0.9333766 -0.3578857 0.02694541 -0.9202673 -0.3902181 0.02894669 -0.9041504 -0.4264168 0.02609562 -0.827299 -0.5611609 0.02598083 -0.8557641 -0.5166599 0.02702802 -0.8271207 -0.561214 0.03017002 -0.7963124 -0.604323 0.02608609 -0.6903776 -0.7229828 0.02597552 -0.7278321 -0.6852255 0.02695411 -0.6904426 -0.7227576 0.03017252 -0.6512568 -0.7584089 0.02608913 -0.5228279 -0.8520423 0.02597898 -0.5672323 -0.8231192 0.02687871 -0.5228022 -0.85192 0.03017061 -0.4769878 -0.8785227 0.02608728 -0.331636 -0.9430499 0.02597707 -0.3812502 -0.9240833 0.02680367 -0.331729 -0.9428921 0.03017234 -0.2813228 -0.9592586 0.0260877 -0.1258328 -0.9917113 0.02597767 -0.1781285 -0.9836443 0.02672564 -0.1257514 -0.991603 0.0301699 -0.07309317 -0.9969838 0.02609026 0.08551311 -0.9959983 0.02598124 0.03292536 -0.9991024 0.02665102 0.08583486 -0.9958525 0.03017222 0.1384795 -0.9900217 0.0260896 0.2935388 -0.9555942 0.0259791 0.2425543 -0.9697738 0.02657723 0.2935553 -0.9554659 0.03017121 0.3438106 -0.9386767 0.0260874 0.4880768 -0.8724141 0.02597773 0.4412312 -0.8970022 0.02650028 0.488122 -0.8722538 0.03017294 0.5337374 -0.8452479 0.02608734 0.6609979 -0.749938 0.02597713 0.6609979 -0.749938 0.02597713 0.6609979 -0.749938 0.02597713 0.6202116 -0.7839894 0.02642446 0.6608271 -0.7499316 0.03017109 0.6997234 -0.7139374 0.0260865 0.8040665 -0.5939716 0.0259763 0.8040667 -0.5939716 0.02597635 0.8040666 -0.5939716 0.02597439 0.7713655 -0.6358466 0.02635383 0.8038788 -0.5940275 0.03017359 0.8343456 -0.5506242 0.02608674 0.9111038 -0.4113579 0.02597552 0.8879437 -0.4592012 0.02627521 0.9109404 -0.4114332 0.03017318 0.9315716 -0.362621 0.02608871 0.977409 -0.2097543 0.02597779 0.9647223 -0.2619626 0.02620315 0.9771423 -0.2104335 0.03017568 0.9870421 -0.1583267 0.0260877 0.9996625 0 0.02597832 0.9996626 0 0.02597761 0.9980103 -0.05300986 0.03413945 0.9995446 0 0.03017556 0.9982526 0.05302268 0.0260877 0.9772579 0.2104574 0.02597773 0.9868049 0.1582905 0.03406447 0.9772776 0.2097979 0.03022325 0.9647256 0.2619616 0.02608901 0.9110478 0.4114818 0.02597862 0.9313505 0.3625349 0.03398346 0.910875 0.4115791 0.03015714 0.910875 0.4115791 0.03015714 0.8879473 0.459205 0.02608656 0.8039742 0.5940967 0.02597683 0.8341487 0.5504963 0.03391128 0.8039723 0.5939005 0.03018289 0.8039723 0.5939004 0.03018289 0.8039723 0.5939004 0.03018283 -0.9333766 0.3578857 0.02694541 -0.9202674 0.3902181 0.02894663 -0.9041504 0.4264168 0.02609562 -0.8272989 0.5611609 0.02598088 -0.8557641 0.5166599 0.02702802 -0.8271208 0.5612139 0.03017002 -0.7963123 0.604323 0.02608609 -0.6903776 0.7229828 0.02597546 -0.727832 0.6852256 0.02695417 -0.6904426 0.7227576 0.03017246 -0.6512568 0.7584089 0.02608913 -0.5228279 0.8520423 0.02597898 -0.5672323 0.8231191 0.02687871 -0.5228022 0.85192 0.03017061 -0.4769877 0.8785227 0.02608728 -0.3316361 0.9430498 0.02597707 -0.3812503 0.9240833 0.02680367 -0.3317289 0.9428921 0.03017234 -0.2813229 0.9592586 0.02608764 -0.1258326 0.9917113 0.02597773 -0.1781285 0.9836443 0.02672564 -0.1257514 0.991603 0.03016984 -0.07309317 0.9969838 0.0260902 0.08551341 0.9959983 0.02598124 0.03292542 0.9991024 0.02665102 0.08583486 0.9958525 0.03017222 0.1384794 0.9900217 0.02608966 0.2935386 0.9555942 0.0259791 0.2425543 0.9697738 0.02657723 0.2935553 0.9554659 0.03017127 0.3438106 0.9386767 0.02608746 0.4880766 0.8724141 0.02597773 0.4412312 0.8970022 0.02650028 0.488122 0.8722538 0.030173 0.5337373 0.8452479 0.02608734 0.6611056 0.7498431 0.02597701 0.6611056 0.7498431 0.02597796 0.6611056 0.7498431 0.02597701 0.6202116 0.7839894 0.0264244 0.6608271 0.7499316 0.03017109 0.6997234 0.7139375 0.02608656 0.7713709 0.635851 0.02608656 0.7933359 0.6087841 0 0.8633561 0.498466 0.07840847 -0.6087796 -0.7933394 0 -0.4984674 -0.8633553 0.07840949 -0.3826704 -0.923885 0 0 -1 0 0.5000061 -0.8660219 0 0.5000075 -0.8660211 0 0.8660215 -0.5000069 0 0.8660207 -0.5000083 0 1 0 0 0.923885 0.3826704 0 0.707091 0.7071225 -5.11464e-5 0.7070652 0.7071484 0 0.03874337 -0.5445005 0.8378652 -4.99549e-6 0 1 6.0344e-6 0 1 3.56479e-6 0 1 -3.23372e-6 0 1 0.5445027 -0.03873974 0.8378641 0.5449104 -1.16679e-4 0.8384943 0.5449523 0 0.8384671 0.545008 0 0.8384309 0.5450089 0 0.8384303 0.544993 0 0.8384407 0.5449084 1.84097e-6 0.8384956 -8.08355e-7 0 -1 1.61683e-6 0 -1 2.02108e-7 0 -1 -2.02106e-7 0 -1 8.0847e-7 0 -1 4.04212e-7 0 -1 -4.04217e-7 0 -1 -8.0847e-7 0 -1 -4.04212e-7 0 -1 4.04217e-7 0 -1 8.08355e-7 0 -1 -1.61683e-6 0 -1 -2.02108e-7 0 -1 2.02106e-7 0 -1 0.5445036 0.0387398 0.8378635 -8.08431e-7 0 1 1.94177e-6 0 1 0.03874266 0.5445006 0.8378653 0.7070652 -0.7071484 0 0.7070931 -0.7071206 -4.72119e-5 -0.6087784 0.7933404 0 -0.4984682 0.863355 0.07840853 0.7933359 -0.6087841 0 0.8633561 -0.498466 0.07840895 0.923885 -0.3826704 0 0.8660207 0.5000083 0 0.8660215 0.5000069 0 0.5000061 0.8660219 0 0.5000075 0.8660211 0 0 1 0 -0.3826704 0.923885 0 -1 -4.54789e-7 0 -1 4.54731e-7 0 -1 -1.81897e-6 0 -1 1.3642e-6 0 -1 -1.36437e-6 0 -1 -4.54731e-7 0 -1 4.54789e-7 0 -1 -1.81909e-6 0 -1 1.36437e-6 0 -1 -1.3642e-6 0 -0.7070763 -0.7071374 0 -0.7070906 -0.707123 0 -6.03407e-6 0 1 3.3327e-6 0 1 -3.56479e-6 0 1 -2.2087e-6 0 1 1.27518e-6 0 1 9.33491e-7 0 1 -1.29102e-6 0 1 0.7071365 0.7070772 0 0.7071262 0.7070873 0 0.6087796 0.7933394 0 -0.7933359 -0.6087841 0 -0.8633561 -0.498466 0.07840847 0.4984674 0.8633553 0.07840949 0.3826704 0.923885 0 -0.5000061 0.8660219 0 -0.5000075 0.8660211 0 -0.8660215 0.5000069 0 -0.8660207 0.5000083 0 -0.923885 -0.3826704 0 -5.09095e-5 0.9995874 0.02872717 3.05532e-5 0.9995873 0.02872836 -1.67101e-4 0.9995876 0.0287193 0 0.9995874 0.0287255 1.0142e-5 0.9995874 0.0287258 1.01471e-5 0.9995873 0.02872574 1.0142e-5 0.9995874 0.0287258 -2.32389e-4 0.9995877 0.02871155 2.31047e-5 0.9995874 0.0287261 2.3109e-5 0.9995874 0.02872604 2.31126e-5 0.9995874 0.02872598 0 0.9995868 0.02874684 -3.00687e-5 0.9995874 0.02872258 4.68393e-5 0.9995873 0.02872717 8.02078e-4 0.999594 0.02847951 8.02077e-4 0.999594 0.02847951 8.02076e-4 0.999594 0.02847951 -0.9899176 0.1305483 0.05495727 -0.9789628 0.1959027 0.0570454 -0.9221383 0.3824418 0.05830192 -0.9221383 0.3824418 0.05830192 -0.8280511 0.5574738 0.05961686 -0.8277611 0.5579048 0.05961382 -0.7051787 0.7068743 0.05524456 -0.1911073 0.9808306 0.03807109 -0.2575403 0.9654453 0.03985464 -0.549485 0.833809 0.05318653 -0.5494008 0.8338647 0.05318355 -0.9691507 0 0.2464691 -0.9691481 0 0.2464795 -0.7998615 0 0.6001847 -0.7998337 0 0.6002218 -0.7999944 0 0.6000077 -0.7999833 0 0.6000222 -0.5075518 0 0.8616214 -0.5076806 0 0.8615454 -0.166918 0 0.9859708 -0.1668931 0 0.9859751 -0.2582889 -0.9651933 0.04109692 -0.1911899 -0.9808762 0.03644812 -0.549485 -0.833809 0.05318653 -0.5494016 -0.8338642 0.05318373 -0.7051787 -0.7068743 0.05524456 -0.8277623 -0.5579033 0.05961394 -0.8278651 -0.5577504 0.05961638 -0.8278651 -0.5577504 0.05961638 -0.827865 -0.5577503 0.05961638 -0.9221383 -0.3824418 0.05830192 -0.9221383 -0.3824418 0.05830192 -0.9221383 -0.3824418 0.05830192 -0.9789628 -0.1959027 0.0570454 -0.9899177 -0.1305484 0.05495727 0 -0.9995868 0.02874684 -1.40982e-4 -0.9995704 0.02931094 -1.40971e-4 -0.9995704 0.02931094 -1.40971e-4 -0.9995704 0.02931094 -5.09095e-5 -0.9995874 0.02872717 0 -0.9995874 0.0287255 1.05536e-4 -0.9995872 0.02872937 -3.07658e-4 -0.9995878 0.02870786 -9.05176e-5 -0.9995876 0.02871972 -7.77647e-4 -0.9995883 0.02868235 -7.77647e-4 -0.9995883 0.02868241 -7.77657e-4 -0.9995883 0.02868235 4.80146e-5 -0.9995874 0.02872741 -3.00687e-5 -0.9995874 0.02872258 -6.73811e-6 0 1 6.93077e-7 0 1 3.92294e-7 0 1 -3.33358e-6 0 1 -5.33119e-7 0 1 -1.12173e-6 0 1 1.74672e-6 0 1 -1.02796e-6 0 1 -3.56522e-7 0 1 3.33792e-7 0 1 1.17231e-6 0 1 -2.81004e-7 0 1 -1.13124e-6 0 1 1.03122e-6 0 1 -5.17881e-7 0 1 -2.50019e-6 0 1 2.43981e-6 0 1 -5.78883e-6 0 1 -1.20151e-6 0 1 2.16045e-6 0 1 -6.42475e-7 0 1 -3.26079e-6 0 1 1.35032e-6 0 1 1.59256e-6 0 1 -1.03086e-6 0 1 2.0557e-6 0 1 -4.67424e-7 0 1 5.27086e-7 0 1 4.46056e-7 0 1 -5.61283e-7 0 1 -5.40192e-7 0 1 2.46579e-5 0 1 -7.36807e-6 0 1 1.98651e-6 0 1 -0.7933359 0.6087841 0 0.6087784 -0.7933404 0 0.4984682 -0.863355 0.07840853 -0.8633561 0.498466 0.07840895 -0.923885 0.3826704 0 -0.8660207 -0.5000083 0 -0.8660215 -0.5000069 0 -0.5000061 -0.8660219 0 -0.5000075 -0.8660211 0 0.3826704 -0.923885 0 0.707155 -0.7070586 0 0.7071262 -0.7070873 0 -1.29102e-6 0 1 5.47067e-7 0 1 -1.66635e-6 0 1 1.7824e-6 0 1 -0.7071365 0.7070772 0 -0.7070884 0.7071252 0 0 -0.5449502 0.8384685 -3.63828e-5 -0.5449355 0.838478 0 -0.5450074 0.8384314 0 -0.5450071 0.8384315 0 -0.5449975 0.8384378 2.04553e-6 -0.5449133 0.8384924 0.998795 -0.04907852 0 0.7684881 -0.639631 0.01727271 0.8142135 -0.580497 0.008924067 0.8626443 -0.5058037 0.002747118 0.9039805 -0.4275738 0 0.9645041 -0.2640683 0 0.9489341 -0.3154531 0.003696858 0.9974646 -0.07096916 -0.005278944 0.9775567 -0.2106246 0.004499912 0.9909175 -0.1344645 0.001450777 0.5804973 -0.8142133 0.008923292 0.6396304 -0.7684886 0.01727277 0.671294 -0.7408395 0.02283275 0.6712939 -0.7408395 0.02283281 0.671294 -0.7408394 0.02283287 0.5555777 -0.8314629 0.001767456 0.6985509 -0.7155603 0 0.8314637 -0.5555791 0 0.7186394 -0.6948423 0.02741295 0.7409669 -0.6711542 0.02280801 0.7409669 -0.6711542 0.02280795 0.7409669 -0.6711542 0.02280801 0.04907691 -0.998795 0 0.1344699 -0.9909167 0.001450717 0.2106222 -0.9775573 0.004499614 0.07097047 -0.9974645 -0.005278587 0.3154538 -0.9489338 0.00369662 0.2640676 -0.9645043 0 0.4275738 -0.9039806 0 0.505802 -0.8626452 0.002747356 0.7053941 -0.7053936 -0.06956458 0.7053936 -0.7053941 -0.06956392 0.7053937 -0.7053937 -0.06956642 0.7053937 -0.7053937 -0.06956624 0.7053928 -0.7053936 -0.06957608 0.7053931 -0.7053932 -0.06957703 0.7053945 -0.705394 -0.06955641 0.7053935 -0.7053949 -0.06955611 0.7053944 -0.7053928 -0.06956851 0.7060548 -0.7048421 -0.06844156 0.7060547 -0.7048422 -0.06844145 0.7060548 -0.7048422 -0.06844145 0.7053791 -0.7054131 -0.0695194 0.7053925 -0.7053961 -0.0695551 0.7053928 -0.7053917 -0.06959629 0.7053915 -0.705393 -0.06959611 0.705393 -0.705394 -0.06957113 0.7048056 -0.706093 -0.06842446 0.7048056 -0.706093 -0.0684244 0.7048054 -0.706093 -0.06842464 0.7054659 -0.7053189 -0.06959438 0.7055297 -0.7052478 -0.0696668 0.7052859 -0.7055152 -0.06942844 0.7053939 0.7053938 -0.0695641 0.7053938 0.7053939 -0.06956428 0.7053937 0.7053938 -0.06956642 0.7053937 0.7053937 -0.06956613 0.705393 0.7053934 -0.06957679 0.7053931 0.7053933 -0.06957691 0.7053945 0.705394 -0.06955641 0.7053936 0.7053948 -0.06955665 0.705394 0.7053932 -0.06956917 0.7053941 0.7053929 -0.06957066 0.7053915 0.705393 -0.06959611 0.7048056 0.706093 -0.06842446 0.7048055 0.706093 -0.06842464 0.7048056 0.706093 -0.0684244 0.7054131 0.7053791 -0.0695194 0.7053934 0.7053952 -0.06955504 0.7053933 0.7053911 -0.06959682 0.7060549 0.7048421 -0.06844156 0.7060548 0.7048422 -0.06844145 0.7060547 0.7048423 -0.06844145 0.7053223 0.7054612 -0.06960612 0.7052167 0.7055599 -0.06967598 0.7055351 0.7052677 -0.06941127 0.9659397 -0.2587674 0 0.965939 -0.2587703 0 0.7070707 -0.7071429 0 0.7070676 -0.7071461 0 0.258848 -0.9659181 0 0.2588488 -0.965918 0 -0.2588511 -0.9659172 0 -0.2588496 -0.9659177 0 -0.7071066 -0.707107 0 -0.9659187 -0.2588461 0 -0.9659171 -0.2588519 0 -0.9659177 0.2588495 0 -0.9659193 0.2588437 0 -0.707145 0.7070686 0 -0.2587668 0.9659399 0 -0.2587683 0.9659394 0 0.258766 0.9659401 0 0.2587652 0.9659403 0 0.707106 0.7071076 0 0.7071091 0.7071045 0 0.9659396 0.2587679 0 0.9659404 0.258765 0 0.9659177 -0.2588495 0 0.9659193 -0.2588437 0 0.707145 -0.7070686 0 0.2587668 -0.9659399 0 0.2587683 -0.9659394 0 -0.258766 -0.9659401 0 -0.2587652 -0.9659403 0 -0.707106 -0.7071076 0 -0.7071091 -0.7071045 0 -0.9659396 -0.2587679 0 -0.9659404 -0.258765 0 -0.9659397 0.2587674 0 -0.965939 0.2587703 0 -0.7070707 0.7071429 0 -0.7070676 0.7071461 0 -0.258848 0.9659181 0 -0.2588488 0.965918 0 0.2588511 0.9659172 0 0.2588496 0.9659177 0 0.7071066 0.707107 0 0.9659187 0.2588461 0 0.9659171 0.2588519 0 0.04907685 0.9987951 0 0.6396304 0.7684886 0.01727378 0.580498 0.8142128 0.008923768 0.505802 0.8626452 0.002747356 0.4275738 0.9039806 0 0.2640676 0.9645043 0 0.3154538 0.9489338 0.00369662 0.07097047 0.9974645 -0.005278348 0.2106222 0.9775573 0.004499614 0.1344698 0.9909167 0.001450717 0.8142119 0.5804992 0.008924245 0.7684881 0.639631 0.01727271 0.7409669 0.6711542 0.02280801 0.7409669 0.6711542 0.02280801 0.7409669 0.6711542 0.02280795 0.831462 0.555579 0.001767396 0.7155667 0.6985445 0 0.5555791 0.8314637 0 0.6948311 0.7186502 0.02741497 0.671294 0.7408394 0.02283287 0.6712939 0.7408395 0.02283287 0.671294 0.7408395 0.02283281 0.9987948 0.04908114 0 0.9909172 0.1344662 0.001450777 0.9775567 0.2106246 0.004499912 0.9974646 0.07096916 -0.005278944 0.9489341 0.3154531 0.003696858 0.9645041 0.2640683 0 0.9039805 0.4275738 0 0.8626455 0.5058018 0.002747118 1.23162e-4 0.5449157 0.8384909 -3.63828e-5 0.5449355 0.838478 0 0.5450074 0.8384314 0 0.5450071 0.8384315 0 0.544951 0.838468 0 0.5449502 0.8384685 0 0.9659042 -0.2589 0 0.7071061 -0.7071076 0 0.7071083 -0.7071053 0 0.2587789 -0.9659367 0 0.2587811 -0.965936 0 -0.2588117 -0.9659279 0 -0.2588104 -0.9659282 0 -0.7070451 -0.7071684 0 -0.7070438 -0.7071697 0 -0.9659505 -0.2587273 0 -0.9659511 -0.2587252 0 -0.9659512 0.2587245 0 -0.9659506 0.2587269 0 -0.7070144 0.7071992 0 -0.7070152 0.7071985 0 -0.2588676 0.9659128 0 -0.2588685 0.9659126 0 0.2588383 0.9659207 0 0.2588357 0.9659215 0 0.7070788 0.7071348 0 0.7070761 0.7071376 0 0.9659044 0.2588994 0 0.9659042 0.2588995 0 0.9659511 -0.2587252 0 0.9659505 -0.2587273 0 0.707044 -0.7071697 0 0.707045 -0.7071686 0 0.2588105 -0.9659282 0 0.2588115 -0.9659279 0 -0.2587812 -0.965936 0 -0.2587787 -0.9659367 0 -0.7071084 -0.7071052 0 -0.7071059 -0.7071077 0 -0.9659042 -0.2589 0 -0.9659044 0.2588994 0 -0.9659042 0.2588995 0 -0.7070765 0.7071371 0 -0.7070784 0.7071353 0 -0.258836 0.9659214 0 -0.2588381 0.9659208 0 0.2588688 0.9659125 0 0.2588673 0.9659129 0 0.7070156 0.707198 0 0.707014 0.7071996 0 0.9659506 0.2587267 0 0.9659512 0.2587247 7.40614e-4 0.6009349 0.7992978 7.40514e-4 0.600935 0.7992977 7.40546e-4 0.6009349 0.7992977 0.004899203 0.8314868 0.5555229 0.004676163 0.9658947 0.2588932 -0.02896124 0.8688311 0.4942609 -2.17335e-4 0.9818828 0.1894891 7.16593e-4 0.7071085 0.7071048 -0.01806843 0.6307371 0.7757863 -0.01806843 0.6307371 0.7757863 -0.01806843 0.6307371 0.7757862 -0.01808619 0.6306027 0.7758951 0 0.2588334 0.9659221 -0.03884655 0.1107404 0.99309 -0.03884649 0.1107404 0.9930899 -0.03884655 0.1107404 0.99309 -0.001171112 0.3079947 0.9513874 -0.08526408 0.9963582 -6.6169e-4 -0.07097834 0.997478 0 -0.07097131 0.9974784 0 0.001662731 0.9999915 0.003761172 -0.2516915 0.9678071 9.51074e-4 -0.2516915 0.9678071 9.51057e-4 -0.2516916 0.9678071 9.51047e-4 -0.251818 0.9677742 9.6195e-4 -0.2640665 0.9645026 0.001937389 -0.3894076 0.9210653 -6.34509e-4 -0.3892931 0.9211137 -6.34635e-4 -0.3896271 0.9209725 -6.23625e-4 -0.5059947 0.8625326 0.002658128 -0.5555633 0.8314403 0.007513582 -0.5840728 0.8116856 0.005056142 -0.6552045 0.7554516 0 -0.8314637 0.5555791 0 -0.9974778 0.07097971 0 -0.9645043 0.2640674 0 -0.9807635 0.1950752 -0.006975829 -0.9974784 0.07097178 0 -0.5449252 -3.80434e-6 0.8384847 -0.5443915 0 0.8388314 -0.5443915 0 0.8388313 -0.5443915 0 0.8388314 -0.544993 -5.96722e-6 0.8384406 -0.5450467 -9.97059e-6 0.8384058 -0.5448158 2.78464e-5 0.8385558 -0.5448987 0 0.838502 -0.5450069 5.19929e-6 0.8384317 -0.5449613 6.0062e-6 0.8384613 -0.9986649 0 0.05165791 -0.9986649 0 0.05165791 -0.5450463 9.97059e-6 0.8384061 -0.544993 6.01535e-6 0.8384406 -0.5449228 3.80435e-6 0.8384863 -0.5445555 0 0.8387249 -0.5445555 0 0.8387249 -0.5445555 0 0.8387249 -0.5450101 0 0.8384296 -0.5448983 -7.27238e-6 0.8385022 -0.5449608 -6.0062e-6 0.8384616 -0.5448158 -2.78464e-5 0.8385558 -0.9974778 -0.07097971 0 -0.9974784 -0.07097178 0 -0.9644472 -0.2640517 -0.01088082 -0.9807875 -0.1950799 0 -0.8314637 -0.5555791 0 -0.5555791 -0.8314637 0 -0.6550836 -0.7553123 0.01920908 -0.5387439 -0.8424549 0.00500375 -0.4583818 -0.8887545 0.001287698 -0.4583818 -0.8887544 0.001287698 -0.4583818 -0.8887544 0.001287698 -0.07097834 -0.997478 0 -0.2208558 -0.9753063 6.47831e-4 -0.359089 -0.9333022 -0.001458346 -0.359089 -0.9333022 -0.001458168 -0.359089 -0.9333022 -0.001458048 -0.360539 -0.9327431 -0.00142765 -0.2640679 -0.9645031 -0.001420557 -0.3574276 -0.9339061 0.008064985 -0.2210043 -0.9752727 6.52639e-4 -0.08526408 -0.9963582 -6.61773e-4 0.001662731 -0.9999915 0.003761172 -0.07097131 -0.9974784 0 0 -0.2034562 0.979084 -0.008829057 -0.2588219 0.9658848 -3.33842e-4 -0.4430533 0.8964952 0.001186192 -0.6613284 0.7500956 0.001185953 -0.6613285 0.7500956 0.001186251 -0.6613285 0.7500955 0.001200556 -0.6596084 0.7516086 -0.00173068 -0.707108 0.7071035 -0.007530212 -0.6727536 0.7398283 0 -0.9659034 0.2589027 -0.03437399 -0.9963583 -0.07802969 -0.03437387 -0.9963583 -0.07802945 -0.03437399 -0.9963583 -0.07802975 -0.009784698 -0.9856504 0.1685162 0.002069473 -0.8735371 0.4867533 0.002069413 -0.8735371 0.4867533 0.002069413 -0.8735371 0.4867533 0.002070665 -0.8737142 0.4864353 0.002070665 -0.8737142 0.4864352 0.002070605 -0.8737142 0.4864352 7.42606e-4 -0.6012726 -0.7990437 7.42518e-4 -0.6012725 -0.7990437 7.42563e-4 -0.6012725 -0.7990436 0.004899263 -0.8315966 -0.5553588 0.004899263 -0.8315966 -0.5553588 0.004899203 -0.8315965 -0.5553588 0.004676163 -0.9659115 -0.2588304 -0.02902674 -0.868608 -0.4946491 -0.02902668 -0.8686079 -0.4946491 -0.02902668 -0.868608 -0.4946491 -2.20011e-4 -0.9818898 -0.1894532 7.46474e-4 -0.707111 -0.7071022 -0.01809322 -0.6305771 -0.7759157 -0.01804649 -0.6308645 -0.7756832 -0.01804649 -0.6308645 -0.7756832 -0.01804655 -0.6308645 -0.7756832 0 -0.2587223 -0.9659518 -0.03880828 -0.1107672 -0.9930885 -0.001171231 -0.3077192 -0.9514766 -0.9807869 -0.1950822 0 -0.9807878 -0.1950778 0 -0.8314638 -0.5555791 0 -0.3896512 -0.9209625 6.09465e-4 -0.506002 -0.8625285 -0.002597689 -0.5555651 -0.8314407 -0.007340312 -0.583796 -0.8118853 -0.004962861 -0.583796 -0.8118853 -0.004962801 -0.583796 -0.8118853 -0.004962801 -0.655205 -0.7554511 0 -0.08494001 -0.9963862 -7.86312e-5 -0.2479045 -0.9687311 -0.01017522 -0.2483495 -0.9686167 -0.01021432 -0.1950789 -0.9807823 -0.003225564 -0.3897089 -0.9209379 6.22968e-4 -0.3897089 -0.9209379 6.22972e-4 -0.3897089 -0.9209379 6.22954e-4 -0.3892872 -0.9211162 6.20239e-4 0 0 -1 0 0 -1 0 0 -1 0 0 -1 0 0 -1 0 0 -1 0 0 -1 0 0 -1 0 0 -1 0 0 -1 0 0 -1 0 0 -1 0 0 -1 0 0 -1 0 0 -1 -0.2178539 0.9759462 -0.00830245 -0.08493995 0.9963862 -7.86361e-5 -0.6550897 0.7553182 -0.0187661 -0.5387539 0.8424491 -0.004889547 -0.4588114 0.8885329 -0.00127232 -0.3590278 0.9333259 0.001426041 -0.3590278 0.9333258 0.0014261 -0.3590278 0.9333259 0.00142616 -0.3605288 0.9327471 0.001395285 -0.1950801 0.9807864 0.001374959 -0.3529838 0.9353529 -0.02275109 -0.217997 0.975914 -0.008316934 -0.5555796 0.8314635 0 -0.8314638 0.5555791 0 -0.9807878 0.1950778 0 -0.9807869 0.1950822 0 0 0.2034608 -0.9790832 -0.008862197 0.2590309 -0.9658284 -0.008862137 0.2590309 -0.9658284 -0.008862137 0.2590309 -0.9658284 -3.30459e-4 0.4432395 -0.8964031 -3.30379e-4 0.4432395 -0.8964032 -3.30388e-4 0.4432395 -0.8964032 0.001187026 0.6613277 -0.7500962 0.001186966 0.6613278 -0.7500962 0.001187145 0.6613277 -0.7500962 0.001200556 0.6596084 -0.7516086 -0.001730144 0.7071103 -0.7071012 -0.007532 0.6727507 -0.7398309 0 0.9659204 -0.2588396 -0.03446817 0.9962894 0.07886415 -0.03446823 0.9962893 0.07886439 -0.03446829 0.9962894 0.07886409 -0.009785532 0.9856553 -0.1684869 0.002076983 0.8735938 -0.4866514 0.002059936 0.8737929 -0.486294 0.002059876 0.8737928 -0.486294 0.002059876 0.8737929 -0.486294 -1 -3.39416e-6 0 -1 -2.442e-6 0 -1 -1.7524e-6 0 -1 -7.1864e-7 0 -1 3.15818e-6 0 -1 -4.11585e-6 0 -1 -1.72827e-6 0 -1 1.48466e-6 0 -1 4.81645e-7 0 -1 1.79519e-6 0 -1 2.03726e-6 0 -1 1.16826e-6 0 -1 -1.46021e-6 0 -1 -6.37592e-6 0 -1 1.46021e-6 0 -1 -2.63794e-6 0 -1 -1.36243e-6 0 -1 3.71445e-6 0 -1 -9.68075e-7 0 -1 2.65832e-6 0 -1 6.96592e-7 0 -1 -1.89501e-6 0 -1 1.0424e-6 0 -1 -8.20638e-6 0 -1 1.36243e-6 0 -1 2.71621e-5 0 -1 2.68092e-6 0 -1 -5.03832e-7 0 -1 5.03832e-7 0 -1 -5.9049e-6 0 -1 3.08689e-6 0 -1 3.25935e-6 0 -1 7.60887e-7 0 -0.2506223 0.935077 0.2506384 -0.2506826 0.6845723 0.6844845 -0.2503882 0.6845421 0.6846225 -0.2503645 0.2505123 0.9351798 -0.2506418 0.2506096 0.9350795 -0.250649 -0.2504932 0.9351087 -0.2504652 -0.25058 0.9351347 -0.2506613 -0.6844924 0.6845723 -0.2505283 -0.6845552 0.684558 -0.2506912 -0.9350614 0.2506276 -0.2506912 -0.9350614 0.2506277 -0.2506912 -0.9350614 0.2506276 -0.2508134 -0.9350284 0.2506282 -0.2508221 -0.93506 -0.2505016 -0.2504184 -0.9351173 -0.250692 -0.2505092 -0.6845162 -0.6846041 -0.2503791 -0.6844956 -0.6846723 -0.2503791 -0.6844956 -0.6846723 -0.2503791 -0.6844956 -0.6846722 -0.2506757 -0.2505799 -0.9350783 -0.2508159 -0.2506288 -0.9350276 -0.250814 0.2505744 -0.9350427 -0.250582 0.2506843 -0.9350755 -0.250538 0.6845948 -0.6845149 -0.2506573 0.6845359 -0.6845302 -0.2506161 0.9350886 -0.2506011 -0.2505183 0.9351304 -0.2505427 -0.2505183 0.9351305 -0.2505427 -0.2505183 0.9351304 -0.2505427 -0.250821 0.9350481 0.2505474 -0.6947213 0.6947699 0.1861642 -0.6948219 0.5086091 0.5084676 -0.6947368 0.5086309 0.508562 -0.6947663 0.1860548 0.6947543 -0.6948497 0.1860839 0.6946631 -0.694855 -0.1860455 0.694668 -0.6948003 -0.1861 0.6947081 -0.6948105 -0.5085797 0.5085126 -0.6949583 -0.5084158 0.5084746 -0.6949381 -0.6945545 0.186159 -0.6947562 -0.6947541 0.1860931 -0.6947415 -0.6947379 -0.1862082 -0.6948757 -0.6946344 -0.1860941 -0.694811 -0.5085099 -0.5085819 -0.6948094 -0.5085135 -0.5085804 -0.6947931 -0.1861947 -0.69469 -0.6947452 -0.1861748 -0.6947432 -0.6947427 0.186195 -0.6947403 -0.6947647 0.1861657 -0.6947262 -0.6947304 0.5086045 -0.5085973 -0.6946654 0.5086747 -0.5086159 -0.6946612 0.6948315 -0.1861587 -0.6947491 0.6947349 -0.1861916 -0.69475 0.6947475 0.1861412 -0.963535 0.2584661 0.06925117 -0.9635205 0.1892097 0.1892827 -0.9635637 0.1891604 0.1891117 -0.9636503 0.06912505 0.2580695 -0.9636503 0.06912499 0.2580695 -0.9636503 0.06912499 0.2580696 -0.9635388 0.06921333 0.2584619 -0.9636265 -0.06916868 0.258147 -0.9636265 -0.06916868 0.258147 -0.9636265 -0.06916874 0.258147 -0.9636357 -0.06918269 0.2581088 -0.9636357 -0.06918269 0.2581088 -0.9636357 -0.06918269 0.2581088 -0.9636237 -0.1890234 0.1889438 -0.9636237 -0.1890234 0.1889438 -0.9636237 -0.1890234 0.1889438 -0.9635247 -0.1892508 0.1892204 -0.9635376 -0.2584574 0.069247 -0.9635471 -0.2584186 0.06926077 -0.963678 -0.2579708 -0.06910765 -0.9636781 -0.2579708 -0.06910765 -0.963678 -0.2579708 -0.06910765 -0.9636341 -0.2581157 -0.06917804 -0.9636341 -0.2581158 -0.06917798 -0.9636738 -0.1888087 -0.1889026 -0.9636738 -0.1888087 -0.1889026 -0.9636738 -0.1888087 -0.1889026 -0.9635251 -0.1892212 -0.189248 -0.9636244 -0.06917434 -0.2581527 -0.9636245 -0.06917434 -0.2581527 -0.9636245 -0.06917428 -0.2581527 -0.9635489 -0.06926059 -0.2584117 -0.9635488 0.06925004 -0.2584147 -0.9635478 0.06925517 -0.2584171 -0.9635553 0.1891461 -0.1891688 -0.9635468 0.1891775 -0.1891812 -0.9635477 0.2584175 -0.06925719 -0.9635351 0.2584663 -0.06924802 -0.9636648 0.2580099 0.06914526 -0.9636648 0.2580099 0.0691452 -0.9636648 0.25801 0.0691452 -0.1885122 0.948587 0.254256 -0.1885448 0.6944608 0.6943884 -0.1883689 0.6944522 0.6944447 -0.1882693 0.2540917 0.9486792 -0.1886409 0.2541863 0.94858 -0.1886522 -0.2540873 0.9486044 -0.1882104 -0.2542514 0.948648 -0.1881741 -0.6944748 0.6944748 -0.1883903 -0.6944076 0.6944834 -0.1883096 -0.9486687 0.2541007 -0.188872 -0.9485199 0.2542389 -0.1885663 -0.9485936 -0.254191 -0.1885545 -0.9485958 -0.2541911 -0.1885546 -0.9485958 -0.2541911 -0.1885149 -0.6944194 -0.6944379 -0.1885148 -0.6944194 -0.6944379 -0.1885148 -0.6944194 -0.6944379 -0.1883425 -0.6944564 -0.6944476 -0.1884429 -0.2540977 -0.948643 -0.1886762 -0.2541214 -0.9485903 -0.1886762 -0.2541213 -0.9485903 -0.1886763 -0.2541214 -0.9485904 -0.1891304 0.2540476 -0.9485197 -0.1885178 0.254265 -0.9485834 -0.1885456 0.6944193 -0.6944296 -0.188341 0.6945027 -0.6944018 -0.188755 0.9485636 -0.2541631 -0.188755 0.9485636 -0.2541631 -0.1891157 0.9484625 -0.2542718 -0.1891274 0.9485201 0.2540479 -0.5420424 0.8117075 0.2175337 -0.5420425 0.8117075 0.2175337 -0.542279 0.5941159 0.5941044 -0.5424103 0.5940802 0.5940202 -0.5422167 0.2174784 0.8116061 -0.5422166 0.2174783 0.811606 -0.5422167 0.2174784 0.8116061 -0.5424118 0.2175254 0.8114629 -0.5424119 0.2175254 0.8114629 -0.5424119 0.2175254 0.8114629 -0.5420198 -0.2176039 0.8117038 -0.5420839 -0.2175662 0.8116712 -0.5420839 -0.2175661 0.8116712 -0.542413 -0.5940504 0.5940475 -0.5423879 -0.5940644 0.5940565 -0.5424517 -0.8114449 0.2174936 -0.5420764 -0.8117138 0.2174255 -0.5420446 -0.811691 -0.2175899 -0.5424398 -0.8114863 -0.2173685 -0.5423959 -0.5940567 -0.5940567 -0.5422953 -0.5940713 -0.5941339 -0.5423076 -0.2174865 -0.8115432 -0.5420324 -0.2174293 -0.8117422 -0.5420254 0.2175157 -0.8117238 -0.5422955 0.2173691 -0.8115826 -0.5422868 0.5941066 -0.5941066 -0.5419038 0.5943586 -0.594204 -0.5419038 0.5943586 -0.5942039 -0.5423108 0.8115409 -0.2174866 -0.5420337 0.8117409 -0.217431 -0.5422889 0.8115825 0.2173864 -0.5422888 0.8115825 0.2173864 -0.8225622 0.5492966 0.1471894 -0.8223413 0.4023354 0.4023444 -0.8223413 0.4023355 0.4023443 -0.8223413 0.4023355 0.4023444 -0.822615 0.4020544 0.402066 -0.8225696 0.1472354 0.5492733 -0.8225702 0.1472374 0.5492719 -0.8223093 -0.147203 0.5496716 -0.8223093 -0.147203 0.5496716 -0.8223093 -0.147203 0.5496716 -0.8225669 -0.1472563 0.5492717 -0.8226168 -0.4020557 0.4020609 -0.822424 -0.4022539 0.4022569 -0.822424 -0.4022539 0.4022569 -0.822424 -0.4022539 0.4022569 -0.822304 -0.5496701 0.1472387 -0.822304 -0.5496701 0.1472387 -0.822304 -0.5496701 0.1472387 -0.8225564 -0.5492937 0.147233 -0.8223077 -0.5496818 -0.147174 -0.8223077 -0.5496819 -0.1471741 -0.8223076 -0.5496819 -0.147174 -0.8225695 -0.5492725 -0.1472392 -0.8226174 -0.4020875 -0.4020279 -0.8225531 -0.4021255 -0.4021211 -0.8224794 -0.1472296 -0.5494098 -0.8224943 -0.1472355 -0.549386 -0.8224943 0.1472159 -0.5493912 -0.8224796 0.1472225 -0.5494115 -0.822552 0.4021483 -0.4021007 -0.8224174 0.4022651 -0.4022594 -0.8224173 0.402265 -0.4022594 -0.8224173 0.402265 -0.4022594 -0.8225697 0.5492702 -0.1472457 -0.8223149 0.5496562 -0.1472291 -0.8223147 0.5496561 -0.1472304 -0.8223149 0.5496562 -0.1472291 -0.8224907 0.5493842 0.1472617 -0.9794716 0.1947124 0.05217665 -0.9794716 0.1947125 0.05217665 -0.9794717 0.1947125 0.05217665 -0.9794936 0.1424944 0.142435 -0.9794936 0.1424944 0.142435 -0.9794936 0.1424944 0.142435 -0.9793954 0.1428027 0.142801 -0.9794009 0.05225408 0.1950476 -0.9794137 0.05226588 0.1949799 -0.9794146 -0.0522511 0.1949795 -0.979502 -0.05212491 0.1945736 -0.979502 -0.05212485 0.1945736 -0.979502 -0.05212491 0.1945736 -0.9794085 -0.1427227 0.1427916 -0.979484 -0.1425009 0.1424944 -0.979484 -0.1425009 0.1424944 -0.979484 -0.1425009 0.1424945 -0.979486 -0.1946442 0.05216127 -0.979486 -0.1946442 0.05216127 -0.9794861 -0.1946443 0.05216121 -0.9794048 -0.1950216 0.05227828 -0.9794732 -0.1947066 -0.05216974 -0.9794732 -0.1947066 -0.05216974 -0.9794732 -0.1947066 -0.05216974 -0.9793941 -0.1950708 -0.0522933 -0.9793949 -0.1427951 -0.1428123 -0.9794777 -0.1425175 -0.1425217 -0.9794777 -0.1425174 -0.1425217 -0.9794151 -0.0522502 -0.1949772 -0.9794148 -0.0522443 -0.1949805 -0.9795119 0.05211001 -0.1945278 -0.9795119 0.05211001 -0.1945278 -0.979512 0.05211007 -0.1945278 -0.9794116 0.05224925 -0.1949948 -0.9794006 0.1428028 -0.1427651 -0.9794052 0.14278 -0.1427568 -0.9794031 0.1950339 -0.05226337 -0.979413 0.1949815 -0.05227291 -0.9794139 0.1949861 0.0522378 -0.8152478 0.3236228 0.4802493 -0.917635 0.3519331 0.1846323 -0.917635 0.3519332 0.1846323 -0.1657002 -0.062132 0.984217 -0.4833034 -0.08864587 0.8709535 -0.4833034 -0.08864593 0.8709535 -0.7347086 -0.2328414 0.6371721 -0.9034608 -0.3378195 0.2638879 -0.3851447 0.1542835 0.9098682 -0.3849958 0.1541778 0.9099492 -0.3849958 0.1541777 0.9099491 -0.3849957 0.1541777 0.9099491 -0.8151544 0.3235941 0.4804272 -0.9066825 0.3160328 0.2793747 -0.868416 0.4095751 0.2794673 -0.8684331 0.4095728 0.2794175 -0.8220095 0.4962366 0.279374 -0.8219432 0.4962437 0.2795563 -0.7648174 0.5804372 0.2795479 -0.7648341 0.5804331 0.2795109 -0.6990952 0.6581414 0.279492 -0.6990631 0.6581428 0.2795693 -0.6254494 0.7284611 0.2795668 -0.6255578 0.7284795 0.2792761 -0.5449112 0.7906183 0.2792751 -0.5448181 0.7905882 0.279542 -0.4581053 0.8437904 0.2795667 -0.458134 0.8438032 0.2794808 -0.3662003 0.8875791 0.2794651 -0.3661871 0.887569 0.2795143 -0.2701972 0.9213401 0.2795103 -0.2702023 0.9213491 0.2794755 -0.1711136 0.9447866 0.2794608 -0.17109 0.9447621 0.2795584 -0.07013022 0.957566 0.2795518 -0.07020902 0.9576486 0.2792489 0.0315628 0.9596986 0.2792531 0.03162407 0.9596203 0.2795153 0.1330254 0.9508817 0.2795146 0.1330077 0.9509091 0.2794294 0.2329463 0.9314754 0.2794452 0.2329684 0.9314379 0.2795517 0.3302239 0.901557 0.2795485 0.3302199 0.9015716 0.2795059 0.4238275 0.8615387 0.2795022 0.4238134 0.8615928 0.2793567 0.5126361 0.8118891 0.2793571 0.5126386 0.8118383 0.2795004 0.5957059 0.7529983 0.2795141 0.595708 0.7530079 0.2794837 0.6720612 0.6857239 0.2794936 0.6720625 0.6857147 0.2795132 0.7408975 0.6106892 0.2795171 0.7409029 0.6107382 0.2793957 0.8013926 0.5288736 0.279397 0.801398 0.5288754 0.2793778 0.8528849 0.4410636 0.2793749 0.8528923 0.4410751 0.2793338 0.8947953 0.3483069 0.2793271 0.8947969 0.3482991 0.2793321 0.9266289 0.2516622 0.27933 0.9265947 0.2516084 0.2794915 0.9480289 0.1520653 0.279495 0.9480337 0.1520703 0.2794759 0.958801 0.05092012 0.2794777 0.9588121 0.05092555 0.2794388 0.9588118 -0.05091911 0.2794408 0.9588012 -0.05092662 0.2794759 0.9480354 -0.1520626 0.2794743 0.9480271 -0.1520729 0.2794967 0.9265855 -0.2516453 0.279489 0.9266385 -0.2516254 0.279331 0.8947969 -0.3483008 0.27933 0.8947954 -0.3483052 0.2793292 0.8528956 -0.4410675 0.2793364 0.8528817 -0.4410712 0.2793726 0.8013983 -0.5288757 0.2793765 0.8013927 -0.5288736 0.2793971 0.7409213 -0.6107141 0.2793993 0.7408788 -0.6107131 0.2795143 0.672057 -0.6857195 0.2795144 0.6720667 -0.685719 0.2794922 0.5957735 -0.7530754 0.279162 0.5957733 -0.7530755 0.279162 0.5957733 -0.7530756 0.279162 0.595703 -0.7530007 0.2795138 0.51261 -0.8118581 0.279495 0.5126648 -0.8118695 0.2793615 0.4238448 -0.8615803 0.2793477 0.4237934 -0.8615521 0.2795127 0.3302334 -0.9015647 0.2795122 0.3302133 -0.9015628 0.2795421 0.2329627 -0.9315341 0.2792361 0.2329627 -0.9315341 0.2792361 0.2329764 -0.9314701 0.2794378 0.1330291 -0.9509074 0.2794254 0.1330041 -0.9508833 0.2795194 0.0315603 -0.9596225 0.2795152 0.03162705 -0.9596971 0.2792514 -0.0701375 -0.9576541 0.279248 -0.07020252 -0.9575598 0.2795547 -0.1711103 -0.944759 0.2795561 -0.1710917 -0.9447902 0.2794625 -0.2701966 -0.9213492 0.2794808 -0.2702029 -0.92134 0.2795052 -0.3661945 -0.8875647 0.2795188 -0.366193 -0.8875837 0.2794602 -0.458118 -0.843813 0.2794775 -0.4581212 -0.8437803 0.2795705 -0.5448666 -0.7905545 0.279543 -0.5448584 -0.7906554 0.2792732 -0.6255053 -0.7285262 0.279272 -0.6255015 -0.7284139 0.279573 -0.699078 -0.6581269 0.2795692 -0.6991529 -0.6582171 0.2791694 -0.6991529 -0.658217 0.2791694 -0.699152 -0.658218 0.2791694 -0.7649189 -0.5805434 0.2790495 -0.7649189 -0.5805433 0.2790495 -0.7649189 -0.5805433 0.2790495 -0.7648251 -0.5804262 0.2795498 -0.8219638 -0.496209 0.2795571 -0.8219891 -0.4962714 0.2793719 -0.8684329 -0.4095765 0.2794128 -0.8684191 -0.4095662 0.2794706 -0.8964517 -0.3437224 0.2796954 -0.6396302 0.2305185 0.7333039 -0.6599561 0.228789 0.7156211 -0.6316055 0.2978911 0.7157762 -0.6316016 0.297894 0.7157783 -0.5979015 0.3609372 0.7157082 -0.5978944 0.3609349 0.7157153 -0.5563082 0.4222236 0.7157154 -0.5561081 0.4220528 0.7159715 -0.5561081 0.4220529 0.7159716 -0.5083867 0.4786112 0.7158731 -0.5083867 0.4786113 0.7158731 -0.5083867 0.4786113 0.7158731 -0.5085079 0.4787284 0.7157087 -0.4549731 0.5298706 0.7157071 -0.4549041 0.5298337 0.7157784 -0.3962652 0.5750102 0.7157773 -0.3963605 0.5750818 0.7156671 -0.3332599 0.613821 0.7156548 -0.3332486 0.613807 0.715672 -0.2663887 0.6456327 0.7156784 -0.2663617 0.6455882 0.7157287 -0.1965118 0.6701607 0.7157289 -0.1965473 0.6702089 0.715674 -0.1244779 0.6872414 0.7156847 -0.1244644 0.6872217 0.715706 -0.05102652 0.6965293 0.7157117 -0.05100971 0.6964954 0.7157459 0.02298527 0.697977 0.7157512 0.02295881 0.6980714 0.71566 0.09677261 0.6917123 0.71566 0.09676849 0.6917254 0.7156479 0.1694254 0.6776006 0.7156483 0.1694325 0.6774983 0.7157435 0.2402002 0.6557554 0.7157435 0.240198 0.6557807 0.7157211 0.3082776 0.6266692 0.715717 0.3082766 0.6266454 0.7157382 0.3728722 0.5905003 0.7157344 0.3728941 0.5905729 0.7156631 0.4333355 0.5477557 0.7156703 0.4333484 0.5477677 0.7156534 0.4888842 0.4988209 0.7156605 0.4888922 0.4988265 0.7156512 0.5389472 0.4442608 0.7156593 0.5389022 0.4442007 0.7157304 0.5828944 0.3846674 0.715727 0.5828986 0.3846815 0.715716 0.620343 0.3208094 0.7157205 0.6203132 0.3207899 0.7157552 0.6507989 0.2533061 0.7157492 0.6508334 0.2533457 0.7157037 0.674003 0.1830244 0.715697 0.6740678 0.1830685 0.7156246 0.6896669 0.1106655 0.7156205 0.6895342 0.1106038 0.7157579 0.6973671 0.03702491 0.7157571 0.6973858 0.03703641 0.7157384 0.6973931 -0.03702706 0.7157317 0.6973593 -0.03703421 0.7157643 0.6895273 -0.1106467 0.715758 0.6896764 -0.1106229 0.715618 0.6737437 -0.182955 0.7159587 0.6737437 -0.182955 0.7159587 0.6739944 -0.1830478 0.715699 0.6508442 -0.2533287 0.7156999 0.650787 -0.2533227 0.7157541 0.6203083 -0.3207988 0.7157555 0.6203486 -0.3208007 0.7157197 0.582906 -0.3846766 0.7157127 0.5828875 -0.3846725 0.7157299 0.538896 -0.4442135 0.7157273 0.5389584 -0.444247 0.7156596 0.4888924 -0.4988228 0.7156536 0.4888827 -0.4988234 0.7156597 0.4333496 -0.5477654 0.7156544 0.4333341 -0.5477578 0.7156696 0.3729166 -0.5905606 0.7156615 0.3728488 -0.5905115 0.7157374 0.3082678 -0.6266493 0.7157387 0.3082866 -0.6266657 0.7157161 0.2402064 -0.6557765 0.7157221 0.2401932 -0.6557589 0.7157426 0.1694039 -0.6775047 0.7157442 0.1694536 -0.6775959 0.7156461 0.09677362 -0.691728 0.7156447 0.09676629 -0.6917095 0.7156636 0.02299004 -0.6980721 0.7156583 0.02295565 -0.6979746 0.7157546 -0.05102294 -0.6964914 0.7157489 -0.05101418 -0.6965339 0.7157081 -0.124472 -0.6872231 0.7157033 -0.1244695 -0.6872404 0.7156871 -0.1965286 -0.6702121 0.7156761 -0.1965318 -0.6701563 0.7157275 -0.2663754 -0.6455844 0.7157269 -0.2663783 -0.6456367 0.7156786 -0.3332509 -0.6138039 0.7156736 -0.333252 -0.6138256 0.7156544 -0.39633 -0.5751044 0.7156658 -0.3962945 -0.5749861 0.7157806 -0.4549255 -0.5298152 0.7157784 -0.4549514 -0.5298888 0.7157075 -0.5085241 -0.4787129 0.7157076 -0.5085611 -0.4787716 0.7156419 -0.5563746 -0.4222739 0.7156341 -0.5563194 -0.4222031 0.7157188 -0.5978963 -0.3609326 0.7157148 -0.5978989 -0.3609392 0.7157094 -0.6316068 -0.2978926 0.7157744 -0.6316086 -0.2978898 0.7157739 -0.6502618 -0.2535861 0.716138 -0.7233541 -0.281536 0.6304731 -0.7233539 -0.2815364 0.6304733 -0.7233539 -0.2815362 0.6304732 -0.1210859 0.04540717 0.991603 -0.2477352 0.06667429 0.9665309 -0.2305253 0.1087179 0.966974 -0.230504 0.1087159 0.9669792 -0.2182221 0.1317432 0.9669659 -0.2182627 0.1317582 0.9669546 -0.2030811 0.154125 0.9669559 -0.2030388 0.1541085 0.9669674 -0.1855984 0.1747307 0.9669656 -0.1856366 0.1747463 0.9669555 -0.1660706 0.1934186 0.9669591 -0.1660826 0.1934219 0.9669563 -0.1446768 0.2099121 0.9669569 -0.144639 0.2098773 0.96697 -0.1216089 0.2240086 0.9669703 -0.1216328 0.2240369 0.9669607 -0.09723341 0.2356556 0.9669603 -0.09723931 0.2356629 0.9669579 -0.07173627 0.2446332 0.9669585 -0.0717293 0.2446224 0.9669617 -0.04543983 0.2508422 0.9669609 -0.04543024 0.2508456 0.9669605 -0.01863539 0.254249 0.9669593 -0.01862239 0.2542102 0.9669697 0.008392155 0.2547531 0.9669698 0.008391499 0.2547648 0.9669668 0.03531348 0.2524414 0.9669677 0.0353164 0.2524257 0.9669716 0.06184649 0.2472687 0.9669712 0.06184887 0.2473558 0.9669488 0.08768641 0.2394158 0.9669495 0.08767992 0.2393697 0.9669615 0.1125268 0.2287432 0.9669613 0.1125263 0.2287399 0.9669623 0.1360991 0.2155411 0.9669638 0.1360918 0.2155248 0.9669685 0.1581546 0.1999052 0.966967 0.1581593 0.1999171 0.9669637 0.1784341 0.1820568 0.9669626 0.1784205 0.1820462 0.9669672 0.1967005 0.1621293 0.966966 0.1967326 0.1621693 0.9669526 0.2127947 0.1404354 0.9669521 0.2127724 0.1404213 0.966959 0.2264524 0.1171059 0.9669569 0.2264468 0.1171121 0.9669574 0.2375803 0.09247279 0.9669563 0.2375758 0.09247207 0.9669574 0.2460225 0.06681424 0.9669586 0.2460021 0.06679981 0.9669648 0.2516878 0.04038184 0.9669657 0.2517051 0.04038965 0.9669609 0.2545742 0.01351273 0.9669589 0.2545796 0.01351761 0.9669574 0.2545894 -0.01351356 0.9669548 0.2545639 -0.01351678 0.9669615 0.251708 -0.04038512 0.9669603 0.2516843 -0.04038631 0.9669663 0.2460047 -0.06680643 0.9669636 0.2460202 -0.0668078 0.9669597 0.2375779 -0.09247267 0.9669569 0.2375785 -0.09247231 0.9669569 0.2264592 -0.1171101 0.9669547 0.2264403 -0.1171079 0.9669595 0.2127844 -0.1404249 0.966956 0.2127894 -0.1404322 0.9669537 0.1967374 -0.1621593 0.9669534 0.1966952 -0.1621388 0.9669654 0.1784261 -0.1820486 0.9669656 0.1784293 -0.1820551 0.9669638 0.1581622 -0.1999148 0.9669637 0.1581515 -0.1999073 0.966967 0.1360905 -0.2155275 0.9669681 0.136101 -0.2155393 0.966964 0.1125261 -0.2287422 0.9669618 0.112527 -0.2287409 0.9669619 0.08767116 -0.2393741 0.9669612 0.08769553 -0.2394124 0.9669495 0.06186926 -0.2473489 0.9669492 0.06182521 -0.2472738 0.9669713 0.03531312 -0.2524277 0.9669713 0.03531521 -0.2524397 0.966968 0.008392453 -0.2547623 0.9669674 0.008391201 -0.2547554 0.9669692 -0.01863116 -0.2542124 0.966969 -0.01862668 -0.2542478 0.9669598 -0.04543262 -0.2508453 0.9669606 -0.04543441 -0.2508425 0.9669611 -0.07173252 -0.2446229 0.9669613 -0.07173556 -0.2446328 0.9669586 -0.09723788 -0.2356625 0.9669581 -0.09723317 -0.2356559 0.9669603 -0.1216303 -0.2240423 0.9669598 -0.1216142 -0.2240023 0.966971 -0.1446486 -0.2098711 0.96697 -0.1446684 -0.2099198 0.9669564 -0.1660731 -0.1934213 0.9669581 -0.1660796 -0.1934185 0.9669576 -0.1856278 -0.1747526 0.966956 -0.1856064 -0.1747239 0.9669653 -0.2030494 -0.154101 0.9669664 -0.2030712 -0.1541331 0.9669566 -0.2182541 -0.1317671 0.9669553 -0.2182117 -0.1317343 0.9669694 -0.2305069 -0.1087123 0.966979 -0.2305291 -0.1087213 0.9669727 -0.2333828 -0.1018304 0.9670383 -0.4749165 -0.1939219 0.8583989 -0.6947281 0.1861422 0.694769 -0.6946941 0.1861991 0.6947878 -0.6946873 0.5086569 0.5086038 -0.6947395 0.5085644 0.5086251 -0.6947182 0.6947883 0.1861072 -0.6947494 0.6947476 0.1861428 -0.7070857 0 0.7071279 -0.7071067 0.7071069 0 -0.7071067 0.707107 0 -0.6947534 -0.6947553 0.1860991 -0.6947268 -0.6947687 0.1861484 -0.6947501 -0.5086131 0.5085619 -0.694698 -0.5085927 0.5086534 -0.6946874 -0.1861521 0.6948071 -0.694721 -0.1861942 0.6947622 -0.6947516 0.6947541 -0.1861103 -0.694727 0.6947667 -0.1861551 -0.6947506 0.5086115 -0.5085629 -0.6947108 0.5085983 -0.5086303 -0.6947062 0.1861096 -0.6947997 -0.694763 0.1861822 -0.6947234 -0.7071067 -0.7071069 0 -0.7071067 -0.707107 0 -0.7071279 0 -0.7070857 -0.6947761 -0.1860924 -0.6947344 -0.6947154 -0.1861946 -0.6947677 -0.6947053 -0.508642 -0.508594 -0.6947404 -0.508578 -0.50861 -0.6947215 -0.6947821 -0.1861178 -0.6947471 -0.6947479 -0.1861501 -1 -6.01073e-6 0 -1 -4.68979e-6 0 -1 5.41708e-6 0 -1 -8.1076e-6 0 -1 4.05405e-6 0 -1 -3.13739e-6 0 -1 6.01079e-6 0 -1 -9.37995e-6 0 -1 9.37995e-6 0 -1 -3.00539e-6 0 -1 -1.60622e-6 0 -1 3.25874e-7 0 -1 2.32726e-6 0 -1 -1.16166e-6 0 -1 5.79024e-6 0 -1 -4.51549e-7 0 -1 8.03109e-7 0 -1 9.37957e-6 0 -1 3.00536e-6 0 -1 -1.15805e-5 0 -1 1.60597e-6 0 -1 -1.36601e-6 0 -1 2.11902e-6 0 -1 -1.58627e-5 0 -1 8.91635e-6 0 -1 3.8486e-6 0 -1 -1.56497e-5 0 -1 7.45379e-6 0 0 -0.1565177 -0.9876752 0 -0.1565184 -0.9876751 0 -0.4538993 -0.891053 0 -0.4538981 -0.8910536 0 -0.707209 -0.7070046 0 -0.7072098 -0.7070038 0 -0.8909692 -0.454064 0 -0.8909695 -0.4540634 0 -0.9876925 -0.1564089 0 -0.987693 -0.1564059 0 -0.9876905 0.1564213 0 -0.9876899 0.1564246 0 -0.8909887 0.4540257 0 -0.8909893 0.4540245 0 -0.7071632 0.7070504 0 -0.7071639 0.7070497 0 -0.4540634 0.8909695 0 -0.4540646 0.8909688 0 -0.1564074 0.9876927 0 -0.1564077 0.9876927 0 0.1564074 0.9876927 0 0.1564077 0.9876927 0 0.4540646 0.8909688 0 0.4540634 0.8909695 0 0.7071632 0.7070504 0 0.7071639 0.7070497 0 0.8909887 0.4540257 0 0.8909893 0.4540245 0 0.98769 0.1564242 0 0.9876905 0.1564217 0 0.987693 -0.1564059 0 0.9876925 -0.1564089 0 0.8909692 -0.454064 0 0.8909695 -0.4540634 0 0.707209 -0.7070046 0 0.7072098 -0.7070038 0 0.4538981 -0.8910536 0 0.4538993 -0.891053 0 0.1565177 -0.9876752 0 0.1565184 -0.9876751 -0.5000541 0 0.8659943 -0.495418 0.1358633 0.8579641 -0.4954017 0.1358374 0.8579775 -0.495421 0.3944249 0.7739427 -0.4953734 0.3943467 0.7740129 -0.4953712 0.6142987 0.6142024 -0.495336 0.6142666 0.6142628 -0.4953303 0.7740061 0.3944141 -0.4953647 0.7740195 0.3943446 -0.4953814 0.8579826 0.1358792 -0.4953073 0.8579992 0.1360444 -0.4953179 -0.8580183 0.1358857 -0.4953937 -0.8579506 0.136036 -0.4953578 -0.7739923 0.394407 -0.4953265 -0.7740389 0.3943545 -0.4953424 -0.6143118 0.6142126 -0.4953745 -0.6142492 0.6142492 -0.4953787 -0.3944346 0.7739647 -0.4954276 -0.3943342 0.7739846 -0.4954047 -0.1358644 0.8579716 -0.4954186 -0.135836 0.8579681 -0.4999544 0.8660517 0 -0.4999559 0.866051 0 -0.4999558 -0.866051 0 -0.4999545 -0.8660517 0 -0.4953192 0.8580197 -0.1358721 -0.4953918 0.8579545 -0.1360182 -0.4953572 0.7739751 -0.3944414 -0.4953287 0.7740154 -0.394398 -0.4953451 0.6143515 -0.6141707 -0.4953685 0.6143041 -0.6141991 -0.4953694 0.3942958 -0.7740414 -0.4953407 0.3943505 -0.7740318 -0.4953134 0.1359686 -0.8580077 -0.4953738 0.1358399 -0.8579932 -0.4953651 -0.135964 -0.8579786 -0.4953052 -0.1358461 -0.8580319 -0.4953452 -0.3942986 -0.7740555 -0.4953734 -0.3943467 -0.7740129 -0.4953645 -0.6143422 -0.6141642 -0.495343 -0.6143164 -0.6142075 -0.4953333 -0.7739872 -0.3944475 -0.495361 -0.7739986 -0.3943904 -0.4953824 -0.857984 -0.1358664 -0.4953075 -0.8580021 -0.1360257 -0.5000083 0 -0.8660207 -0.5000088 0 -0.8660205 -1 4.28527e-6 0 -1 2.27738e-6 0 -1 -2.06623e-6 0 -1 -3.31781e-6 0 -1 4.26358e-6 0 -1 2.19875e-6 0 -1 4.35918e-6 0 -1 4.32593e-6 0 -1 1.1292e-6 0 -1 -3.31806e-6 0 -1 2.18685e-6 0 -1 -4.24003e-6 0 -1 2.08043e-6 0 -1 2.19876e-6 0 -1 -1.07146e-6 0 -1 -7.30369e-7 0 -1 -4.38551e-6 0 -1 7.20189e-7 0 -1 2.83387e-6 0 -1 -1.62266e-6 0 -1 2.9016e-6 0 -1 -1.42134e-6 0 -1 -7.30341e-7 0 -1 -6.5481e-6 0 -1 2.86292e-6 0 -1 -6.70968e-6 0 -1 8.21906e-7 0 -1 2.85325e-6 0 -1 -4.38554e-6 0 -1 2.9016e-6 0 -1 -2.81923e-6 0 -0.7045094 0.7045201 0.08554559 -0.7045079 0.6636007 0.2516006 -0.7045093 0.6636012 0.2515953 -0.7045172 0.5840649 0.4031424 -0.7045139 0.5840608 0.4031541 -0.7045102 0.4705785 0.5312451 -0.7045167 0.4705878 0.5312283 -0.7045139 0.3298188 0.6283947 -0.704503 0.3297899 0.628422 -0.7045043 0.1698493 0.6890755 -0.704519 0.1698864 0.6890512 -0.7045235 0 0.7096807 -0.7045238 0 0.7096804 -0.7045288 -0.1698316 0.6890548 -0.7045102 -0.1698884 0.6890597 -0.7045092 -0.3297967 0.6284115 -0.7045122 -0.3297881 0.6284127 -0.7045159 -0.4705986 0.5312196 -0.7045124 -0.4706093 0.5312149 -0.7045136 -0.5840671 0.4031455 -0.7045161 -0.5840604 0.4031507 -0.7045118 -0.66358 0.2516443 -0.7044987 -0.6636068 0.2516099 -0.704501 -0.7045253 0.085572 -0.7044972 -0.70453 0.08556401 -0.7044977 -0.704527 -0.08558458 -0.7045034 -0.7045234 -0.08556771 -0.7045022 -0.6636024 -0.2516121 -0.7045049 -0.6636005 -0.2516092 -0.7045041 -0.5840406 -0.4032005 -0.7045232 -0.5840542 -0.4031473 -0.7045256 -0.4705997 -0.531206 -0.7045164 -0.4705863 -0.5312299 -0.7045124 -0.3297985 -0.628407 -0.7045311 -0.3298331 -0.6283678 -0.7045342 -0.1698303 -0.6890496 -0.7045302 -0.1698164 -0.6890571 -0.704524 0 -0.7096802 -0.7045233 0 -0.7096809 -0.7045215 0.1698452 -0.6890589 -0.7045308 0.1698163 -0.6890565 -0.7045252 0.3298134 -0.6283848 -0.7045164 0.3298399 -0.6283808 -0.7045171 0.4705793 -0.531235 -0.7045229 0.4705639 -0.5312412 -0.7045258 0.5840223 -0.4031893 -0.7045087 0.5840656 -0.4031562 -0.7045015 0.6636193 -0.251569 -0.7045146 0.6635961 -0.2515938 -0.7045138 0.7045112 -0.08558267 -0.7045019 0.7045269 -0.08555084 -0.7044998 0.7045264 0.08557212 -0.7045004 0.7045269 0.08556371 -0.7044962 0.6635951 0.251648 -0.7045103 0.6635955 0.2516074 -0.7045169 0.584065 0.4031428 -0.7045135 0.5840622 0.4031528 -0.7045125 0.4706025 0.5312207 -0.7045152 0.4706063 0.5312139 -0.7045129 0.3297983 0.6284065 -0.7045096 0.329787 0.6284161 -0.7045072 0.1698367 0.6890755 -0.7045254 0.1698848 0.6890451 -0.704524 0 0.7096802 -0.7045236 0 0.7096807 -0.7045212 -0.1698452 0.6890591 -0.7045071 -0.1698893 0.6890627 -0.7045007 -0.3298214 0.628408 -0.7045179 -0.470572 0.5312406 -0.7045112 -0.4705923 0.5312314 -0.7045134 -0.5840673 0.4031457 -0.7045163 -0.5840594 0.4031519 -0.7045094 -0.6635992 0.2516001 -0.7045082 -0.6636022 0.2515954 -0.7045106 -0.7045158 0.08557087 -0.7045011 -0.7045282 0.08554649 -0.7045009 -0.7045239 -0.08558422 -0.7045109 -0.704518 -0.08554977 -0.7045144 -0.6636074 -0.2515645 -0.7045046 -0.6636056 -0.2515969 -0.7045049 -0.58404 -0.4031998 -0.7045229 -0.5840535 -0.403149 -0.7045233 -0.4705756 -0.5312303 -0.7045181 -0.4705676 -0.5312442 -0.7045142 -0.3298187 -0.6283944 -0.7045241 -0.3298361 -0.628374 -0.704532 -0.1698427 -0.6890488 -0.7045234 -0.1698181 -0.6890636 -0.7045235 0 -0.7096807 -0.7045236 0 -0.7096805 -0.7045288 0.1698316 -0.6890548 -0.704534 0.1698155 -0.6890534 -0.7045335 0.3297888 -0.6283885 -0.7045149 0.4706062 -0.5312143 -0.7045243 0.4705806 -0.5312244 -0.704526 0.5840221 -0.4031891 -0.7045078 0.5840672 -0.4031554 -0.7045039 0.6636002 -0.2516133 -0.7045044 0.6636013 -0.2516087 -0.7045044 0.7045205 -0.0855838 -0.7044987 0.704528 -0.08556824 -0.7044973 0.7045289 0.08557242 0 -0.9965856 0.08256727 0 -0.9965845 -0.08257913 0 -0.9458068 -0.3247302 0 -0.9458069 -0.3247296 0 -0.7891711 -0.6141734 0 -0.5469007 -0.8371976 0 -0.5469008 -0.8371975 0 -0.2455166 -0.9693925 0 -0.2455164 -0.9693925 0 0.08264237 -0.9965793 0 0.4015898 -0.9158197 0 0.6773222 -0.7356866 0 0.6773211 -0.7356876 0 0.8794581 -0.4759764 0 0.9863543 -0.1646371 0 0.9863546 -0.1646353 0 0.9863589 0.1646096 0 0.9863585 0.1646113 0 0.8794593 0.4759743 0 0.8794591 0.4759745 0 0.6772747 0.7357303 0 0.6772755 0.7357295 0 0.4017227 0.9157614 0 0.08255243 0.9965868 0 0.08255249 0.9965868 0 -0.2455036 0.9693957 0 -0.2455039 0.9693956 0 -0.5469612 0.837158 0 -0.5469608 0.8371583 0 -0.7891711 0.6141734 0 -0.945807 0.3247295 0 -0.9458068 0.3247304 0 -0.9965459 0.083045 0 -0.9965459 0.083045 0 -0.9965459 0.083045 -1 7.17084e-6 0 -1 -1.79284e-6 0 -1 -3.58497e-6 0 -1 2.2409e-6 0 -1 -3.58528e-6 0 -1 3.58534e-6 0 -1 3.58544e-6 0 -1 -1.79263e-6 0 -1 -7.17022e-6 0 -1 5.37785e-6 0 -1 -4.48127e-6 0 -1 3.58494e-6 0 -1 1.79282e-6 0 0 -0.9957545 0.09204924 0 -0.9957208 -0.0924139 0 -0.9957207 -0.0924139 -3.38854e-7 -0.9957208 -0.0924139 0 -0.9957517 -0.09207975 0 -0.9324501 -0.361299 0 -0.9324493 -0.3613008 0 -0.7389922 -0.6737141 0 -0.738991 -0.6737154 0 -0.4457899 -0.8951377 0 -0.09227555 -0.9957336 0 -0.09227561 -0.9957335 0 0.2737081 -0.9618129 0 0.2737082 -0.9618129 0 0.6026954 -0.7979714 0 0.8501722 -0.5265048 0 0.8501727 -0.526504 0 0.9829703 -0.183765 0 0.9829702 -0.1837651 0 0.9829731 0.1837494 0 0.9829732 0.1837495 0 0.8501937 0.5264701 0 0.8501934 0.5264706 0 0.6027051 0.797964 0 0.2735441 0.9618595 0 0.2735438 0.9618596 0 -0.09219527 0.995741 0 -0.09219515 0.995741 0 -0.4457899 0.8951377 0 -0.7389913 0.6737151 0 -0.738992 0.6737143 0 -0.9324382 0.3613297 0 -0.9324389 0.361328 -1 1.25868e-6 0 -1 3.77671e-6 0 -1 -2.51801e-6 0 -1 -2.51769e-6 0 -1 5.03552e-6 0 -1 2.5176e-6 0 -1 -2.5178e-6 0 -1 2.51754e-6 0 -1 -2.51796e-6 0 -1 3.7766e-6 0 1 1.08943e-5 0 1 -3.05973e-6 0 1 5.44756e-6 0 1 -1.03622e-5 0 1 5.1788e-6 0 1 3.76066e-6 0 1 3.49698e-6 0 1 -2.23879e-6 0 1 1.61691e-6 0</float_array>
          <technique_common>
            <accessor source="#ust-10lx_001-mesh-normals-array" count="8245" stride="3">
              <param name="X" type="float"/>
              <param name="Y" type="float"/>
              <param name="Z" type="float"/>
            </accessor>
          </technique_common>
        </source>
        <vertices id="ust-10lx_001-mesh-vertices">
          <input semantic="POSITION" source="#ust-10lx_001-mesh-positions"/>
        </vertices>
        <triangles material="Material_011-material" count="6366">
          <input semantic="VERTEX" source="#ust-10lx_001-mesh-vertices" offset="0"/>
          <input semantic="NORMAL" source="#ust-10lx_001-mesh-normals" offset="1"/>
          <p>0 0 1 0 2 0 3 1 4 1 1 1 1 2 4 2 5 2 1 3 5 3 2 3 6 4 7 4 8 4 8 5 7 5 9 5 8 6 9 6 3 6 3 7 9 8 10 9 3 10 10 10 4 10 6 11 8 11 11 11 11 12 8 12 12 12 11 13 12 14 13 15 13 16 12 16 14 16 14 17 12 17 15 17 14 18 15 18 16 18 16 19 15 19 17 19 17 20 15 20 18 20 17 21 18 21 19 21 20 22 21 22 18 22 18 23 21 23 22 23 18 24 22 25 19 26 23 27 24 28 25 29 25 30 24 30 26 30 25 31 26 31 20 31 20 32 26 32 27 32 20 33 27 33 21 33 23 34 25 35 28 36 28 37 25 37 29 37 28 38 29 38 30 38 30 39 29 39 31 39 31 40 29 40 32 40 31 41 32 41 33 41 33 42 32 42 34 42 34 43 32 44 35 45 34 46 35 46 36 46 37 47 38 47 35 47 35 48 38 48 39 48 35 49 39 50 36 51 40 52 41 53 37 54 37 55 41 56 42 57 37 58 42 58 38 58 43 59 44 59 40 59 40 60 44 60 45 60 40 61 45 61 41 61 46 62 47 62 43 62 43 63 47 63 48 63 43 64 48 64 44 64 49 65 50 66 51 67 51 68 50 68 52 68 51 69 52 69 46 69 46 70 52 71 53 72 46 73 53 73 47 73 49 74 51 74 54 74 54 75 51 75 55 75 54 76 55 77 56 78 56 79 55 79 57 79 57 80 55 80 58 80 57 81 58 81 59 81 59 82 58 83 60 84 60 85 58 85 61 85 60 86 61 86 62 86 63 87 64 88 65 89 65 90 64 90 66 90 65 91 66 91 67 91 67 92 66 93 68 94 67 95 68 96 69 97 69 98 68 98 70 98 69 99 70 99 61 99 61 100 70 100 71 100 61 101 71 102 62 103 63 104 65 104 72 104 72 105 65 105 73 105 72 106 73 106 74 106 74 107 73 108 75 109 75 110 73 110 76 110 75 111 76 111 77 111 77 112 76 112 78 112 78 113 76 113 79 113 78 114 79 114 80 114 81 115 82 115 79 115 79 116 82 117 83 118 79 119 83 120 80 121 84 122 85 122 81 122 81 123 85 123 86 123 81 124 86 124 82 124 87 125 88 125 84 125 84 126 88 126 89 126 84 127 89 127 85 127 90 128 91 128 87 128 87 129 91 129 92 129 87 130 92 130 88 130 93 131 94 131 95 131 95 132 94 132 96 132 95 133 96 133 90 133 90 134 96 135 97 136 90 137 97 137 91 137 93 138 95 138 98 138 98 139 95 139 99 139 98 140 99 140 100 140 100 141 99 141 101 141 101 142 99 142 102 142 101 143 102 144 103 145 103 146 102 147 104 148 104 149 102 149 105 149 104 150 105 150 106 150 107 151 108 151 105 151 105 152 108 152 109 152 105 153 109 153 106 153 110 154 111 154 112 154 112 155 111 155 113 155 112 156 113 156 107 156 107 157 113 157 114 157 107 158 114 158 108 158 110 159 112 159 115 159 115 160 112 160 116 160 115 161 116 162 117 163 117 164 116 164 118 164 118 165 116 165 119 165 118 166 119 166 120 166 120 167 119 167 121 167 121 168 119 169 122 170 121 171 122 171 123 171 124 172 125 172 122 172 122 173 125 173 126 173 122 174 126 174 123 174 2 175 127 175 0 175 0 176 127 176 128 176 0 177 128 177 124 177 124 178 128 178 129 178 124 179 129 179 125 179 130 180 131 180 132 180 132 181 131 181 133 181 132 181 133 181 134 181 135 181 136 181 132 181 132 181 136 181 137 181 132 181 137 181 130 181 138 181 139 181 132 181 132 182 139 182 140 182 132 181 140 181 135 181 141 183 142 183 132 183 132 184 142 184 143 184 132 185 143 185 138 185 144 181 145 181 132 181 132 186 145 186 146 186 132 187 146 187 141 187 147 181 148 181 132 181 132 188 148 188 149 188 132 189 149 189 144 189 150 181 151 181 132 181 132 190 151 190 152 190 132 191 152 191 147 191 153 181 154 181 132 181 132 181 154 181 155 181 132 192 155 192 150 192 156 181 157 181 132 181 132 181 157 181 158 181 132 181 158 181 153 181 159 193 160 193 132 193 132 181 160 181 161 181 132 181 161 181 156 181 162 181 163 181 132 181 132 194 163 194 164 194 132 195 164 195 159 195 165 181 166 181 132 181 132 196 166 196 167 196 132 181 167 181 162 181 168 181 169 181 132 181 132 197 169 197 170 197 132 198 170 198 165 198 171 181 172 181 132 181 132 199 172 199 173 199 132 200 173 200 168 200 174 181 175 181 132 181 132 201 175 201 176 201 132 202 176 202 171 202 177 181 178 181 132 181 132 203 178 203 179 203 132 204 179 204 174 204 180 181 181 181 132 181 132 181 181 181 182 181 132 205 182 205 177 205 134 181 183 181 132 181 132 206 183 206 184 206 132 207 184 207 180 207 69 208 61 208 185 208 73 208 65 208 185 208 185 209 65 209 67 209 185 208 67 208 69 208 81 208 79 208 185 208 185 210 79 210 76 210 185 208 76 208 73 208 90 211 87 211 185 211 185 212 87 212 84 212 185 213 84 213 81 213 102 214 99 214 185 214 185 215 99 215 95 215 185 216 95 216 90 216 112 217 107 217 185 217 185 218 107 218 105 218 185 219 105 219 102 219 122 208 119 208 185 208 185 220 119 220 116 220 185 221 116 221 112 221 1 208 0 208 185 208 185 208 0 208 124 208 185 222 124 222 122 222 12 208 8 208 185 208 185 223 8 223 3 223 185 208 3 208 1 208 20 208 18 208 185 208 185 224 18 224 15 224 185 225 15 225 12 225 32 208 29 208 185 208 185 226 29 226 25 226 185 227 25 227 20 227 40 228 37 228 185 228 185 229 37 229 35 229 185 230 35 230 32 230 51 231 46 231 185 231 185 232 46 232 43 232 185 233 43 233 40 233 61 208 58 208 185 208 185 234 58 234 55 234 185 235 55 235 51 235 68 236 66 236 186 236 63 237 72 238 187 239 74 240 75 240 188 241 77 242 78 243 189 244 83 245 82 246 190 247 92 248 91 249 191 250 93 251 98 252 192 253 103 254 104 255 193 256 109 257 108 257 194 257 110 258 115 258 195 258 117 259 118 259 196 259 120 260 121 260 197 260 126 261 125 262 198 263 5 264 4 265 199 266 6 267 11 268 200 269 16 270 17 270 201 270 22 271 21 271 202 271 23 272 28 272 203 272 30 273 31 274 204 275 33 276 34 276 205 276 39 277 38 278 206 279 48 280 47 280 207 280 49 281 54 282 208 283 209 284 136 284 135 284 137 285 136 285 210 285 210 286 136 286 209 286 210 287 209 287 211 287 130 288 137 288 212 288 212 289 137 289 210 289 212 290 210 290 213 290 213 291 210 292 211 293 213 294 211 295 214 296 131 297 130 297 215 297 215 298 130 298 212 298 215 299 212 299 216 299 216 300 212 301 213 302 216 303 213 304 217 305 217 306 213 307 214 308 217 309 214 310 218 311 133 312 131 312 219 312 219 313 131 313 215 313 219 314 215 315 220 316 220 317 215 318 216 319 220 320 216 321 221 322 221 323 216 324 217 325 221 326 217 326 222 326 222 327 217 328 218 329 222 330 218 330 223 330 134 331 133 331 224 331 224 332 133 332 219 332 224 333 219 334 225 335 225 336 219 337 220 338 225 339 220 340 226 341 226 342 220 343 221 344 226 345 221 345 227 345 227 346 221 346 222 346 227 347 222 347 228 347 228 348 222 349 223 350 228 351 223 351 186 351 229 352 230 353 231 354 232 355 230 355 233 355 233 356 230 356 229 356 233 357 229 357 234 358 208 359 235 359 236 359 236 360 235 360 237 360 236 361 237 362 238 363 238 364 237 365 239 366 238 367 239 367 240 367 240 368 239 368 241 368 240 369 241 370 242 371 140 372 139 372 243 372 243 373 139 373 244 373 243 374 244 374 245 374 245 375 244 376 246 377 245 378 246 378 247 378 247 379 246 379 248 379 247 380 248 380 249 380 249 381 248 381 250 381 249 382 250 383 251 382 251 384 250 385 252 386 251 387 252 387 253 387 253 388 252 388 207 388 142 389 141 389 254 389 254 390 141 390 255 390 254 391 255 392 256 393 256 394 255 394 257 394 256 395 257 395 258 395 258 396 257 396 259 396 258 397 259 397 260 397 260 398 259 398 261 398 260 399 261 399 262 399 262 400 261 401 263 402 262 403 263 403 264 403 264 404 263 404 206 404 147 405 152 405 265 405 265 406 152 406 266 406 265 407 266 407 267 408 267 409 266 409 268 410 267 411 268 411 269 411 269 412 268 412 270 412 269 413 270 413 271 413 271 414 270 414 272 414 271 415 272 415 273 415 273 416 272 416 274 416 273 417 274 417 275 417 275 418 274 418 202 418 155 419 154 419 276 419 276 420 154 420 277 420 276 421 277 422 278 423 278 424 277 425 279 425 278 426 279 427 280 428 280 429 279 430 281 431 280 432 281 432 282 432 282 433 281 433 283 433 282 434 283 435 284 436 284 437 283 437 285 437 284 438 285 438 286 438 286 439 285 440 200 440 158 441 157 441 287 441 287 442 157 442 288 442 287 443 288 444 289 444 289 445 288 446 290 447 289 448 290 449 291 450 291 451 290 452 292 453 291 454 292 454 293 454 293 455 292 455 294 455 293 456 294 457 295 458 295 459 294 459 296 459 295 460 296 460 297 460 297 461 296 461 199 461 160 462 159 462 298 462 298 463 159 463 299 463 298 464 299 465 300 466 300 467 299 468 301 469 300 470 301 471 302 472 302 473 301 473 303 473 302 474 303 474 304 475 304 476 303 476 305 476 304 477 305 477 306 477 306 478 305 478 307 478 306 479 307 480 308 481 308 482 307 483 198 484 165 485 170 485 309 485 309 486 170 486 310 486 309 487 310 487 311 487 311 488 310 488 312 488 311 489 312 489 313 489 313 490 312 491 314 490 313 492 314 492 315 492 315 493 314 493 316 493 315 494 316 494 317 494 317 495 316 495 318 495 317 496 318 496 319 496 319 497 318 498 194 499 173 500 172 500 320 500 320 501 172 501 321 501 320 502 321 503 322 503 322 504 321 505 323 506 322 507 323 507 324 507 324 508 323 508 325 508 324 509 325 510 326 511 326 512 325 512 327 512 326 513 327 514 328 515 328 516 327 516 329 516 328 517 329 517 330 517 330 518 329 518 192 518 176 519 175 519 331 519 331 520 175 520 332 520 331 521 332 522 333 523 333 524 332 524 334 524 333 525 334 525 335 526 335 527 334 527 336 527 335 528 336 528 337 528 337 529 336 529 338 529 337 530 338 531 339 532 339 533 338 533 340 533 339 534 340 534 341 534 341 535 340 535 191 535 178 536 177 536 342 536 342 537 177 537 343 537 342 538 343 538 344 538 344 539 343 539 345 539 344 540 345 540 346 540 346 541 345 541 347 541 346 542 347 542 348 542 348 543 347 543 349 543 348 544 349 544 350 544 350 545 349 546 351 547 350 548 351 548 352 548 352 549 351 549 190 549 59 550 60 551 232 552 232 553 60 554 62 555 232 556 62 556 230 556 230 557 62 558 71 559 230 560 71 560 231 560 231 561 71 561 70 561 57 562 59 563 235 564 235 565 59 566 232 567 235 568 232 569 237 568 237 570 232 570 233 570 237 571 233 572 239 571 239 573 233 573 234 574 239 575 234 575 241 575 208 576 54 577 235 578 235 579 54 580 56 581 235 582 56 583 57 584 50 585 49 586 353 587 353 588 49 588 208 588 353 589 208 590 354 591 354 592 208 592 236 593 354 594 236 594 355 594 355 595 236 595 238 595 355 596 238 596 356 596 356 597 238 597 240 597 356 598 240 599 357 600 357 601 240 602 242 603 357 604 242 605 358 605 135 606 140 606 358 606 358 607 140 607 243 607 358 608 243 609 357 608 357 610 243 610 245 611 357 612 245 613 356 614 356 615 245 615 247 615 356 616 247 617 355 618 355 619 247 619 249 619 355 620 249 620 354 620 354 621 249 621 251 621 354 622 251 623 353 623 353 624 251 624 253 624 353 625 253 625 50 625 50 626 253 627 52 628 207 629 47 629 253 629 253 630 47 631 53 631 253 632 53 633 52 634 44 635 48 635 359 635 359 636 48 636 207 636 359 637 207 638 360 639 360 640 207 641 252 642 360 643 252 643 361 643 361 644 252 645 250 645 361 646 250 646 362 646 362 647 250 647 248 647 362 648 248 649 363 650 363 651 248 652 246 653 363 654 246 654 364 654 364 655 246 656 244 655 364 657 244 657 138 657 138 658 244 658 139 658 138 659 143 659 364 659 364 660 143 660 365 660 364 661 365 662 363 663 363 664 365 664 366 665 363 666 366 666 362 667 362 668 366 668 367 668 362 669 367 669 361 669 361 670 367 671 368 671 361 672 368 672 360 673 360 674 368 674 369 674 360 675 369 676 359 677 359 678 369 678 370 679 359 680 370 680 44 680 44 681 370 681 45 681 143 682 142 682 365 682 365 683 142 683 254 683 365 684 254 685 366 686 366 687 254 687 256 687 366 688 256 688 367 688 367 689 256 690 258 690 367 691 258 692 368 692 368 693 258 693 260 693 368 694 260 695 369 696 369 697 260 698 262 697 369 699 262 700 370 701 370 702 262 702 264 702 370 703 264 703 45 703 45 704 264 704 41 704 206 705 38 705 264 705 264 706 38 707 42 708 264 709 42 710 41 711 36 712 39 713 371 714 371 715 39 716 206 717 371 718 206 719 372 720 372 721 206 721 263 721 372 722 263 722 373 723 373 724 263 724 261 724 373 725 261 725 374 725 374 726 261 726 259 726 374 727 259 728 375 729 375 730 259 730 257 730 375 731 257 732 376 733 376 734 257 735 255 736 376 737 255 737 146 737 146 738 255 738 141 738 146 739 145 739 376 739 376 740 145 740 377 740 376 741 377 742 375 743 375 744 377 745 378 746 375 747 378 748 374 749 374 750 378 751 379 752 374 753 379 753 373 753 373 754 379 754 380 754 373 755 380 756 372 757 372 758 380 758 381 758 372 759 381 760 371 761 371 762 381 763 205 762 371 764 205 764 36 764 36 765 205 765 34 765 31 766 33 766 204 766 204 767 33 767 205 767 204 768 205 768 382 768 382 769 205 770 381 771 382 772 381 772 383 772 383 773 381 773 380 773 383 774 380 774 384 774 384 775 380 775 379 775 384 776 379 777 385 778 385 779 379 780 378 781 385 782 378 783 386 784 386 785 378 786 377 787 386 788 377 788 144 788 144 789 377 789 145 789 28 790 30 791 203 792 203 793 30 794 204 795 203 796 204 796 387 796 387 797 204 798 382 799 387 800 382 801 388 802 388 803 382 803 383 803 388 804 383 804 389 804 389 805 383 805 384 805 389 806 384 807 390 808 390 809 384 810 385 811 390 812 385 813 391 814 391 815 385 816 386 817 391 818 386 818 149 818 149 819 386 819 144 819 24 820 23 821 392 822 392 823 23 824 203 825 392 826 203 826 393 826 393 827 203 827 387 827 393 828 387 828 394 829 394 830 387 831 388 832 394 833 388 833 395 833 395 834 388 834 389 834 395 835 389 835 396 835 396 836 389 836 390 836 396 837 390 837 397 837 397 838 390 838 391 839 397 840 391 840 148 840 148 841 391 841 149 841 148 842 147 842 397 842 397 843 147 843 265 843 397 844 265 844 396 844 396 845 265 846 267 847 396 848 267 848 395 848 395 849 267 849 269 849 395 850 269 850 394 850 394 851 269 851 271 851 394 852 271 852 393 853 393 854 271 855 273 856 393 857 273 857 392 857 392 858 273 858 275 858 392 859 275 859 24 860 24 861 275 861 26 861 202 862 21 862 275 863 275 864 21 864 27 864 275 865 27 866 26 867 19 868 22 868 398 868 398 869 22 869 202 869 398 870 202 870 399 871 399 872 202 873 274 874 399 875 274 875 400 876 400 877 274 877 272 877 400 878 272 878 401 878 401 879 272 879 270 879 401 880 270 881 402 882 402 883 270 883 268 883 402 884 268 885 403 886 403 887 268 888 266 889 403 890 266 890 151 890 151 891 266 891 152 891 151 892 150 892 403 892 403 893 150 893 404 893 403 894 404 894 402 894 402 895 404 896 405 897 402 898 405 898 401 898 401 899 405 899 406 900 401 901 406 901 400 901 400 902 406 902 407 902 400 903 407 903 399 903 399 904 407 905 408 905 399 906 408 907 398 906 398 908 408 908 201 908 398 909 201 909 19 909 19 910 201 910 17 910 14 911 16 912 286 911 286 913 16 913 201 913 286 914 201 914 284 914 284 915 201 915 408 915 284 916 408 917 282 918 282 919 408 919 407 919 282 920 407 920 280 920 280 921 407 921 406 921 280 922 406 923 278 924 278 925 406 925 405 925 278 926 405 927 276 926 276 928 405 929 404 930 276 931 404 931 155 931 155 932 404 932 150 932 200 933 11 934 286 935 286 936 11 937 13 938 286 939 13 940 14 941 7 942 6 942 409 942 409 943 6 943 200 943 409 944 200 944 410 944 410 945 200 946 285 947 410 948 285 948 411 948 411 949 285 950 283 950 411 951 283 951 412 951 412 952 283 953 281 953 412 954 281 954 413 954 413 955 281 955 279 955 413 956 279 956 414 956 414 957 279 957 277 957 414 958 277 958 153 958 153 959 277 959 154 959 153 960 158 960 414 960 414 961 158 961 287 961 414 962 287 962 413 962 413 963 287 964 289 965 413 966 289 966 412 966 412 967 289 968 291 969 412 970 291 970 411 970 411 971 291 971 293 971 411 972 293 973 410 974 410 975 293 975 295 975 410 976 295 976 409 976 409 977 295 977 297 977 409 978 297 978 7 978 7 979 297 979 9 979 199 980 4 980 297 981 297 982 4 982 10 983 297 984 10 985 9 986 2 987 5 987 415 987 415 988 5 989 199 990 415 991 199 992 416 993 416 994 199 995 296 996 416 997 296 998 417 999 417 1000 296 1000 294 1000 417 1001 294 1002 418 1003 418 1004 294 1005 292 1006 418 1007 292 1007 419 1007 419 1008 292 1008 290 1008 419 1009 290 1010 420 1011 420 1012 290 1012 288 1012 420 1013 288 1013 156 1013 156 1014 288 1014 157 1014 156 1015 161 1015 420 1015 420 1016 161 1016 421 1016 420 1017 421 1018 419 1019 419 1020 421 1021 422 1022 419 1023 422 1024 418 1025 418 1026 422 1027 423 1028 418 1029 423 1030 417 1031 417 1032 423 1032 424 1032 417 1033 424 1033 416 1033 416 1034 424 1034 425 1034 416 1035 425 1035 415 1035 415 1036 425 1037 426 1038 415 1039 426 1040 2 1041 2 1042 426 1042 127 1042 161 1043 160 1043 421 1043 421 1044 160 1044 298 1044 421 1045 298 1046 422 1047 422 1048 298 1049 300 1050 422 1051 300 1052 423 1053 423 1054 300 1054 302 1054 423 1055 302 1055 424 1055 424 1056 302 1057 304 1058 424 1059 304 1059 425 1059 425 1060 304 1060 306 1060 425 1061 306 1061 426 1061 426 1062 306 1063 308 1064 426 1065 308 1066 127 1067 127 1068 308 1068 128 1068 198 1069 125 1070 308 1071 308 1072 125 1073 129 1072 308 1074 129 1075 128 1076 123 1077 126 1078 427 1079 427 1080 126 1081 198 1082 427 1083 198 1083 428 1083 428 1084 198 1084 307 1084 428 1085 307 1086 429 1087 429 1088 307 1088 305 1088 429 1089 305 1089 430 1089 430 1090 305 1091 303 1092 430 1093 303 1094 431 1095 431 1096 303 1096 301 1096 431 1097 301 1098 432 1099 432 1100 301 1100 299 1100 432 1101 299 1101 164 1101 164 1102 299 1102 159 1102 164 1103 163 1103 432 1103 432 1104 163 1104 433 1104 432 1105 433 1106 431 1107 431 1108 433 1108 434 1108 431 1109 434 1110 430 1111 430 1112 434 1113 435 1114 430 1115 435 1115 429 1115 429 1116 435 1117 436 1118 429 1119 436 1119 428 1119 428 1120 436 1120 437 1121 428 1122 437 1122 427 1122 427 1123 437 1123 197 1123 427 1124 197 1124 123 1124 123 1125 197 1125 121 1125 118 1126 120 1126 196 1126 196 1127 120 1127 197 1127 196 1128 197 1128 438 1128 438 1129 197 1130 437 1131 438 1132 437 1133 439 1134 439 1135 437 1136 436 1137 439 1138 436 1138 440 1138 440 1139 436 1140 435 1140 440 1141 435 1141 441 1141 441 1142 435 1143 434 1142 441 1144 434 1145 442 1146 442 1147 434 1148 433 1149 442 1150 433 1150 162 1150 162 1151 433 1151 163 1151 115 1152 117 1153 195 1152 195 1154 117 1155 196 1156 195 1157 196 1158 443 1159 443 1160 196 1160 438 1160 443 1161 438 1161 444 1161 444 1162 438 1162 439 1163 444 1164 439 1165 445 1164 445 1166 439 1166 440 1166 445 1167 440 1168 446 1169 446 1170 440 1171 441 1172 446 1173 441 1174 447 1175 447 1176 441 1177 442 1178 447 1179 442 1179 167 1179 167 1180 442 1180 162 1180 111 1181 110 1181 448 1181 448 1182 110 1182 195 1182 448 1183 195 1183 449 1183 449 1184 195 1184 443 1184 449 1185 443 1186 450 1187 450 1188 443 1188 444 1188 450 1189 444 1189 451 1189 451 1190 444 1190 445 1190 451 1191 445 1191 452 1191 452 1192 445 1192 446 1192 452 1193 446 1194 453 1195 453 1196 446 1197 447 1198 453 1199 447 1199 166 1199 166 1200 447 1200 167 1200 166 1201 165 1201 453 1201 453 1202 165 1202 309 1202 453 1203 309 1204 452 1205 452 1206 309 1206 311 1206 452 1207 311 1207 451 1207 451 1208 311 1209 313 1208 451 1210 313 1211 450 1212 450 1213 313 1213 315 1213 450 1214 315 1215 449 1215 449 1216 315 1217 317 1218 449 1219 317 1219 448 1219 448 1220 317 1220 319 1220 448 1221 319 1222 111 1223 111 1224 319 1224 113 1224 194 1225 108 1226 319 1227 319 1228 108 1228 114 1228 319 1229 114 1230 113 1230 106 1231 109 1231 454 1231 454 1232 109 1233 194 1234 454 1235 194 1236 455 1237 455 1238 194 1238 318 1238 455 1239 318 1240 456 1241 456 1242 318 1242 316 1242 456 1243 316 1243 457 1243 457 1244 316 1244 314 1244 457 1245 314 1245 458 1245 458 1246 314 1246 312 1246 458 1247 312 1247 459 1247 459 1248 312 1249 310 1250 459 1251 310 1251 169 1251 169 1252 310 1252 170 1252 169 1253 168 1253 459 1253 459 1254 168 1254 460 1254 459 1255 460 1255 458 1255 458 1256 460 1256 461 1256 458 1257 461 1257 457 1257 457 1258 461 1258 462 1258 457 1259 462 1260 456 1261 456 1262 462 1263 463 1264 456 1265 463 1266 455 1267 455 1268 463 1268 464 1268 455 1269 464 1269 454 1269 454 1270 464 1271 193 1272 454 1273 193 1273 106 1273 106 1274 193 1275 104 1274 101 1276 103 1277 330 1278 330 1279 103 1280 193 1281 330 1282 193 1282 328 1282 328 1283 193 1283 464 1283 328 1284 464 1285 326 1286 326 1287 464 1287 463 1288 326 1289 463 1290 324 1291 324 1292 463 1292 462 1292 324 1293 462 1294 322 1294 322 1295 462 1295 461 1295 322 1296 461 1296 320 1296 320 1297 461 1297 460 1297 320 1298 460 1298 173 1298 173 1299 460 1299 168 1299 192 1300 98 1301 330 1302 330 1303 98 1304 100 1305 330 1306 100 1306 101 1306 94 1307 93 1308 465 1309 465 1310 93 1311 192 1312 465 1313 192 1313 466 1313 466 1314 192 1314 329 1314 466 1315 329 1315 467 1315 467 1316 329 1316 327 1316 467 1317 327 1317 468 1317 468 1318 327 1318 325 1318 468 1319 325 1319 469 1319 469 1320 325 1321 323 1322 469 1323 323 1324 470 1325 470 1326 323 1327 321 1328 470 1329 321 1329 171 1329 171 1330 321 1330 172 1330 171 1331 176 1331 470 1331 470 1332 176 1332 331 1332 470 1333 331 1334 469 1335 469 1336 331 1336 333 1336 469 1337 333 1338 468 1339 468 1340 333 1341 335 1342 468 1343 335 1343 467 1343 467 1344 335 1344 337 1344 467 1345 337 1345 466 1345 466 1346 337 1347 339 1348 466 1349 339 1349 465 1349 465 1350 339 1350 341 1350 465 1351 341 1351 94 1351 94 1352 341 1353 96 1354 191 1355 91 1356 341 1357 341 1358 91 1359 97 1360 341 1361 97 1362 96 1363 88 1364 92 1364 471 1364 471 1365 92 1365 191 1365 471 1366 191 1366 472 1366 472 1367 191 1367 340 1367 472 1368 340 1369 473 1368 473 1370 340 1370 338 1370 473 1371 338 1372 474 1373 474 1374 338 1374 336 1374 474 1375 336 1375 475 1375 475 1376 336 1376 334 1376 475 1377 334 1378 476 1379 476 1380 334 1380 332 1380 476 1381 332 1381 174 1381 174 1382 332 1382 175 1382 174 1383 179 1383 476 1383 476 1384 179 1384 477 1384 476 1385 477 1385 475 1385 475 1386 477 1387 478 1388 475 1389 478 1389 474 1389 474 1390 478 1390 479 1390 474 1391 479 1391 473 1391 473 1392 479 1393 480 1392 473 1394 480 1395 472 1396 472 1397 480 1398 481 1399 472 1400 481 1400 471 1400 471 1401 481 1402 482 1401 471 1403 482 1403 88 1403 88 1404 482 1404 89 1404 179 1405 178 1405 477 1405 477 1406 178 1406 342 1406 477 1407 342 1407 478 1407 478 1408 342 1408 344 1408 478 1409 344 1409 479 1409 479 1410 344 1410 346 1410 479 1411 346 1411 480 1411 480 1412 346 1412 348 1412 480 1413 348 1413 481 1413 481 1414 348 1415 350 1416 481 1417 350 1417 482 1417 482 1418 350 1418 352 1418 482 1419 352 1420 89 1421 89 1422 352 1422 85 1422 190 1423 82 1424 352 1425 352 1426 82 1426 86 1426 352 1427 86 1427 85 1427 80 1428 83 1429 483 1430 483 1431 83 1431 190 1431 483 1432 190 1432 484 1432 484 1433 190 1433 351 1433 484 1434 351 1435 485 1436 485 1437 351 1438 349 1439 485 1440 349 1441 486 1441 486 1442 349 1442 347 1442 486 1443 347 1443 487 1443 487 1444 347 1445 345 1446 487 1447 345 1448 488 1449 488 1450 345 1451 343 1450 488 1452 343 1452 182 1452 182 1453 343 1453 177 1453 182 1454 181 1454 488 1454 488 1455 181 1455 489 1455 488 1456 489 1457 487 1458 487 1459 489 1459 490 1460 487 1461 490 1462 486 1462 486 1463 490 1464 491 1465 486 1466 491 1467 485 1468 485 1469 491 1469 492 1469 485 1470 492 1471 484 1470 484 1472 492 1473 493 1474 484 1475 493 1475 483 1475 483 1476 493 1477 189 1477 483 1478 189 1479 80 1480 80 1481 189 1481 78 1481 75 1482 77 1482 188 1482 188 1483 77 1483 189 1483 188 1484 189 1484 494 1484 494 1485 189 1486 493 1487 494 1488 493 1488 495 1488 495 1489 493 1489 492 1489 495 1490 492 1490 496 1490 496 1491 492 1491 491 1491 496 1492 491 1492 497 1493 497 1494 491 1495 490 1495 497 1496 490 1496 498 1496 498 1497 490 1497 489 1497 498 1498 489 1498 180 1498 180 1499 489 1499 181 1499 72 1500 74 1501 187 1502 187 1503 74 1504 188 1505 187 1506 188 1506 499 1506 499 1507 188 1508 494 1509 499 1510 494 1511 500 1512 500 1513 494 1513 495 1513 500 1514 495 1514 501 1514 501 1515 495 1516 496 1517 501 1518 496 1518 502 1518 502 1519 496 1520 497 1521 502 1522 497 1523 503 1524 503 1525 497 1526 498 1527 503 1528 498 1528 184 1528 184 1529 498 1529 180 1529 64 1530 63 1531 504 1532 504 1533 63 1534 187 1535 504 1536 187 1536 505 1536 505 1537 187 1538 499 1539 505 1540 499 1540 506 1540 506 1541 499 1541 500 1541 506 1542 500 1543 507 1544 507 1545 500 1545 501 1545 507 1546 501 1547 508 1548 508 1549 501 1549 502 1549 508 1550 502 1551 509 1552 509 1553 502 1554 503 1555 509 1556 503 1556 183 1556 183 1557 503 1557 184 1557 183 1558 134 1558 509 1558 509 1559 134 1559 224 1559 509 1560 224 1561 508 1562 508 1563 224 1563 225 1563 508 1564 225 1565 507 1566 507 1567 225 1567 226 1567 507 1568 226 1569 506 1570 506 1571 226 1572 227 1573 506 1574 227 1575 505 1576 505 1577 227 1577 228 1577 505 1578 228 1578 504 1578 504 1579 228 1580 186 1581 504 1582 186 1583 64 1584 64 1585 186 1585 66 1585 135 1586 358 1586 209 1586 209 1587 358 1588 242 1589 209 1590 242 1591 211 1592 211 1593 242 1594 241 1595 211 1596 241 1596 214 1596 214 1597 241 1597 234 1597 214 1598 234 1598 218 1598 218 1599 234 1600 229 1601 218 1602 229 1602 223 1602 223 1603 229 1604 231 1605 223 1606 231 1607 186 1608 186 1609 231 1609 70 1609 186 1610 70 1611 68 1612 510 1613 511 1613 512 1613 513 1614 514 1614 511 1614 511 1615 514 1615 515 1615 511 1616 515 1617 512 1618 516 1619 517 1620 518 1621 518 1622 517 1622 519 1622 518 1623 519 1623 513 1623 513 1624 519 1625 520 1626 513 1627 520 1627 514 1627 516 1628 518 1628 521 1628 521 1629 518 1629 522 1629 521 1630 522 1630 523 1630 523 1631 522 1632 524 1633 524 1634 522 1634 525 1634 524 1635 525 1635 526 1635 526 1636 525 1636 527 1636 527 1637 525 1637 528 1637 527 1638 528 1638 529 1638 530 1639 531 1639 528 1639 528 1640 531 1640 532 1640 528 1641 532 1642 529 1643 533 1644 534 1645 535 1646 535 1647 534 1647 536 1647 535 1648 536 1648 530 1648 530 1649 536 1649 537 1649 530 1650 537 1650 531 1650 533 1651 535 1652 538 1653 538 1654 535 1654 539 1654 538 1655 539 1655 540 1655 540 1656 539 1657 541 1658 541 1659 539 1659 542 1659 541 1660 542 1660 543 1660 543 1661 542 1661 544 1661 544 1662 542 1663 545 1664 544 1665 545 1665 546 1665 547 1666 548 1666 545 1666 545 1667 548 1667 549 1667 545 1668 549 1669 546 1670 550 1671 551 1672 547 1673 547 1674 551 1675 552 1676 547 1677 552 1677 548 1677 553 1678 554 1678 550 1678 550 1679 554 1679 555 1679 550 1680 555 1680 551 1680 556 1681 557 1681 553 1681 553 1682 557 1683 558 1684 553 1685 558 1685 554 1685 559 1686 560 1687 561 1688 561 1689 560 1690 562 1691 561 1692 562 1692 556 1692 556 1693 562 1694 563 1695 556 1696 563 1696 557 1696 559 1697 561 1697 564 1697 564 1698 561 1698 565 1698 564 1699 565 1700 566 1701 566 1702 565 1703 567 1704 567 1705 565 1706 568 1707 567 1708 568 1708 569 1708 569 1709 568 1709 570 1709 570 1710 568 1710 571 1710 570 1711 571 1711 572 1711 573 1712 574 1712 575 1712 575 1713 574 1713 576 1713 575 1714 576 1714 577 1714 577 1715 576 1716 578 1717 577 1718 578 1718 579 1718 579 1719 578 1719 580 1719 579 1720 580 1720 571 1720 571 1721 580 1721 581 1721 571 1722 581 1723 572 1724 573 1725 575 1725 582 1725 582 1726 575 1726 583 1726 582 1727 583 1728 584 1729 584 1730 583 1730 585 1730 585 1731 583 1731 586 1731 585 1732 586 1732 587 1732 587 1733 586 1733 588 1733 588 1734 586 1734 589 1734 588 1735 589 1735 590 1735 591 1736 592 1736 589 1736 589 1737 592 1737 593 1737 589 1738 593 1739 590 1740 594 1741 595 1741 591 1741 591 1742 595 1742 596 1742 591 1743 596 1743 592 1743 597 1744 598 1744 594 1744 594 1745 598 1745 599 1745 594 1746 599 1746 595 1746 600 1747 601 1747 597 1747 597 1748 601 1748 602 1748 597 1749 602 1750 598 1751 603 1752 604 1752 605 1752 605 1753 604 1753 606 1753 605 1754 606 1754 600 1754 600 1755 606 1756 607 1757 600 1758 607 1758 601 1758 603 1759 605 1759 608 1759 608 1760 605 1760 609 1760 608 1761 609 1761 610 1761 610 1762 609 1762 611 1762 611 1763 609 1763 612 1763 611 1764 612 1765 613 1766 613 1767 612 1768 614 1769 614 1770 612 1770 615 1770 614 1771 615 1772 616 1773 617 1774 618 1774 615 1774 615 1775 618 1775 619 1775 615 1776 619 1777 616 1778 620 1779 621 1779 622 1779 622 1780 621 1780 623 1780 622 1781 623 1781 617 1781 617 1782 623 1782 624 1782 617 1783 624 1783 618 1783 620 1784 622 1784 625 1784 625 1785 622 1785 626 1785 625 1786 626 1786 627 1786 627 1787 626 1787 628 1787 628 1788 626 1788 629 1788 628 1789 629 1789 630 1789 630 1790 629 1790 631 1790 631 1791 629 1791 632 1791 631 1792 632 1792 633 1792 634 1793 635 1793 632 1793 632 1794 635 1794 636 1794 632 1795 636 1796 633 1797 512 1798 637 1798 510 1798 510 1799 637 1799 638 1799 510 1800 638 1800 634 1800 634 1801 638 1801 639 1801 634 1802 639 1802 635 1802 640 1803 641 1803 642 1803 642 181 641 181 643 181 642 181 643 181 644 181 645 181 646 181 642 181 642 181 646 181 647 181 642 181 647 181 640 181 648 181 649 181 642 181 642 1804 649 1804 650 1804 642 181 650 181 645 181 651 1805 652 1805 642 1805 642 1806 652 1806 653 1806 642 1807 653 1807 648 1807 654 181 655 181 642 181 642 1808 655 1808 656 1808 642 1809 656 1809 651 1809 657 181 658 181 642 181 642 1810 658 1810 659 1810 642 1811 659 1811 654 1811 660 181 661 181 642 181 642 1812 661 1812 662 1812 642 1813 662 1813 657 1813 663 181 664 181 642 181 642 181 664 181 665 181 642 1814 665 1814 660 1814 666 181 667 181 642 181 642 181 667 181 668 181 642 181 668 181 663 181 669 1815 670 1815 642 1815 642 181 670 181 671 181 642 181 671 181 666 181 672 181 673 181 642 181 642 1816 673 1816 674 1816 642 1817 674 1817 669 1817 675 181 676 181 642 181 642 1818 676 1818 677 1818 642 181 677 181 672 181 678 181 679 181 642 181 642 1819 679 1819 680 1819 642 1820 680 1820 675 1820 681 181 682 181 642 181 642 1821 682 1821 683 1821 642 200 683 200 678 200 684 181 685 181 642 181 642 201 685 201 686 201 642 1822 686 1822 681 1822 687 181 688 181 642 181 642 1823 688 1823 689 1823 642 1824 689 1824 684 1824 690 181 691 181 642 181 642 181 691 181 692 181 642 1825 692 1825 687 1825 644 181 693 181 642 181 642 1826 693 1826 694 1826 642 1827 694 1827 690 1827 579 208 571 208 695 208 583 208 575 208 695 208 695 1828 575 1828 577 1828 695 208 577 208 579 208 591 208 589 208 695 208 695 1829 589 1829 586 1829 695 208 586 208 583 208 600 1830 597 1830 695 1830 695 1831 597 1831 594 1831 695 1832 594 1832 591 1832 612 1833 609 1833 695 1833 695 1834 609 1834 605 1834 695 1835 605 1835 600 1835 622 1836 617 1836 695 1836 695 1837 617 1837 615 1837 695 1838 615 1838 612 1838 632 208 629 208 695 208 695 1839 629 1839 626 1839 695 1840 626 1840 622 1840 511 208 510 208 695 208 695 208 510 208 634 208 695 1841 634 1841 632 1841 522 208 518 208 695 208 695 1842 518 1842 513 1842 695 208 513 208 511 208 530 208 528 208 695 208 695 1843 528 1843 525 1843 695 1844 525 1844 522 1844 542 208 539 208 695 208 695 1845 539 1845 535 1845 695 1846 535 1846 530 1846 550 1847 547 1847 695 1847 695 1848 547 1848 545 1848 695 1849 545 1849 542 1849 561 1850 556 1850 695 1850 695 1851 556 1851 553 1851 695 1852 553 1852 550 1852 571 208 568 208 695 208 695 1853 568 1853 565 1853 695 1854 565 1854 561 1854 578 1855 576 1856 696 1857 573 1858 582 1858 697 1858 584 1859 585 1860 698 1861 587 1862 588 1863 699 1864 593 1865 592 1866 700 1867 602 1868 601 1869 701 1870 603 1871 608 1872 702 1873 613 1874 614 1875 703 1876 619 1877 618 1878 704 1879 620 1880 625 1880 705 1880 627 1881 628 1881 706 1881 630 1882 631 1882 707 1882 636 1883 635 1884 708 1885 515 1886 514 1887 709 1888 516 1889 521 1890 710 1891 526 1892 527 1892 711 1892 532 1893 531 1894 712 1895 533 1896 538 1896 713 1896 540 1897 541 1898 714 1899 543 1900 544 1900 715 1900 549 1901 548 1901 716 1901 558 1902 557 1902 717 1902 559 1903 564 1903 718 1903 719 1904 646 1904 645 1904 647 1905 646 1905 720 1905 720 1906 646 1906 719 1906 720 1907 719 1908 721 1909 640 1910 647 1910 722 1910 722 1911 647 1911 720 1911 722 1912 720 1912 723 1912 723 1913 720 1913 721 1913 723 1914 721 1914 724 1914 641 1915 640 1915 725 1915 725 1916 640 1916 722 1916 725 1917 722 1918 726 1919 726 1920 722 1921 723 1922 726 1923 723 1923 727 1923 727 1924 723 1924 724 1924 727 1925 724 1925 728 1925 643 1926 641 1926 729 1926 729 1927 641 1927 725 1927 729 1928 725 1929 730 1930 730 1931 725 1932 726 1933 730 1934 726 1935 731 1936 731 1937 726 1937 727 1937 731 1938 727 1939 732 1939 732 1940 727 1941 728 1942 732 1943 728 1943 733 1943 644 1944 643 1944 734 1944 734 1945 643 1945 729 1945 734 1946 729 1947 735 1948 735 1949 729 1950 730 1951 735 1952 730 1953 736 1954 736 1955 730 1956 731 1955 736 1957 731 1958 737 1959 737 1960 731 1960 732 1960 737 1961 732 1961 738 1961 738 1962 732 1963 733 1964 738 1965 733 1966 696 1967 739 1968 740 1969 741 1970 742 1971 740 1972 743 1973 743 1974 740 1975 739 1976 743 1977 739 1977 744 1977 718 1978 745 1979 746 1980 746 1981 745 1982 747 1983 746 1984 747 1984 748 1984 748 1985 747 1986 749 1987 748 1988 749 1988 750 1988 750 1989 749 1989 751 1989 750 1990 751 1990 752 1990 650 1991 649 1991 753 1991 753 1992 649 1992 754 1992 753 1993 754 1993 755 1993 755 1994 754 1995 756 1996 755 1997 756 1997 757 1997 757 1998 756 1998 758 1998 757 1999 758 1999 759 1999 759 2000 758 2000 760 2000 759 2001 760 2001 761 2001 761 2002 760 2003 762 2004 761 2005 762 2006 763 2005 763 2007 762 2007 717 2008 652 2009 651 2009 764 2009 764 2010 651 2010 765 2010 764 2011 765 2011 766 2011 766 2012 765 2013 767 2014 766 2015 767 2015 768 2015 768 2016 767 2016 769 2016 768 2017 769 2017 770 2017 770 2018 769 2019 771 2020 770 2021 771 2021 772 2021 772 2022 771 2023 773 2024 772 2025 773 2025 774 2025 774 2026 773 2026 716 2026 657 2027 662 2027 775 2027 775 2028 662 2028 776 2028 775 2029 776 2030 777 2031 777 2032 776 2033 778 2033 777 2034 778 2034 779 2034 779 2035 778 2035 780 2035 779 2036 780 2036 781 2036 781 2037 780 2037 782 2038 781 2039 782 2039 783 2039 783 2040 782 2040 784 2040 783 417 784 417 785 417 785 2041 784 2042 712 2043 665 2044 664 2044 786 2044 786 2045 664 2045 787 2045 786 2046 787 2046 788 2047 788 2048 787 2049 789 2049 788 2050 789 2050 790 2050 790 2051 789 2052 791 2051 790 2053 791 2053 792 2053 792 2054 791 2054 793 2054 792 2055 793 2056 794 2057 794 2058 793 2058 795 2058 794 2059 795 2059 796 2059 796 2060 795 2060 710 2060 668 2061 667 2061 797 2061 797 2062 667 2062 798 2062 797 2063 798 2063 799 2063 799 2064 798 2065 800 2066 799 2067 800 2068 801 2069 801 2070 800 2071 802 2070 801 2072 802 2072 803 2072 803 2073 802 2074 804 2075 803 2076 804 2077 805 2078 805 2079 804 2079 806 2079 805 2080 806 2080 807 2080 807 2081 806 2081 709 2081 670 2082 669 2082 808 2082 808 2083 669 2083 809 2083 808 2084 809 2084 810 2084 810 2085 809 2086 811 2087 810 2088 811 2088 812 2088 812 2089 811 2090 813 2091 812 2092 813 2092 814 2092 814 2093 813 2093 815 2093 814 2094 815 2095 816 2096 816 2097 815 2097 817 2097 816 2098 817 2098 818 2098 818 2099 817 2099 708 2099 675 2100 680 2100 819 2100 819 2101 680 2101 820 2101 819 2102 820 2103 821 2104 821 2105 820 2105 822 2105 821 2106 822 2106 823 2106 823 2107 822 2107 824 2107 823 2108 824 2108 825 2108 825 2109 824 2109 826 2109 825 2110 826 2111 827 2112 827 2113 826 2113 828 2113 827 2114 828 2114 829 2114 829 2115 828 2116 704 2115 683 2117 682 2117 830 2117 830 2118 682 2118 831 2118 830 2119 831 2120 832 2121 832 2122 831 2123 833 2124 832 2125 833 2126 834 2127 834 2128 833 2128 835 2128 834 2129 835 2129 836 2129 836 2130 835 2130 837 2130 836 2131 837 2131 838 2132 838 2133 837 2134 839 2135 838 2136 839 2136 840 2136 840 2137 839 2137 702 2137 686 2138 685 2138 841 2138 841 2139 685 2139 842 2139 841 2140 842 2141 843 2142 843 2143 842 2144 844 2144 843 2145 844 2145 845 2145 845 2146 844 2146 846 2146 845 2147 846 2147 847 2147 847 2148 846 2148 848 2148 847 2149 848 2150 849 2151 849 2152 848 2153 850 2154 849 2155 850 2155 851 2155 851 2156 850 2156 701 2156 688 2157 687 2157 852 2157 852 2158 687 2158 853 2158 852 2159 853 2159 854 2160 854 2161 853 2162 855 2163 854 2164 855 2164 856 2164 856 2165 855 2165 857 2165 856 2166 857 2167 858 2167 858 2168 857 2168 859 2168 858 2169 859 2170 860 2170 860 2171 859 2172 861 2173 860 2174 861 2174 862 2174 862 2175 861 2175 700 2175 569 2176 570 2177 742 2178 742 2179 570 2179 572 2179 742 2180 572 2180 740 2180 740 2181 572 2182 581 2183 740 2184 581 2185 741 2186 741 2187 581 2187 580 2187 567 2188 569 2189 745 2190 745 2191 569 2192 742 2193 745 2194 742 2194 747 2194 747 2195 742 2195 743 2195 747 2196 743 2196 749 2196 749 2197 743 2197 744 2197 749 2198 744 2198 751 2198 718 2199 564 2199 745 2199 745 2200 564 2201 566 2202 745 2203 566 2203 567 2203 560 2204 559 2205 863 2206 863 2207 559 2207 718 2207 863 2208 718 2208 864 2208 864 2209 718 2209 746 2209 864 2210 746 2211 865 2212 865 2213 746 2213 748 2213 865 2214 748 2214 866 2214 866 2215 748 2215 750 2216 866 2217 750 2218 867 2219 867 2220 750 2220 752 2220 867 2221 752 2222 868 2223 645 2224 650 2224 868 2224 868 2225 650 2225 753 2225 868 2226 753 2227 867 2226 867 2228 753 2229 755 2230 867 2231 755 2232 866 2233 866 2234 755 2234 757 2234 866 2235 757 2235 865 2235 865 2236 757 2236 759 2236 865 2237 759 2237 864 2237 864 2238 759 2238 761 2238 864 2239 761 2240 863 2241 863 2242 761 2242 763 2242 863 2243 763 2244 560 2245 560 2246 763 2247 562 2248 717 2249 557 2249 763 2249 763 2250 557 2250 563 2250 763 2251 563 2252 562 2253 554 2254 558 2254 869 2254 869 2255 558 2255 717 2255 869 2256 717 2257 870 2258 870 2259 717 2260 762 2261 870 2262 762 2262 871 2262 871 2263 762 2263 760 2263 871 2264 760 2264 872 2264 872 2265 760 2265 758 2265 872 2266 758 2266 873 2267 873 2268 758 2268 756 2268 873 2269 756 2269 874 2270 874 2271 756 2272 754 2273 874 2274 754 2274 648 2274 648 2275 754 2275 649 2275 648 2276 653 2276 874 2276 874 2277 653 2277 875 2277 874 2278 875 2279 873 2278 873 2280 875 2281 876 2282 873 2283 876 2283 872 2283 872 2284 876 2285 877 2286 872 2287 877 2287 871 2287 871 2288 877 2288 878 2288 871 2289 878 2290 870 2291 870 2292 878 2292 879 2292 870 2293 879 2294 869 2293 869 2295 879 2296 880 2295 869 2297 880 2297 554 2297 554 2298 880 2298 555 2298 653 2299 652 2299 875 2299 875 683 652 683 764 683 875 2300 764 2301 876 2300 876 2302 764 2302 766 2302 876 2303 766 2303 877 2303 877 2304 766 2304 768 2304 877 2305 768 2305 878 2305 878 2306 768 2306 770 2306 878 2307 770 2307 879 2307 879 2308 770 2308 772 2308 879 2309 772 2309 880 2309 880 2310 772 2310 774 2310 880 2311 774 2312 555 2311 555 2313 774 2313 551 2313 716 2314 548 2315 774 2316 774 706 548 707 552 708 774 2317 552 2318 551 2319 546 2320 549 2321 881 2322 881 2323 549 2323 716 2323 881 2324 716 2324 882 2324 882 2325 716 2325 773 2325 882 2326 773 2327 883 2328 883 2329 773 2329 771 2329 883 2330 771 2330 884 2330 884 2331 771 2332 769 2333 884 2334 769 2335 885 2336 885 2337 769 2337 767 2337 885 2338 767 2339 886 2339 886 2340 767 2341 765 2342 886 2343 765 2343 656 2343 656 2344 765 2344 651 2344 656 2345 655 2345 886 2345 886 2346 655 2346 887 2346 886 2347 887 2347 885 2348 885 2349 887 2350 888 2351 885 2352 888 2353 884 2354 884 2355 888 2356 889 2357 884 2358 889 2358 883 2358 883 2359 889 2359 890 2359 883 2360 890 2360 882 2360 882 2361 890 2361 891 2361 882 2362 891 2362 881 2363 881 2364 891 2365 715 2366 881 2367 715 2367 546 2367 546 2368 715 2368 544 2368 541 2369 543 2369 714 2369 714 2370 543 2370 715 2370 714 2371 715 2372 892 2373 892 2374 715 2375 891 2376 892 2377 891 2377 893 2377 893 2378 891 2378 890 2378 893 2379 890 2379 894 2379 894 2380 890 2380 889 2380 894 2381 889 2382 895 2383 895 2384 889 2385 888 2386 895 2387 888 2387 896 2387 896 2388 888 2389 887 2390 896 2391 887 2391 654 2391 654 2392 887 2392 655 2392 538 2393 540 2393 713 2393 713 2394 540 2395 714 2394 713 2396 714 2397 897 2398 897 2399 714 2400 892 2401 897 2402 892 2403 898 2404 898 2405 892 2406 893 2407 898 2408 893 2408 899 2408 899 2409 893 2410 894 2411 899 2412 894 2412 900 2412 900 2413 894 2414 895 2415 900 2416 895 2417 901 2418 901 2419 895 2420 896 2421 901 2422 896 2422 659 2422 659 2423 896 2423 654 2423 534 2424 533 2425 902 2426 902 2427 533 2428 713 2429 902 2430 713 2430 903 2430 903 2431 713 2432 897 2433 903 2434 897 2435 904 2436 904 2437 897 2438 898 2439 904 2440 898 2440 905 2440 905 2441 898 2441 899 2441 905 2442 899 2442 906 2442 906 2443 899 2444 900 2445 906 2446 900 2447 907 2448 907 2449 900 2450 901 2451 907 2452 901 2452 658 2452 658 2453 901 2453 659 2453 658 2454 657 2454 907 2454 907 2455 657 2455 775 2455 907 2456 775 2456 906 2456 906 2457 775 2458 777 2459 906 2460 777 2461 905 2462 905 2463 777 2464 779 2465 905 2466 779 2466 904 2466 904 2467 779 2467 781 2467 904 2468 781 2469 903 2470 903 2471 781 2471 783 2471 903 2472 783 2472 902 2472 902 2473 783 2473 785 2473 902 2474 785 2474 534 2474 534 2475 785 2475 536 2475 712 2476 531 2476 785 2476 785 2477 531 2477 537 2477 785 2478 537 2478 536 2478 529 2479 532 2480 908 2481 908 2482 532 2482 712 2482 908 2483 712 2483 909 2483 909 2484 712 2485 784 2486 909 2487 784 2487 910 2487 910 2488 784 2488 782 2488 910 2489 782 2489 911 2489 911 2490 782 2491 780 2492 911 2493 780 2494 912 2495 912 2496 780 2496 778 2496 912 2497 778 2498 913 2499 913 2500 778 2501 776 2502 913 2503 776 2503 661 2503 661 2504 776 2504 662 2504 661 2505 660 2505 913 2505 913 2506 660 2506 914 2506 913 2507 914 2507 912 2507 912 2508 914 2508 915 2509 912 2510 915 2510 911 2510 911 2511 915 2512 916 2513 911 2514 916 2514 910 2514 910 2515 916 2515 917 2515 910 2516 917 2517 909 2516 909 2518 917 2519 918 2519 909 2520 918 2521 908 2522 908 2523 918 2523 711 2523 908 2524 711 2524 529 2524 529 2525 711 2525 527 2525 524 2526 526 2526 796 2527 796 2528 526 2528 711 2528 796 2529 711 2529 794 2529 794 2530 711 2530 918 2530 794 2531 918 2531 792 2531 792 2532 918 2533 917 2534 792 2535 917 2535 790 2535 790 2536 917 2536 916 2536 790 2537 916 2537 788 2537 788 2538 916 2538 915 2539 788 2540 915 2540 786 2540 786 2541 915 2542 914 2541 786 931 914 931 665 931 665 2543 914 2543 660 2543 710 2544 521 2544 796 2544 796 2545 521 2546 523 2545 796 2547 523 2548 524 2549 517 2550 516 2550 919 2550 919 2551 516 2551 710 2551 919 2552 710 2552 920 2552 920 2553 710 2553 795 2554 920 2555 795 2556 921 2555 921 2557 795 2557 793 2557 921 2558 793 2558 922 2558 922 2559 793 2559 791 2559 922 2560 791 2561 923 2562 923 2563 791 2563 789 2564 923 2565 789 2566 924 2567 924 2568 789 2569 787 2570 924 2571 787 2571 663 2571 663 2572 787 2572 664 2572 663 2573 668 2573 924 2573 924 2574 668 2574 797 2574 924 2575 797 2575 923 2575 923 2576 797 2576 799 2576 923 2577 799 2578 922 2579 922 2580 799 2580 801 2580 922 2581 801 2581 921 2581 921 2582 801 2582 803 2582 921 2583 803 2583 920 2583 920 2584 803 2585 805 2586 920 2587 805 2587 919 2587 919 2588 805 2588 807 2588 919 2589 807 2590 517 2591 517 2592 807 2593 519 2594 709 2595 514 2596 807 2597 807 2598 514 2598 520 2598 807 2599 520 2600 519 2601 512 2602 515 2602 925 2602 925 2603 515 2603 709 2603 925 2604 709 2604 926 2604 926 2605 709 2605 806 2605 926 2606 806 2606 927 2606 927 2607 806 2608 804 2609 927 2610 804 2610 928 2610 928 2611 804 2611 802 2611 928 2612 802 2613 929 2614 929 2615 802 2616 800 2616 929 2617 800 2618 930 2619 930 2620 800 2621 798 2622 930 2623 798 2623 666 2623 666 2624 798 2624 667 2624 666 2625 671 2625 930 2625 930 2626 671 2626 931 2626 930 2627 931 2628 929 2629 929 2630 931 2631 932 2632 929 2633 932 2633 928 2633 928 2634 932 2635 933 2636 928 2637 933 2637 927 2637 927 2638 933 2638 934 2638 927 2639 934 2639 926 2640 926 2641 934 2641 935 2641 926 2642 935 2642 925 2642 925 2643 935 2644 936 2645 925 2646 936 2646 512 2646 512 2647 936 2647 637 2647 671 2648 670 2648 931 2648 931 2649 670 2649 808 2649 931 2650 808 2651 932 2652 932 2653 808 2653 810 2653 932 2654 810 2654 933 2654 933 2655 810 2656 812 2657 933 2658 812 2658 934 2658 934 2659 812 2659 814 2659 934 2660 814 2660 935 2660 935 2661 814 2661 816 2661 935 2662 816 2662 936 2662 936 2663 816 2663 818 2663 936 2664 818 2664 637 2664 637 2665 818 2665 638 2666 708 2667 635 2668 818 2669 818 2670 635 2671 639 2672 818 2673 639 2674 638 2675 633 2676 636 2677 937 2678 937 2679 636 2679 708 2679 937 2680 708 2681 938 2680 938 2682 708 2682 817 2682 938 2683 817 2684 939 2685 939 2686 817 2686 815 2686 939 2687 815 2687 940 2687 940 2688 815 2688 813 2688 940 2689 813 2690 941 2691 941 2692 813 2692 811 2693 941 2694 811 2694 942 2694 942 2695 811 2696 809 2697 942 2698 809 2698 674 2698 674 2699 809 2699 669 2699 674 2700 673 2700 942 2700 942 2701 673 2701 943 2701 942 2702 943 2702 941 2702 941 2703 943 2704 944 2705 941 2706 944 2706 940 2706 940 2707 944 2708 945 2709 940 2710 945 2710 939 2710 939 2711 945 2711 946 2711 939 2712 946 2713 938 2712 938 2714 946 2714 947 2714 938 2715 947 2715 937 2716 937 2717 947 2717 707 2717 937 2718 707 2719 633 2720 633 2721 707 2721 631 2721 628 2722 630 2722 706 2722 706 2723 630 2723 707 2723 706 2724 707 2724 948 2724 948 2725 707 2725 947 2725 948 2726 947 2726 949 2726 949 2727 947 2727 946 2727 949 2728 946 2729 950 2730 950 2731 946 2731 945 2731 950 2732 945 2733 951 2734 951 2735 945 2736 944 2737 951 2738 944 2738 952 2738 952 2739 944 2740 943 2741 952 2742 943 2742 672 2742 672 2743 943 2743 673 2743 625 2744 627 2744 705 2744 705 2745 627 2745 706 2745 705 2746 706 2746 953 2746 953 2747 706 2748 948 2747 953 2749 948 2750 954 2751 954 2752 948 2753 949 2754 954 2755 949 2756 955 2757 955 2758 949 2759 950 2760 955 2761 950 2761 956 2762 956 2763 950 2763 951 2763 956 2764 951 2765 957 2766 957 2767 951 2767 952 2767 957 2768 952 2768 677 2768 677 2769 952 2769 672 2769 621 2770 620 2771 958 2772 958 2773 620 2774 705 2775 958 2776 705 2776 959 2776 959 2777 705 2777 953 2777 959 2778 953 2779 960 2780 960 1188 953 1188 954 1188 960 2781 954 2781 961 2781 961 2782 954 2782 955 2783 961 2784 955 2785 962 2786 962 2787 955 2787 956 2787 962 2788 956 2789 963 2790 963 2791 956 2792 957 2793 963 2794 957 2794 676 2794 676 2795 957 2795 677 2795 676 2796 675 2796 963 2796 963 2797 675 2797 819 2797 963 2798 819 2799 962 2800 962 2801 819 2801 821 2801 962 2802 821 2803 961 2803 961 2804 821 2804 823 2804 961 2805 823 2805 960 2805 960 2806 823 2806 825 2806 960 2807 825 2807 959 2807 959 2808 825 2809 827 2808 959 2810 827 2810 958 2810 958 2811 827 2811 829 2811 958 2812 829 2813 621 2814 621 2815 829 2815 623 2815 704 2816 618 2817 829 2816 829 2818 618 2819 624 2820 829 2821 624 2821 623 2821 616 2822 619 2823 964 2824 964 2825 619 2826 704 2826 964 2827 704 2827 965 2827 965 2828 704 2829 828 2830 965 2831 828 2832 966 2833 966 2834 828 2834 826 2834 966 2835 826 2835 967 2835 967 2836 826 2836 824 2836 967 2837 824 2837 968 2837 968 2838 824 2838 822 2838 968 2839 822 2840 969 2841 969 2842 822 2843 820 2844 969 1251 820 1251 679 1251 679 2845 820 2845 680 2845 679 2846 678 2846 969 2846 969 2847 678 2847 970 2847 969 2848 970 2848 968 2848 968 2849 970 2849 971 2849 968 2850 971 2850 967 2850 967 2851 971 2851 972 2851 967 2852 972 2852 966 2852 966 2853 972 2853 973 2853 966 2854 973 2854 965 2854 965 2855 973 2855 974 2855 965 2856 974 2857 964 2856 964 2858 974 2859 703 2860 964 2861 703 2861 616 2861 616 2862 703 2863 614 2864 611 2865 613 2865 840 2865 840 2866 613 2866 703 2866 840 2867 703 2867 838 2867 838 2868 703 2868 974 2868 838 2869 974 2870 836 2871 836 2872 974 2873 973 2874 836 2875 973 2875 834 2875 834 2876 973 2876 972 2876 834 2877 972 2877 832 2877 832 2878 972 2878 971 2878 832 2879 971 2879 830 2879 830 2880 971 2880 970 2880 830 2881 970 2881 683 2881 683 2882 970 2882 678 2882 702 2883 608 2883 840 2883 840 2884 608 2884 610 2884 840 2885 610 2885 611 2885 604 2886 603 2887 975 2888 975 2889 603 2890 702 2891 975 1313 702 1313 976 1313 976 2892 702 2892 839 2892 976 2893 839 2893 977 2893 977 2894 839 2894 837 2894 977 2895 837 2895 978 2895 978 2896 837 2896 835 2896 978 2897 835 2897 979 2897 979 2898 835 2899 833 2900 979 2901 833 2902 980 2903 980 2904 833 2905 831 2906 980 2907 831 2907 681 2907 681 2908 831 2908 682 2908 681 2909 686 2909 980 2909 980 2910 686 2910 841 2910 980 2911 841 2912 979 2913 979 2914 841 2914 843 2914 979 2915 843 2916 978 2917 978 2918 843 2919 845 2920 978 2921 845 2921 977 2921 977 2922 845 2923 847 2924 977 2925 847 2925 976 2925 976 2926 847 2927 849 2928 976 2929 849 2930 975 2931 975 2932 849 2932 851 2932 975 2933 851 2934 604 2935 604 2936 851 2936 606 2936 701 2937 601 2938 851 2939 851 2940 601 2941 607 2942 851 2943 607 2944 606 2945 598 2946 602 2946 981 2946 981 2947 602 2947 701 2947 981 2948 701 2949 982 2950 982 2951 701 2952 850 2953 982 2954 850 2955 983 2956 983 2957 850 2957 848 2957 983 2958 848 2959 984 2959 984 2960 848 2960 846 2960 984 2961 846 2961 985 2961 985 2962 846 2962 844 2962 985 2963 844 2964 986 2965 986 2966 844 2966 842 2966 986 2967 842 2967 684 2967 684 2968 842 2968 685 2968 684 2969 689 2969 986 2969 986 2970 689 2970 987 2970 986 2971 987 2971 985 2971 985 2972 987 2973 988 2974 985 2975 988 2975 984 2975 984 2976 988 2977 989 2978 984 2979 989 2979 983 2979 983 2980 989 2980 990 2980 983 2981 990 2982 982 2983 982 2984 990 2984 991 2984 982 1400 991 1400 981 1400 981 2985 991 2985 992 2985 981 2986 992 2986 598 2986 598 2987 992 2987 599 2987 689 2988 688 2988 987 2988 987 2989 688 2989 852 2989 987 2990 852 2991 988 2992 988 2993 852 2993 854 2994 988 2995 854 2995 989 2995 989 2996 854 2996 856 2996 989 2997 856 2997 990 2997 990 2998 856 2999 858 2999 990 3000 858 3000 991 3000 991 3001 858 3001 860 3001 991 3002 860 3003 992 3003 992 3004 860 3004 862 3004 992 3005 862 3006 599 3007 599 3008 862 3008 595 3008 700 3009 592 3010 862 3009 862 3011 592 3011 596 3011 862 3012 596 3012 595 3012 590 3013 593 3014 993 3015 993 3016 593 3016 700 3016 993 3017 700 3018 994 3019 994 3020 700 3020 861 3020 994 3021 861 3022 995 3023 995 3024 861 3025 859 3026 995 3027 859 3028 996 3028 996 3029 859 3029 857 3029 996 3030 857 3030 997 3030 997 3031 857 3031 855 3031 997 3032 855 3033 998 3034 998 3035 855 3036 853 3036 998 1452 853 1452 692 1452 692 3037 853 3037 687 3037 692 3038 691 3038 998 3038 998 3039 691 3039 999 3039 998 3040 999 3041 997 3042 997 3043 999 3044 1000 3045 997 3046 1000 3046 996 3046 996 3047 1000 3047 1001 3047 996 3048 1001 3048 995 3048 995 3049 1001 3049 1002 3049 995 3050 1002 3050 994 3050 994 3051 1002 3052 1003 3053 994 3054 1003 3054 993 3054 993 3055 1003 3056 699 3056 993 3057 699 3057 590 3057 590 3058 699 3058 588 3058 585 3059 587 3059 698 3059 698 3060 587 3060 699 3060 698 3061 699 3061 1004 3061 1004 3062 699 3062 1003 3063 1004 3064 1003 3065 1005 3066 1005 3067 1003 3068 1002 3069 1005 3070 1002 3070 1006 3070 1006 3071 1002 3071 1001 3071 1006 3072 1001 3072 1007 3073 1007 3074 1001 3075 1000 3076 1007 3077 1000 3078 1008 3079 1008 3080 1000 3081 999 3082 1008 3083 999 3083 690 3083 690 3084 999 3084 691 3084 582 3085 584 3086 697 3087 697 3088 584 3089 698 3090 697 3091 698 3091 1009 3091 1009 3092 698 3092 1004 3092 1009 3093 1004 3094 1010 3095 1010 3096 1004 3096 1005 3096 1010 3097 1005 3097 1011 3097 1011 3098 1005 3098 1006 3098 1011 3099 1006 3100 1012 3101 1012 3102 1006 3102 1007 3102 1012 3103 1007 3104 1013 3103 1013 3105 1007 3106 1008 3107 1013 3108 1008 3108 694 3108 694 3109 1008 3109 690 3109 574 3110 573 3111 1014 3112 1014 3113 573 3113 697 3113 1014 3114 697 3114 1015 3115 1015 3116 697 3117 1009 3117 1015 3118 1009 3118 1016 3118 1016 3119 1009 3120 1010 3121 1016 3122 1010 3122 1017 3122 1017 3123 1010 3123 1011 3123 1017 3124 1011 3125 1018 3126 1018 3127 1011 3127 1012 3127 1018 3128 1012 3129 1019 3130 1019 3131 1012 3131 1013 3131 1019 3132 1013 3132 693 3132 693 3133 1013 3133 694 3133 693 3134 644 3134 1019 3134 1019 3135 644 3135 734 3135 1019 3136 734 3136 1018 3136 1018 3137 734 3138 735 3139 1018 3140 735 3141 1017 3140 1017 3142 735 3143 736 3144 1017 3145 736 3146 1016 3147 1016 3148 736 3148 737 3148 1016 3149 737 3149 1015 3149 1015 3150 737 3150 738 3150 1015 3151 738 3152 1014 3151 1014 3153 738 3154 696 3155 1014 3156 696 3157 574 3158 574 3159 696 3160 576 3161 645 3162 868 3162 719 3162 719 3163 868 3163 752 3163 719 3164 752 3164 721 3165 721 3166 752 3167 751 3168 721 3169 751 3170 724 3171 724 3172 751 3172 744 3172 724 3173 744 3173 728 3173 728 3174 744 3174 739 3174 728 3175 739 3175 733 3175 733 3176 739 3176 741 3176 733 3177 741 3177 696 3177 696 3178 741 3179 580 3180 696 3181 580 3181 578 3181 1020 3182 1021 3182 1022 3182 1023 3183 1024 3183 1021 3183 1021 3184 1024 3184 1025 3184 1021 3185 1025 3185 1022 3185 1026 3186 1027 3186 1028 3186 1028 3187 1027 3187 1029 3187 1028 3188 1029 3188 1023 3188 1023 3189 1029 3190 1030 3191 1023 3192 1030 3192 1024 3192 1026 3193 1028 3193 1031 3193 1031 3194 1028 3194 1032 3194 1031 3195 1032 3195 1033 3195 1033 3196 1032 3196 1034 3196 1034 3197 1032 3197 1035 3197 1034 3198 1035 3198 1036 3198 1036 3199 1035 3199 1037 3199 1037 3200 1035 3200 1038 3200 1037 3201 1038 3201 1039 3201 1040 3202 1041 3202 1038 3202 1038 3203 1041 3203 1042 3203 1038 3204 1042 3204 1039 3204 1043 3205 1044 3206 1045 3207 1045 3208 1044 3208 1046 3208 1045 3209 1046 3209 1040 3209 1040 3210 1046 3211 1047 3212 1040 3213 1047 3213 1041 3213 1043 3214 1045 3215 1048 3216 1048 3217 1045 3217 1049 3217 1048 3218 1049 3218 1050 3218 1050 3219 1049 3219 1051 3219 1051 3220 1049 3220 1052 3220 1051 3221 1052 3221 1053 3221 1053 3222 1052 3222 1054 3222 1054 3223 1052 3223 1055 3223 1054 3224 1055 3225 1056 3226 1057 3227 1058 3227 1055 3227 1055 3228 1058 3228 1059 3228 1055 3229 1059 3230 1056 3231 1060 3232 1061 3232 1057 3232 1057 3233 1061 3234 1062 3235 1057 3236 1062 3236 1058 3236 1063 3237 1064 3237 1060 3237 1060 3238 1064 3238 1065 3238 1060 3239 1065 3239 1061 3239 1066 3240 1067 3240 1063 3240 1063 3241 1067 3241 1068 3241 1063 3242 1068 3242 1064 3242 1069 3243 1070 3243 1071 3243 1071 3244 1070 3244 1072 3244 1071 3245 1072 3245 1066 3245 1066 3246 1072 3247 1073 3248 1066 3249 1073 3249 1067 3249 1069 3250 1071 3250 1074 3250 1074 3251 1071 3251 1075 3251 1074 3252 1075 3252 1076 3252 1076 3253 1075 3254 1077 3255 1077 3256 1075 3256 1078 3256 1077 3257 1078 3257 1079 3257 1079 3258 1078 3258 1080 3258 1080 3259 1078 3259 1081 3259 1080 3260 1081 3260 1082 3260 1083 3261 1084 3261 1085 3261 1085 3262 1084 3262 1086 3262 1085 3263 1086 3263 1087 3263 1087 3264 1086 3265 1088 3266 1087 3267 1088 3267 1089 3267 1089 1719 1088 1719 1090 1719 1089 1720 1090 1720 1081 1720 1081 3268 1090 3268 1091 3268 1081 3269 1091 3270 1082 3271 1083 3272 1085 3272 1092 3272 1092 3273 1085 3274 1093 3275 1092 3276 1093 3277 1094 3278 1094 3279 1093 3280 1095 3281 1095 3282 1093 3282 1096 3282 1095 3283 1096 3283 1097 3283 1097 3284 1096 3285 1098 3286 1098 3287 1096 3287 1099 3287 1098 3288 1099 3288 1100 3288 1101 3289 1102 3289 1099 3289 1099 3290 1102 3290 1103 3290 1099 3291 1103 3292 1100 3293 1104 3294 1105 3294 1101 3294 1101 3295 1105 3295 1106 3295 1101 3296 1106 3297 1102 3298 1107 3299 1108 3299 1104 3299 1104 3300 1108 3300 1109 3300 1104 3301 1109 3301 1105 3301 1110 3302 1111 3302 1107 3302 1107 3303 1111 3303 1112 3303 1107 3304 1112 3305 1108 3306 1113 3307 1114 3307 1115 3307 1115 3308 1114 3308 1116 3308 1115 3309 1116 3309 1110 3309 1110 3310 1116 3311 1117 3312 1110 3313 1117 3313 1111 3313 1113 3314 1115 3314 1118 3314 1118 3315 1115 3315 1119 3315 1118 3316 1119 3317 1120 3318 1120 3319 1119 3320 1121 3321 1121 3322 1119 3322 1122 3322 1121 3323 1122 3323 1123 3323 1123 3324 1122 3325 1124 3326 1124 3327 1122 3327 1125 3327 1124 3328 1125 3328 1126 3328 1127 3329 1128 3329 1125 3329 1125 3330 1128 3330 1129 3330 1125 3331 1129 3331 1126 3331 1130 3332 1131 3332 1132 3332 1132 3333 1131 3333 1133 3333 1132 3334 1133 3334 1127 3334 1127 3335 1133 3336 1134 3337 1127 3338 1134 3338 1128 3338 1130 3339 1132 3339 1135 3339 1135 3340 1132 3340 1136 3340 1135 3341 1136 3341 1137 3341 1137 3342 1136 3342 1138 3342 1138 3343 1136 3343 1139 3343 1138 3344 1139 3344 1140 3344 1140 3345 1139 3346 1141 3347 1141 3348 1139 3348 1142 3348 1141 3349 1142 3349 1143 3349 1144 3350 1145 3350 1142 3350 1142 3351 1145 3351 1146 3351 1142 3352 1146 3353 1143 3354 1022 1798 1147 1798 1020 1798 1020 1799 1147 1799 1148 1799 1020 3355 1148 3355 1144 3355 1144 3356 1148 3357 1149 3358 1144 3359 1149 3359 1145 3359 1150 3360 1151 3360 1152 3360 1152 181 1151 181 1153 181 1152 181 1153 181 1154 181 1155 181 1156 181 1152 181 1152 1827 1156 1827 1157 1827 1152 1826 1157 1826 1150 1826 1158 181 1159 181 1152 181 1152 1825 1159 1825 1160 1825 1152 181 1160 181 1155 181 1161 181 1162 181 1152 181 1152 1824 1162 1824 1163 1824 1152 1823 1163 1823 1158 1823 1164 181 1165 181 1152 181 1152 1822 1165 1822 1166 1822 1152 201 1166 201 1161 201 1167 181 1168 181 1152 181 1152 200 1168 200 1169 200 1152 1821 1169 1821 1164 1821 1170 181 1171 181 1152 181 1152 1820 1171 1820 1172 1820 1152 1819 1172 1819 1167 1819 1173 181 1174 181 1152 181 1152 181 1174 181 1175 181 1152 1818 1175 1818 1170 1818 1176 181 1177 181 1152 181 1152 1817 1177 1817 1178 1817 1152 1816 1178 1816 1173 1816 1179 3361 1180 3361 1152 3361 1152 181 1180 181 1181 181 1152 181 1181 181 1176 181 1182 181 1183 181 1152 181 1152 181 1183 181 1184 181 1152 181 1184 181 1179 181 1185 181 1186 181 1152 181 1152 1814 1186 1814 1187 1814 1152 181 1187 181 1182 181 1188 3362 1189 3362 1152 3362 1152 1813 1189 1813 1190 1813 1152 1812 1190 1812 1185 1812 1191 181 1192 181 1152 181 1152 1811 1192 1811 1193 1811 1152 1810 1193 1810 1188 1810 1194 181 1195 181 1152 181 1152 1809 1195 1809 1196 1809 1152 1808 1196 1808 1191 1808 1197 181 1198 181 1152 181 1152 1807 1198 1807 1199 1807 1152 1806 1199 1806 1194 1806 1200 181 1201 181 1152 181 1152 181 1201 181 1202 181 1152 1804 1202 1804 1197 1804 1154 181 1203 181 1152 181 1152 181 1203 181 1204 181 1152 181 1204 181 1200 181 1089 208 1081 208 1205 208 1093 3363 1085 3363 1205 3363 1205 208 1085 208 1087 208 1205 208 1087 208 1089 208 1101 208 1099 208 1205 208 1205 3364 1099 3364 1096 3364 1205 1854 1096 1854 1093 1854 1110 208 1107 208 1205 208 1205 3365 1107 3365 1104 3365 1205 1852 1104 1852 1101 1852 1122 208 1119 208 1205 208 1205 3366 1119 3366 1115 3366 1205 1849 1115 1849 1110 1849 1132 3367 1127 3367 1205 3367 1205 3368 1127 3368 1125 3368 1205 1846 1125 1846 1122 1846 1142 208 1139 208 1205 208 1205 3369 1139 3369 1136 3369 1205 1844 1136 1844 1132 1844 1021 208 1020 208 1205 208 1205 208 1020 208 1144 208 1205 208 1144 208 1142 208 1032 208 1028 208 1205 208 1205 208 1028 208 1023 208 1205 1841 1023 1841 1021 1841 1040 208 1038 208 1205 208 1205 3370 1038 3370 1035 3370 1205 1840 1035 1840 1032 1840 1052 3371 1049 3371 1205 3371 1205 3372 1049 3372 1045 3372 1205 1838 1045 1838 1040 1838 1060 3373 1057 3373 1205 3373 1205 3374 1057 3374 1055 3374 1205 1835 1055 1835 1052 1835 1071 208 1066 208 1205 208 1205 3375 1066 3375 1063 3375 1205 1832 1063 1832 1060 1832 1081 3376 1078 3376 1205 3376 1205 208 1078 208 1075 208 1205 208 1075 208 1071 208 1088 1855 1086 1856 1206 1857 1083 3377 1092 3378 1207 3379 1094 3380 1095 3381 1208 3382 1097 3383 1098 3384 1209 3385 1103 3386 1102 3386 1210 3386 1112 3387 1111 3388 1211 3388 1113 3389 1118 3389 1212 3389 1123 3390 1124 3391 1213 3392 1129 3393 1128 3393 1214 3393 1130 3394 1135 3395 1215 3395 1137 3396 1138 3396 1216 3396 1140 3397 1141 3398 1217 3398 1146 3399 1145 3400 1218 3401 1025 3402 1024 3403 1219 3404 1026 3405 1031 3405 1220 3405 1036 3406 1037 3406 1221 3406 1042 3407 1041 3408 1222 3409 1043 3410 1048 3410 1223 3410 1050 3411 1051 3412 1224 3413 1053 3414 1054 3415 1225 3416 1059 3417 1058 3417 1226 3417 1068 3418 1067 3418 1227 3418 1069 3419 1074 3419 1228 3419 1229 3420 1156 3420 1155 3420 1157 3421 1156 3421 1230 3421 1230 3422 1156 3422 1229 3422 1230 3423 1229 3424 1231 3425 1150 3426 1157 3426 1232 3426 1232 3427 1157 3427 1230 3427 1232 3428 1230 3429 1233 3430 1233 3431 1230 3431 1231 3431 1233 3432 1231 3432 1234 3432 1151 3433 1150 3433 1235 3433 1235 3434 1150 3434 1232 3434 1235 3435 1232 3436 1236 3437 1236 3438 1232 3439 1233 3440 1236 3441 1233 3442 1237 3443 1237 3444 1233 3444 1234 3444 1237 3445 1234 3445 1238 3446 1153 3447 1151 3447 1239 3447 1239 3448 1151 3448 1235 3448 1239 3449 1235 3450 1240 3451 1240 3452 1235 3453 1236 3454 1240 3455 1236 3456 1241 3457 1241 3458 1236 3458 1237 3458 1241 3459 1237 3459 1242 3459 1242 3460 1237 3461 1238 3462 1242 3463 1238 3463 1243 3463 1154 3464 1153 3464 1244 3464 1244 3465 1153 3465 1239 3465 1244 3466 1239 3467 1245 3468 1245 3469 1239 3470 1240 3471 1245 3472 1240 3473 1246 3474 1246 3475 1240 3476 1241 3477 1246 3478 1241 3479 1247 3480 1247 1960 1241 1960 1242 1960 1247 3481 1242 3481 1248 3481 1248 3482 1242 3482 1243 3482 1248 3483 1243 3483 1206 3483 1249 3484 1250 3485 1251 3486 1252 3487 1250 3488 1253 3487 1253 3489 1250 3490 1249 3490 1253 3491 1249 3491 1254 3491 1228 3492 1255 3492 1256 3492 1256 3493 1255 3493 1257 3493 1256 3494 1257 3494 1258 3494 1258 3495 1257 3495 1259 3495 1258 3496 1259 3496 1260 3496 1260 3497 1259 3497 1261 3497 1260 3498 1261 3498 1262 3498 1160 3499 1159 3499 1263 3499 1263 3500 1159 3500 1264 3500 1263 3501 1264 3502 1265 3503 1265 3504 1264 3505 1266 3505 1265 3506 1266 3507 1267 3508 1267 3509 1266 3510 1268 3510 1267 3511 1268 3512 1269 3511 1269 3513 1268 3513 1270 3513 1269 3514 1270 3514 1271 3514 1271 3515 1270 3515 1272 3516 1271 3517 1272 3517 1273 3517 1273 3518 1272 3518 1227 3518 1162 3519 1161 3519 1274 3519 1274 3520 1161 3520 1275 3520 1274 3521 1275 3521 1276 3521 1276 3522 1275 3522 1277 3522 1276 3523 1277 3523 1278 3523 1278 3524 1277 3524 1279 3524 1278 3525 1279 3526 1280 3527 1280 3528 1279 3529 1281 3530 1280 3531 1281 3532 1282 3533 1282 3534 1281 3534 1283 3534 1282 3535 1283 3535 1284 3535 1284 3536 1283 3537 1226 3538 1167 3539 1172 3539 1285 3539 1285 3540 1172 3540 1286 3540 1285 3541 1286 3541 1287 3541 1287 3542 1286 3543 1288 3544 1287 3545 1288 3545 1289 3545 1289 3546 1288 3546 1290 3546 1289 2036 1290 2036 1291 2036 1291 3547 1290 3548 1292 3547 1291 3549 1292 3550 1293 3551 1293 3552 1292 3553 1294 3554 1293 3555 1294 3555 1295 3555 1295 3556 1294 3557 1222 3556 1175 3558 1174 3558 1296 3558 1296 3559 1174 3559 1297 3559 1296 3560 1297 3561 1298 3562 1298 3563 1297 3563 1299 3564 1298 3565 1299 3566 1300 3566 1300 3567 1299 3568 1301 3569 1300 3570 1301 3571 1302 3572 1302 3573 1301 3573 1303 3573 1302 3574 1303 3575 1304 3574 1304 3576 1303 3577 1305 3578 1304 3579 1305 3579 1306 3579 1306 3580 1305 3581 1220 3581 1178 3582 1177 3582 1307 3582 1307 3583 1177 3583 1308 3583 1307 2063 1308 2063 1309 2063 1309 3584 1308 3585 1310 3586 1309 3587 1310 3588 1311 3589 1311 3590 1310 3591 1312 3592 1311 3593 1312 3593 1313 3593 1313 3594 1312 3595 1314 3596 1313 3597 1314 3597 1315 3598 1315 3599 1314 3599 1316 3599 1315 3600 1316 3601 1317 3600 1317 3602 1316 3603 1219 3603 1180 3604 1179 3604 1318 3604 1318 3605 1179 3605 1319 3605 1318 3606 1319 3606 1320 3606 1320 3607 1319 3608 1321 3609 1320 3610 1321 3611 1322 3612 1322 3613 1321 3614 1323 3615 1322 3616 1323 3617 1324 3618 1324 3619 1323 3620 1325 3620 1324 3621 1325 3622 1326 3623 1326 3624 1325 3624 1327 3624 1326 3625 1327 3625 1328 3625 1328 3626 1327 3626 1218 3626 1185 2100 1190 2100 1329 2100 1329 3627 1190 3627 1330 3627 1329 3628 1330 3629 1331 3630 1331 3631 1330 3631 1332 3632 1331 3633 1332 3633 1333 3634 1333 3635 1332 3635 1334 3635 1333 3636 1334 3636 1335 3636 1335 3637 1334 3638 1336 3638 1335 3639 1336 3639 1337 3640 1337 3641 1336 3641 1338 3641 1337 3642 1338 3643 1339 3644 1339 3645 1338 3645 1214 3646 1193 3647 1192 3647 1340 3647 1340 3648 1192 3648 1341 3648 1340 3649 1341 3650 1342 3651 1342 3652 1341 3653 1343 3654 1342 3655 1343 3656 1344 3657 1344 3658 1343 3659 1345 3660 1344 3661 1345 3661 1346 3661 1346 3662 1345 3662 1347 3662 1346 3663 1347 3664 1348 3665 1348 3666 1347 3666 1349 3666 1348 3667 1349 3668 1350 3669 1350 3670 1349 3671 1212 3670 1196 3672 1195 3672 1351 3672 1351 3673 1195 3673 1352 3673 1351 3674 1352 3675 1353 3676 1353 3677 1352 3678 1354 3679 1353 3680 1354 3681 1355 3682 1355 3683 1354 3683 1356 3683 1355 3684 1356 3684 1357 3684 1357 3685 1356 3685 1358 3685 1357 3686 1358 3687 1359 3686 1359 3688 1358 3688 1360 3688 1359 3689 1360 3690 1361 3691 1361 3692 1360 3692 1211 3692 1198 3693 1197 3693 1362 3693 1362 3694 1197 3694 1363 3694 1362 3695 1363 3695 1364 3695 1364 3696 1363 3697 1365 3698 1364 3699 1365 3699 1366 3699 1366 3700 1365 3700 1367 3701 1366 3702 1367 3702 1368 3702 1368 3703 1367 3703 1369 3703 1368 3704 1369 3704 1370 3704 1370 3705 1369 3706 1371 3706 1370 3707 1371 3708 1372 3707 1372 3709 1371 3709 1210 3709 1079 3710 1080 3710 1252 3710 1252 3711 1080 3711 1082 3711 1252 3712 1082 3712 1250 3712 1250 3713 1082 3714 1091 3715 1250 3716 1091 3716 1251 3716 1251 3717 1091 3717 1090 3717 1077 3718 1079 3719 1255 3720 1255 3721 1079 3721 1252 3721 1255 3722 1252 3722 1257 3722 1257 3723 1252 3723 1253 3723 1257 3724 1253 3725 1259 3726 1259 3727 1253 3727 1254 3727 1259 3728 1254 3728 1261 3728 1228 3729 1074 3729 1255 3729 1255 3730 1074 3731 1076 3732 1255 3733 1076 3734 1077 3735 1070 3736 1069 3737 1373 3737 1373 3738 1069 3738 1228 3738 1373 3739 1228 3739 1374 3739 1374 3740 1228 3741 1256 3742 1374 3743 1256 3744 1375 3745 1375 3746 1256 3747 1258 3748 1375 3749 1258 3749 1376 3749 1376 3750 1258 3751 1260 3751 1376 3752 1260 3752 1377 3752 1377 3753 1260 3754 1262 3753 1377 3755 1262 3756 1378 3757 1155 3758 1160 3758 1378 3758 1378 3759 1160 3759 1263 3759 1378 3760 1263 3761 1377 3762 1377 3763 1263 3763 1265 3764 1377 3765 1265 3766 1376 3767 1376 3768 1265 3768 1267 3768 1376 3769 1267 3769 1375 3769 1375 3770 1267 3770 1269 3770 1375 2237 1269 2237 1374 2237 1374 3771 1269 3771 1271 3771 1374 3772 1271 3772 1373 3772 1373 3773 1271 3773 1273 3773 1373 3774 1273 3775 1070 3776 1070 3777 1273 3778 1072 3779 1227 3780 1067 3780 1273 3780 1273 3781 1067 3782 1073 3781 1273 3783 1073 3784 1072 3785 1064 3786 1068 3786 1379 3786 1379 3787 1068 3787 1227 3787 1379 3788 1227 3788 1380 3788 1380 3789 1227 3789 1272 3789 1380 3790 1272 3791 1381 3791 1381 3792 1272 3793 1270 3793 1381 3794 1270 3795 1382 3796 1382 3797 1270 3797 1268 3797 1382 3798 1268 3798 1383 3799 1383 3800 1268 3801 1266 3801 1383 3802 1266 3803 1384 3802 1384 3804 1266 3805 1264 3806 1384 3807 1264 3807 1158 3807 1158 3808 1264 3808 1159 3808 1158 2276 1163 2276 1384 2276 1384 3809 1163 3809 1385 3809 1384 3810 1385 3810 1383 3810 1383 3811 1385 3811 1386 3811 1383 3812 1386 3812 1382 3812 1382 3813 1386 3814 1387 3813 1382 3815 1387 3815 1381 3815 1381 3816 1387 3816 1388 3816 1381 3817 1388 3817 1380 3817 1380 3818 1388 3818 1389 3818 1380 3819 1389 3819 1379 3819 1379 3820 1389 3821 1390 3822 1379 3823 1390 3823 1064 3823 1064 3824 1390 3825 1065 3824 1163 3826 1162 3826 1385 3826 1385 3827 1162 3827 1274 3827 1385 3828 1274 3828 1386 3828 1386 3829 1274 3829 1276 3829 1386 3830 1276 3830 1387 3830 1387 3831 1276 3831 1278 3831 1387 3832 1278 3832 1388 3832 1388 3833 1278 3833 1280 3833 1388 3834 1280 3835 1389 3835 1389 3836 1280 3837 1282 3838 1389 3839 1282 3839 1390 3839 1390 3840 1282 3840 1284 3840 1390 3841 1284 3841 1065 3842 1065 3843 1284 3843 1061 3843 1226 3844 1058 3845 1284 3846 1284 3847 1058 3847 1062 3847 1284 3848 1062 3848 1061 3848 1056 3849 1059 3850 1391 3851 1391 3852 1059 3853 1226 3854 1391 3855 1226 3855 1392 3855 1392 3856 1226 3856 1283 3856 1392 3857 1283 3858 1393 3859 1393 3860 1283 3860 1281 3861 1393 3862 1281 3863 1394 3864 1394 3865 1281 3865 1279 3865 1394 3866 1279 3867 1395 3867 1395 3868 1279 3868 1277 3868 1395 3869 1277 3869 1396 3869 1396 3870 1277 3870 1275 3870 1396 3871 1275 3871 1166 3871 1166 3872 1275 3872 1161 3872 1166 3873 1165 3873 1396 3873 1396 3874 1165 3874 1397 3874 1396 3875 1397 3876 1395 3876 1395 3877 1397 3878 1398 3879 1395 3880 1398 3880 1394 3880 1394 3881 1398 3881 1399 3881 1394 3882 1399 3883 1393 3884 1393 3885 1399 3885 1400 3885 1393 3886 1400 3887 1392 3888 1392 3889 1400 3889 1401 3889 1392 3890 1401 3890 1391 3890 1391 3891 1401 3891 1225 3891 1391 3892 1225 3892 1056 3892 1056 3893 1225 3894 1054 3895 1051 3896 1053 3897 1224 3898 1224 3899 1053 3900 1225 3901 1224 3902 1225 3902 1402 3902 1402 3903 1225 3903 1401 3903 1402 3904 1401 3904 1403 3904 1403 3905 1401 3905 1400 3905 1403 3906 1400 3906 1404 3906 1404 3907 1400 3907 1399 3907 1404 3908 1399 3908 1405 3908 1405 3909 1399 3910 1398 3911 1405 3912 1398 3913 1406 3914 1406 3915 1398 3916 1397 3917 1406 3918 1397 3918 1164 3918 1164 3919 1397 3919 1165 3919 1048 3920 1050 3920 1223 3920 1223 3921 1050 3921 1224 3921 1223 3922 1224 3922 1407 3922 1407 3923 1224 3924 1402 3925 1407 3926 1402 3927 1408 3926 1408 3928 1402 3928 1403 3928 1408 3929 1403 3929 1409 3929 1409 3930 1403 3930 1404 3930 1409 3931 1404 3932 1410 3933 1410 3934 1404 3934 1405 3934 1410 3935 1405 3935 1411 3935 1411 3936 1405 3936 1406 3936 1411 3937 1406 3937 1169 3937 1169 3938 1406 3938 1164 3938 1044 3939 1043 3940 1412 3941 1412 3942 1043 3943 1223 3944 1412 3945 1223 3945 1413 3945 1413 3946 1223 3946 1407 3946 1413 3947 1407 3947 1414 3947 1414 3948 1407 3949 1408 3949 1414 3950 1408 3950 1415 3950 1415 3951 1408 3952 1409 3952 1415 3953 1409 3953 1416 3953 1416 3954 1409 3955 1410 3956 1416 3957 1410 3957 1417 3957 1417 3958 1410 3958 1411 3958 1417 3959 1411 3959 1168 3959 1168 3960 1411 3960 1169 3960 1168 3961 1167 3961 1417 3961 1417 3962 1167 3962 1285 3962 1417 3963 1285 3964 1416 3965 1416 3966 1285 3967 1287 3968 1416 3969 1287 3969 1415 3969 1415 3970 1287 3970 1289 3970 1415 3971 1289 3971 1414 3971 1414 3972 1289 3972 1291 3972 1414 3973 1291 3974 1413 3975 1413 3976 1291 3977 1293 3978 1413 3979 1293 3979 1412 3979 1412 3980 1293 3980 1295 3980 1412 3981 1295 3982 1044 3983 1044 3984 1295 3984 1046 3984 1222 3985 1041 3985 1295 3985 1295 3986 1041 3986 1047 3986 1295 3987 1047 3987 1046 3988 1039 3989 1042 3989 1418 3989 1418 3990 1042 3991 1222 3992 1418 3993 1222 3993 1419 3993 1419 3994 1222 3994 1294 3995 1419 3996 1294 3997 1420 3998 1420 3999 1294 3999 1292 3999 1420 4000 1292 4001 1421 4001 1421 4002 1292 4003 1290 4004 1421 4005 1290 4005 1422 4005 1422 4006 1290 4006 1288 4006 1422 4007 1288 4007 1423 4007 1423 4008 1288 4009 1286 4010 1423 4011 1286 4011 1171 4011 1171 4012 1286 4012 1172 4012 1171 4013 1170 4013 1423 4013 1423 4014 1170 4014 1424 4014 1423 4015 1424 4015 1422 4015 1422 4016 1424 4016 1425 4016 1422 4017 1425 4017 1421 4017 1421 4018 1425 4018 1426 4018 1421 4019 1426 4019 1420 4019 1420 4020 1426 4020 1427 4020 1420 4021 1427 4021 1419 4021 1419 4022 1427 4023 1428 4024 1419 4025 1428 4025 1418 4025 1418 4026 1428 4026 1221 4026 1418 4027 1221 4027 1039 4027 1039 4028 1221 4028 1037 4028 1034 4029 1036 4030 1306 4031 1306 4032 1036 4032 1221 4032 1306 4033 1221 4033 1304 4033 1304 4034 1221 4034 1428 4034 1304 4035 1428 4036 1302 4037 1302 4038 1428 4039 1427 4040 1302 4041 1427 4042 1300 4042 1300 4043 1427 4043 1426 4043 1300 4044 1426 4044 1298 4044 1298 4045 1426 4046 1425 4047 1298 4048 1425 4049 1296 4050 1296 4051 1425 4052 1424 4051 1296 931 1424 931 1175 931 1175 4053 1424 4053 1170 4053 1220 4054 1031 4054 1306 4054 1306 4055 1031 4056 1033 4055 1306 4057 1033 4057 1034 4057 1027 4058 1026 4058 1429 4058 1429 4059 1026 4059 1220 4059 1429 4060 1220 4060 1430 4060 1430 4061 1220 4062 1305 4063 1430 4064 1305 4064 1431 4064 1431 4065 1305 4065 1303 4065 1431 4066 1303 4066 1432 4066 1432 4067 1303 4067 1301 4067 1432 4068 1301 4068 1433 4069 1433 4070 1301 4071 1299 4071 1433 4072 1299 4072 1434 4072 1434 4073 1299 4073 1297 4073 1434 4074 1297 4074 1173 4074 1173 4075 1297 4075 1174 4075 1173 4076 1178 4076 1434 4076 1434 4077 1178 4077 1307 4077 1434 4078 1307 4079 1433 4080 1433 4081 1307 4081 1309 4081 1433 4082 1309 4083 1432 4084 1432 4085 1309 4085 1311 4085 1432 4086 1311 4087 1431 4086 1431 4088 1311 4088 1313 4088 1431 4089 1313 4089 1430 4089 1430 4090 1313 4091 1315 4090 1430 4092 1315 4092 1429 4092 1429 4093 1315 4093 1317 4094 1429 4095 1317 4095 1027 4095 1027 4096 1317 4097 1029 4096 1219 4098 1024 4099 1317 4100 1317 4101 1024 4101 1030 4101 1317 4102 1030 4103 1029 4104 1022 4105 1025 4106 1435 4107 1435 4108 1025 4108 1219 4108 1435 4109 1219 4109 1436 4109 1436 4110 1219 4110 1316 4110 1436 4111 1316 4111 1437 4111 1437 4112 1316 4112 1314 4112 1437 4113 1314 4113 1438 4113 1438 4114 1314 4114 1312 4114 1438 4115 1312 4115 1439 4115 1439 4116 1312 4117 1310 4118 1439 4119 1310 4120 1440 4119 1440 4121 1310 4121 1308 4121 1440 4122 1308 4122 1176 4122 1176 4123 1308 4123 1177 4123 1176 4124 1181 4124 1440 4124 1440 4125 1181 4125 1441 4125 1440 4126 1441 4127 1439 4128 1439 4129 1441 4130 1442 4131 1439 4132 1442 4133 1438 4134 1438 4135 1442 4136 1443 4137 1438 4138 1443 4138 1437 4138 1437 2638 1443 2638 1444 2638 1437 4139 1444 4139 1436 4139 1436 4140 1444 4141 1445 4142 1436 4143 1445 4143 1435 4143 1435 4144 1445 4145 1446 4146 1435 4147 1446 4147 1022 4147 1022 2647 1446 2647 1147 2647 1181 4148 1180 4148 1441 4148 1441 4149 1180 4149 1318 4149 1441 4150 1318 4151 1442 4152 1442 4153 1318 4154 1320 4155 1442 4156 1320 4157 1443 4158 1443 4159 1320 4160 1322 4161 1443 4162 1322 4162 1444 4162 1444 4163 1322 4164 1324 4165 1444 4166 1324 4166 1445 4166 1445 4167 1324 4167 1326 4167 1445 4168 1326 4169 1446 4170 1446 4171 1326 4171 1328 4171 1446 2664 1328 2664 1147 2664 1147 4172 1328 4172 1148 4172 1218 4173 1145 4174 1328 4175 1328 4176 1145 4177 1149 4178 1328 4179 1149 4180 1148 4181 1143 4182 1146 4183 1447 4184 1447 4185 1146 4185 1218 4185 1447 4186 1218 4187 1448 4186 1448 4188 1218 4188 1327 4188 1448 4189 1327 4190 1449 4189 1449 4191 1327 4191 1325 4192 1449 4193 1325 4193 1450 4193 1450 4194 1325 4194 1323 4194 1450 4195 1323 4195 1451 4195 1451 4196 1323 4197 1321 4198 1451 4199 1321 4200 1452 4201 1452 4202 1321 4203 1319 4204 1452 2698 1319 2698 1184 2698 1184 4205 1319 4205 1179 4205 1184 4206 1183 4206 1452 4206 1452 4207 1183 4207 1453 4207 1452 2702 1453 2702 1451 2702 1451 4208 1453 4209 1454 4208 1451 4210 1454 4211 1450 4212 1450 4213 1454 4214 1455 4215 1450 4216 1455 4216 1449 4216 1449 4217 1455 4217 1456 4217 1449 4218 1456 4219 1448 4220 1448 4221 1456 4222 1457 4223 1448 4224 1457 4225 1447 4226 1447 4227 1457 4227 1217 4227 1447 4228 1217 4229 1143 4230 1143 4231 1217 4232 1141 4233 1138 4234 1140 4235 1216 4236 1216 4237 1140 4237 1217 4237 1216 4238 1217 4239 1458 4240 1458 4241 1217 4241 1457 4242 1458 4243 1457 4243 1459 4243 1459 4244 1457 4244 1456 4244 1459 4245 1456 4245 1460 4245 1460 4246 1456 4246 1455 4246 1460 4247 1455 4248 1461 4249 1461 4250 1455 4251 1454 4252 1461 4253 1454 4254 1462 4254 1462 4255 1454 4256 1453 4257 1462 4258 1453 4258 1182 4258 1182 4259 1453 4259 1183 4259 1135 4260 1137 4261 1215 4262 1215 4263 1137 4264 1216 4265 1215 4266 1216 4266 1463 4266 1463 4267 1216 4268 1458 4269 1463 4270 1458 4270 1464 4271 1464 4272 1458 4273 1459 4273 1464 4274 1459 4274 1465 4274 1465 4275 1459 4275 1460 4275 1465 4276 1460 4277 1466 4276 1466 4278 1460 4278 1461 4279 1466 4280 1461 4281 1467 4281 1467 4282 1461 4283 1462 4283 1467 4284 1462 4284 1187 4284 1187 4285 1462 4285 1182 4285 1131 4286 1130 4286 1468 4286 1468 4287 1130 4287 1215 4287 1468 4288 1215 4288 1469 4288 1469 4289 1215 4289 1463 4289 1469 4290 1463 4290 1470 4290 1470 4291 1463 4291 1464 4291 1470 4292 1464 4292 1471 4292 1471 4293 1464 4293 1465 4293 1471 4294 1465 4295 1472 4296 1472 4297 1465 4298 1466 4299 1472 4300 1466 4301 1473 4302 1473 4303 1466 4304 1467 4305 1473 4306 1467 4306 1186 4306 1186 4307 1467 4307 1187 4307 1186 4308 1185 4308 1473 4308 1473 4309 1185 4309 1329 4309 1473 4310 1329 4311 1472 4312 1472 4313 1329 4314 1331 4314 1472 4315 1331 4316 1471 4316 1471 4317 1331 4318 1333 4319 1471 4320 1333 4320 1470 4320 1470 4321 1333 4321 1335 4321 1470 4322 1335 4322 1469 4322 1469 4323 1335 4323 1337 4324 1469 4325 1337 4325 1468 4325 1468 4326 1337 4327 1339 4327 1468 4328 1339 4328 1131 4328 1131 4329 1339 4329 1133 4329 1214 4330 1128 4331 1339 4332 1339 4333 1128 4334 1134 4335 1339 4336 1134 4336 1133 4336 1126 4337 1129 4337 1474 4337 1474 4338 1129 4338 1214 4338 1474 4339 1214 4339 1475 4339 1475 4340 1214 4340 1338 4341 1475 4342 1338 4342 1476 4342 1476 4343 1338 4343 1336 4343 1476 4344 1336 4344 1477 4344 1477 4345 1336 4346 1334 4347 1477 4348 1334 4348 1478 4348 1478 4349 1334 4349 1332 4349 1478 4350 1332 4350 1479 4350 1479 4351 1332 4352 1330 4353 1479 4354 1330 4354 1189 4354 1189 4355 1330 4355 1190 4355 1189 4356 1188 4356 1479 4356 1479 4357 1188 4357 1480 4357 1479 4358 1480 4359 1478 4360 1478 4361 1480 4361 1481 4361 1478 4362 1481 4362 1477 4362 1477 4363 1481 4363 1482 4363 1477 4364 1482 4364 1476 4364 1476 4365 1482 4365 1483 4365 1476 4366 1483 4366 1475 4366 1475 4367 1483 4368 1484 4369 1475 4370 1484 4370 1474 4370 1474 4371 1484 4371 1213 4371 1474 4372 1213 4372 1126 4372 1126 4373 1213 4374 1124 4375 1121 4376 1123 4377 1350 4378 1350 4379 1123 4380 1213 4381 1350 4382 1213 4383 1348 4384 1348 4385 1213 4385 1484 4385 1348 4386 1484 4386 1346 4387 1346 4388 1484 4388 1483 4388 1346 4389 1483 4389 1344 4389 1344 4390 1483 4390 1482 4390 1344 4391 1482 4392 1342 4393 1342 4394 1482 4394 1481 4394 1342 4395 1481 4396 1340 4397 1340 4398 1481 4399 1480 4400 1340 4401 1480 4401 1193 4401 1193 4402 1480 4402 1188 4402 1212 4403 1118 4403 1350 4403 1350 4404 1118 4405 1120 4406 1350 4407 1120 4408 1121 4409 1114 4410 1113 4410 1485 4410 1485 4411 1113 4411 1212 4411 1485 4412 1212 4412 1486 4412 1486 4413 1212 4414 1349 4415 1486 4416 1349 4416 1487 4416 1487 4417 1349 4417 1347 4417 1487 4418 1347 4418 1488 4418 1488 4419 1347 4419 1345 4419 1488 4420 1345 4421 1489 4422 1489 4423 1345 4424 1343 4425 1489 4426 1343 4427 1490 4428 1490 4429 1343 4430 1341 4431 1490 4432 1341 4432 1191 4432 1191 4433 1341 4433 1192 4433 1191 4434 1196 4434 1490 4434 1490 4435 1196 4435 1351 4435 1490 4436 1351 4437 1489 4438 1489 4439 1351 4440 1353 4441 1489 4442 1353 4443 1488 4444 1488 4445 1353 4446 1355 4447 1488 4448 1355 4448 1487 4449 1487 4450 1355 4450 1357 4450 1487 4451 1357 4451 1486 4451 1486 4452 1357 4452 1359 4453 1486 4454 1359 4454 1485 4454 1485 4455 1359 4456 1361 4457 1485 4458 1361 4458 1114 4458 1114 4459 1361 4459 1116 4459 1211 4460 1111 4460 1361 4460 1361 4461 1111 4462 1117 4463 1361 4464 1117 4465 1116 4466 1108 4467 1112 4468 1491 4469 1491 4470 1112 4470 1211 4470 1491 4471 1211 4471 1492 4472 1492 4473 1211 4473 1360 4473 1492 4474 1360 4474 1493 4474 1493 4475 1360 4475 1358 4476 1493 4477 1358 4477 1494 4477 1494 4478 1358 4478 1356 4478 1494 4479 1356 4479 1495 4479 1495 4480 1356 4480 1354 4480 1495 4481 1354 4481 1496 4481 1496 4482 1354 4482 1352 4482 1496 4483 1352 4483 1194 4483 1194 4484 1352 4484 1195 4484 1194 4485 1199 4485 1496 4485 1496 4486 1199 4486 1497 4486 1496 4487 1497 4487 1495 4488 1495 4489 1497 4489 1498 4490 1495 4491 1498 4491 1494 4491 1494 4492 1498 4492 1499 4492 1494 4493 1499 4493 1493 4493 1493 4494 1499 4494 1500 4494 1493 4495 1500 4495 1492 4495 1492 4496 1500 4496 1501 4496 1492 4497 1501 4497 1491 4497 1491 4498 1501 4498 1502 4498 1491 4499 1502 4500 1108 4499 1108 4501 1502 4501 1109 4501 1199 4502 1198 4502 1497 4502 1497 4503 1198 4503 1362 4503 1497 4504 1362 4504 1498 4504 1498 4505 1362 4506 1364 4507 1498 4508 1364 4508 1499 4508 1499 4509 1364 4510 1366 4511 1499 4512 1366 4512 1500 4512 1500 4513 1366 4513 1368 4513 1500 4514 1368 4514 1501 4514 1501 4515 1368 4516 1370 4517 1501 4518 1370 4518 1502 4518 1502 4519 1370 4520 1372 4521 1502 4522 1372 4522 1109 4522 1109 4523 1372 4523 1105 4523 1210 4524 1102 4524 1372 4524 1372 4525 1102 4526 1106 4527 1372 4528 1106 4528 1105 4528 1100 4529 1103 4530 1503 4531 1503 4532 1103 4532 1210 4532 1503 4533 1210 4533 1504 4533 1504 4534 1210 4534 1371 4534 1504 3021 1371 3022 1505 3023 1505 4535 1371 4535 1369 4535 1505 4536 1369 4536 1506 4536 1506 4537 1369 4537 1367 4537 1506 4538 1367 4539 1507 4540 1507 4541 1367 4541 1365 4541 1507 4542 1365 4543 1508 4542 1508 4544 1365 4545 1363 4546 1508 1452 1363 1452 1202 1452 1202 4547 1363 4547 1197 4547 1202 4548 1201 4548 1508 4548 1508 4549 1201 4549 1509 4549 1508 4550 1509 4551 1507 4552 1507 4553 1509 4554 1510 4554 1507 4555 1510 4556 1506 4557 1506 4558 1510 4559 1511 4560 1506 4561 1511 4561 1505 4561 1505 4562 1511 4562 1512 4562 1505 4563 1512 4564 1504 4565 1504 4566 1512 4566 1513 4566 1504 4567 1513 4567 1503 4567 1503 4568 1513 4569 1209 4569 1503 4570 1209 4571 1100 4572 1100 4573 1209 4573 1098 4573 1095 4574 1097 4574 1208 4574 1208 4575 1097 4575 1209 4575 1208 4576 1209 4576 1514 4576 1514 4577 1209 4578 1513 4579 1514 4580 1513 4580 1515 4580 1515 4581 1513 4582 1512 4582 1515 4583 1512 4583 1516 4583 1516 4584 1512 4585 1511 4585 1516 4586 1511 4586 1517 4586 1517 4587 1511 4587 1510 4587 1517 4588 1510 4588 1518 4588 1518 4589 1510 4589 1509 4589 1518 4590 1509 4590 1200 4590 1200 4591 1509 4591 1201 4591 1092 4592 1094 4592 1207 4592 1207 4593 1094 4593 1208 4593 1207 4594 1208 4594 1519 4595 1519 4596 1208 4597 1514 4597 1519 4598 1514 4598 1520 4598 1520 4599 1514 4600 1515 4599 1520 4601 1515 4601 1521 4601 1521 4602 1515 4602 1516 4602 1521 4603 1516 4603 1522 4603 1522 4604 1516 4604 1517 4605 1522 4606 1517 4607 1523 4608 1523 4609 1517 4609 1518 4609 1523 4610 1518 4610 1204 4610 1204 4611 1518 4611 1200 4611 1084 4612 1083 4613 1524 4612 1524 4614 1083 4615 1207 4616 1524 4617 1207 4617 1525 4618 1525 4619 1207 4619 1519 4619 1525 4620 1519 4620 1526 4620 1526 4621 1519 4621 1520 4621 1526 4622 1520 4622 1527 4622 1527 4623 1520 4623 1521 4623 1527 4624 1521 4625 1528 4626 1528 4627 1521 4628 1522 4629 1528 4630 1522 4631 1529 4632 1529 4633 1522 4634 1523 4635 1529 4636 1523 4636 1203 4636 1203 4637 1523 4637 1204 4637 1203 4638 1154 4638 1529 4638 1529 4639 1154 4639 1244 4639 1529 4640 1244 4641 1528 4642 1528 4643 1244 4644 1245 4645 1528 4646 1245 4647 1527 4648 1527 4649 1245 4650 1246 4651 1527 4652 1246 4652 1526 4652 1526 4653 1246 4653 1247 4653 1526 4654 1247 4654 1525 4654 1525 4655 1247 4655 1248 4655 1525 4656 1248 4657 1524 4656 1524 4658 1248 4658 1206 4658 1524 4659 1206 4660 1084 4661 1084 4662 1206 4663 1086 4664 1155 4665 1378 4665 1229 4665 1229 4666 1378 4666 1262 4666 1229 4667 1262 4667 1231 4667 1231 4668 1262 4669 1261 4670 1231 4671 1261 4672 1234 4673 1234 4674 1261 4674 1254 4674 1234 4675 1254 4676 1238 4677 1238 4678 1254 4678 1249 4678 1238 4679 1249 4679 1243 4679 1243 4680 1249 4680 1251 4680 1243 4681 1251 4682 1206 4683 1206 4684 1251 4684 1090 4684 1206 3181 1090 3181 1088 3181 1530 4685 1531 4685 1532 4685 1533 4686 1534 4686 1531 4686 1531 4687 1534 4687 1535 4687 1531 4688 1535 4688 1532 4688 1536 4689 1537 4689 1538 4689 1538 4690 1537 4690 1539 4690 1538 4691 1539 4691 1533 4691 1533 4692 1539 4692 1540 4692 1533 4693 1540 4693 1534 4693 1536 4694 1538 4694 1541 4694 1541 12 1538 12 1542 12 1541 4695 1542 4696 1543 4697 1543 4698 1542 4699 1544 4700 1544 4701 1542 4701 1545 4701 1544 4702 1545 4702 1546 4702 1546 4703 1545 4703 1547 4703 1547 4704 1545 4704 1548 4704 1547 4705 1548 4705 1549 4705 1550 4706 1551 4706 1548 4706 1548 4707 1551 4707 1552 4707 1548 4708 1552 4708 1549 4708 1553 4709 1554 4710 1555 4711 1555 4712 1554 4712 1556 4712 1555 4713 1556 4713 1550 4713 1550 4714 1556 4714 1557 4714 1550 4715 1557 4715 1551 4715 1553 4716 1555 4717 1558 4718 1558 4719 1555 4719 1559 4719 1558 4720 1559 4720 1560 4720 1560 4721 1559 4721 1561 4721 1561 4722 1559 4722 1562 4722 1561 4723 1562 4723 1563 4723 1563 4724 1562 4724 1564 4724 1564 4725 1562 4725 1565 4725 1564 4726 1565 4726 1566 4726 1567 4727 1568 4727 1565 4727 1565 4728 1568 4728 1569 4728 1565 4729 1569 4730 1566 4731 1570 4732 1571 4733 1567 4734 1567 4735 1571 4735 1572 4735 1567 4736 1572 4736 1568 4736 1573 4737 1574 4737 1570 4737 1570 4738 1574 4738 1575 4738 1570 4739 1575 4739 1571 4739 1576 4740 1577 4740 1573 4740 1573 4741 1577 4741 1578 4741 1573 4742 1578 4742 1574 4742 1579 4743 1580 4743 1581 4743 1581 4744 1580 4744 1582 4744 1581 4745 1582 4745 1576 4745 1576 4746 1582 4747 1583 4748 1576 4749 1583 4750 1577 4751 1579 4752 1581 4752 1584 4752 1584 4753 1581 4753 1585 4753 1584 4754 1585 4754 1586 4754 1586 4755 1585 4755 1587 4755 1587 4756 1585 4756 1588 4756 1587 4757 1588 4757 1589 4757 1589 4758 1588 4759 1590 4760 1590 4761 1588 4761 1591 4761 1590 4762 1591 4762 1592 4762 1593 4763 1594 4764 1595 4765 1595 4766 1594 4766 1596 4766 1595 4767 1596 4768 1597 4769 1597 4770 1596 4771 1598 4772 1597 4773 1598 4774 1599 4775 1599 98 1598 98 1600 98 1599 99 1600 99 1591 99 1591 4776 1600 4776 1601 4776 1591 4777 1601 4778 1592 4779 1593 4780 1595 4780 1602 4780 1602 4781 1595 4781 1603 4781 1602 4782 1603 4782 1604 4782 1604 4783 1603 4784 1605 4785 1605 4786 1603 4786 1606 4786 1605 4787 1606 4787 1607 4787 1607 4788 1606 4789 1608 4790 1608 4791 1606 4791 1609 4791 1608 4792 1609 4792 1610 4792 1611 4793 1612 4793 1609 4793 1609 4794 1612 4794 1613 4794 1609 4795 1613 4796 1610 4797 1614 4798 1615 4798 1611 4798 1611 4799 1615 4799 1616 4799 1611 4800 1616 4800 1612 4800 1617 4801 1618 4801 1614 4801 1614 4802 1618 4802 1619 4802 1614 4803 1619 4803 1615 4803 1620 4804 1621 4804 1617 4804 1617 4805 1621 4805 1622 4805 1617 4806 1622 4807 1618 4808 1623 4809 1624 4809 1625 4809 1625 4810 1624 4810 1626 4810 1625 4811 1626 4811 1620 4811 1620 4812 1626 4813 1627 4814 1620 4815 1627 4815 1621 4815 1623 4816 1625 4816 1628 4816 1628 4817 1625 4817 1629 4817 1628 4818 1629 4818 1630 4818 1630 4819 1629 4820 1631 4821 1631 4822 1629 4822 1632 4822 1631 4823 1632 4824 1633 4825 1633 4826 1632 4827 1634 4828 1634 4829 1632 4829 1635 4829 1634 4830 1635 4830 1636 4830 1637 4831 1638 4831 1635 4831 1635 4832 1638 4832 1639 4832 1635 4833 1639 4833 1636 4833 1640 4834 1641 4834 1642 4834 1642 4835 1641 4835 1643 4835 1642 4836 1643 4836 1637 4836 1637 4837 1643 4838 1644 4839 1637 4840 1644 4840 1638 4840 1640 4841 1642 4841 1645 4841 1645 4842 1642 4842 1646 4842 1645 4843 1646 4843 1647 4843 1647 4844 1646 4844 1648 4844 1648 165 1646 165 1649 165 1648 4845 1649 4846 1650 4847 1650 4848 1649 4848 1651 4848 1651 4849 1649 4849 1652 4849 1651 4850 1652 4850 1653 4850 1654 4851 1655 4851 1652 4851 1652 4852 1655 4852 1656 4852 1652 4853 1656 4854 1653 4855 1532 175 1657 175 1530 175 1530 176 1657 176 1658 176 1530 4856 1658 4856 1654 4856 1654 4857 1658 4857 1659 4857 1654 4858 1659 4858 1655 4858 1660 4859 1661 4859 1662 4859 1662 181 1661 181 1663 181 1662 181 1663 181 1664 181 1665 181 1666 181 1662 181 1662 207 1666 207 1667 207 1662 206 1667 206 1660 206 1668 181 1669 181 1662 181 1662 205 1669 205 1670 205 1662 181 1670 181 1665 181 1671 181 1672 181 1662 181 1662 204 1672 204 1673 204 1662 203 1673 203 1668 203 1674 181 1675 181 1662 181 1662 202 1675 202 1676 202 1662 201 1676 201 1671 201 1677 181 1678 181 1662 181 1662 200 1678 200 1679 200 1662 199 1679 199 1674 199 1680 181 1681 181 1662 181 1662 198 1681 198 1682 198 1662 197 1682 197 1677 197 1683 181 1684 181 1662 181 1662 181 1684 181 1685 181 1662 196 1685 196 1680 196 1686 181 1687 181 1662 181 1662 195 1687 195 1688 195 1662 194 1688 194 1683 194 1689 4860 1690 4860 1662 4860 1662 181 1690 181 1691 181 1662 181 1691 181 1686 181 1692 181 1693 181 1662 181 1662 181 1693 181 1694 181 1662 181 1694 181 1689 181 1695 181 1696 181 1662 181 1662 192 1696 192 1697 192 1662 181 1697 181 1692 181 1698 4861 1699 4861 1662 4861 1662 191 1699 191 1700 191 1662 190 1700 190 1695 190 1701 181 1702 181 1662 181 1662 189 1702 189 1703 189 1662 188 1703 188 1698 188 1704 181 1705 181 1662 181 1662 187 1705 187 1706 187 1662 186 1706 186 1701 186 1707 181 1708 181 1662 181 1662 185 1708 185 1709 185 1662 184 1709 184 1704 184 1710 181 1711 181 1662 181 1662 181 1711 181 1712 181 1662 182 1712 182 1707 182 1664 181 1713 181 1662 181 1662 181 1713 181 1714 181 1662 181 1714 181 1710 181 1599 208 1591 208 1715 208 1603 4862 1595 4862 1715 4862 1715 208 1595 208 1597 208 1715 208 1597 208 1599 208 1611 208 1609 208 1715 208 1715 4863 1609 4863 1606 4863 1715 235 1606 235 1603 235 1620 208 1617 208 1715 208 1715 4864 1617 4864 1614 4864 1715 233 1614 233 1611 233 1632 208 1629 208 1715 208 1715 4865 1629 4865 1625 4865 1715 230 1625 230 1620 230 1642 4866 1637 4866 1715 4866 1715 4867 1637 4867 1635 4867 1715 227 1635 227 1632 227 1652 208 1649 208 1715 208 1715 4868 1649 4868 1646 4868 1715 225 1646 225 1642 225 1531 208 1530 208 1715 208 1715 208 1530 208 1654 208 1715 208 1654 208 1652 208 1542 208 1538 208 1715 208 1715 208 1538 208 1533 208 1715 222 1533 222 1531 222 1550 208 1548 208 1715 208 1715 4869 1548 4869 1545 4869 1715 221 1545 221 1542 221 1562 4870 1559 4870 1715 4870 1715 4871 1559 4871 1555 4871 1715 219 1555 219 1550 219 1570 4872 1567 4872 1715 4872 1715 4873 1567 4873 1565 4873 1715 216 1565 216 1562 216 1581 208 1576 208 1715 208 1715 4874 1576 4874 1573 4874 1715 213 1573 213 1570 213 1591 4875 1588 4875 1715 4875 1715 208 1588 208 1585 208 1715 208 1585 208 1581 208 1598 236 1596 236 1716 236 1593 4876 1602 4877 1717 4877 1604 4878 1605 4878 1718 4878 1607 4879 1608 4880 1719 4881 1613 4882 1612 4882 1720 4882 1622 4883 1621 4884 1721 4885 1623 4886 1628 4886 1722 4886 1633 4887 1634 4888 1723 4889 1639 4890 1638 4890 1724 4890 1640 4891 1645 4892 1725 4893 1647 4894 1648 4895 1726 4896 1650 4897 1651 4897 1727 4897 1656 4898 1655 4899 1728 4900 1535 4901 1534 4902 1729 4903 1536 4904 1541 4904 1730 4904 1546 4905 1547 4906 1731 4907 1552 4908 1551 4908 1732 4908 1553 4909 1558 4909 1733 4909 1560 4910 1561 4911 1734 4912 1563 4913 1564 4914 1735 4915 1569 4916 1568 4917 1736 4918 1578 4919 1577 4919 1737 4920 1579 4921 1584 4921 1738 4921 1739 4922 1666 4922 1665 4922 1667 4923 1666 4923 1740 4923 1740 4924 1666 4924 1739 4924 1740 287 1739 287 1741 287 1660 4925 1667 4925 1742 4925 1742 4926 1667 4926 1740 4926 1742 4927 1740 4928 1743 4929 1743 4930 1740 4930 1741 4930 1743 4931 1741 4932 1744 4933 1661 4934 1660 4934 1745 4934 1745 4935 1660 4935 1742 4935 1745 4936 1742 4936 1746 4936 1746 4937 1742 4938 1743 4939 1746 4940 1743 4940 1747 4940 1747 4941 1743 4942 1744 4943 1747 4944 1744 4944 1748 4944 1663 4945 1661 4945 1749 4945 1749 4946 1661 4946 1745 4946 1749 4947 1745 4948 1750 4949 1750 4950 1745 4950 1746 4950 1750 4951 1746 4951 1751 4951 1751 4952 1746 4953 1747 4954 1751 4955 1747 4955 1752 4955 1752 4956 1747 4956 1748 4956 1752 4957 1748 4957 1753 4957 1664 4958 1663 4958 1754 4958 1754 4959 1663 4959 1749 4959 1754 4960 1749 4961 1755 4962 1755 4963 1749 4964 1750 4965 1755 4966 1750 4966 1756 4966 1756 4967 1750 4968 1751 4969 1756 4970 1751 4970 1757 4970 1757 346 1751 346 1752 346 1757 4971 1752 4971 1758 4972 1758 4973 1752 4973 1753 4973 1758 4974 1753 4974 1716 4974 1759 4975 1760 4975 1761 4975 1762 4976 1760 4976 1763 4976 1763 4977 1760 4977 1759 4977 1763 4978 1759 4978 1764 4978 1738 4979 1765 4979 1766 4979 1766 4980 1765 4980 1767 4980 1766 4981 1767 4981 1768 4981 1768 4982 1767 4982 1769 4982 1768 4983 1769 4984 1770 4985 1770 4986 1769 4987 1771 4988 1770 4989 1771 4990 1772 4990 1670 4991 1669 4991 1773 4991 1773 4992 1669 4992 1774 4992 1773 4993 1774 4994 1775 4995 1775 4996 1774 4997 1776 4998 1775 4999 1776 5000 1777 5001 1777 5002 1776 5003 1778 5004 1777 5005 1778 5005 1779 5005 1779 5006 1778 5006 1780 5006 1779 3514 1780 3514 1781 3514 1781 5007 1780 5008 1782 5009 1781 5010 1782 5010 1783 5010 1783 5011 1782 5011 1737 5011 1672 5012 1671 5012 1784 5012 1784 5013 1671 5013 1785 5013 1784 5014 1785 5014 1786 5014 1786 5015 1785 5015 1787 5015 1786 5016 1787 5016 1788 5016 1788 5017 1787 5017 1789 5017 1788 5018 1789 5018 1790 5018 1790 5019 1789 5019 1791 5019 1790 5020 1791 5020 1792 5020 1792 5021 1791 5021 1793 5021 1792 5022 1793 5023 1794 5022 1794 5024 1793 5025 1736 5026 1677 5027 1682 5027 1795 5027 1795 5028 1682 5028 1796 5028 1795 5029 1796 5029 1797 5029 1797 5030 1796 5031 1798 5032 1797 5033 1798 5033 1799 5033 1799 5034 1798 5035 1800 5036 1799 5037 1800 5037 1801 5037 1801 5038 1800 5038 1802 5038 1801 5039 1802 5040 1803 5041 1803 5042 1802 5042 1804 5042 1803 3555 1804 3555 1805 3555 1805 5043 1804 5043 1732 5043 1685 5044 1684 5044 1806 5044 1806 5045 1684 5045 1807 5045 1806 5046 1807 5047 1808 5048 1808 5049 1807 5050 1809 5051 1808 5052 1809 5052 1810 5052 1810 5053 1809 5053 1811 5053 1810 5054 1811 5054 1812 5054 1812 5055 1811 5055 1813 5055 1812 5056 1813 5056 1814 5056 1814 5057 1813 5058 1815 5059 1814 5060 1815 5060 1816 5060 1816 5061 1815 5062 1730 5062 1688 5063 1687 5063 1817 5063 1817 5064 1687 5064 1818 5064 1817 5065 1818 5066 1819 5067 1819 5068 1818 5069 1820 5070 1819 5071 1820 5072 1821 5071 1821 5073 1820 5073 1822 5073 1821 5074 1822 5074 1823 5074 1823 5075 1822 5075 1824 5075 1823 5076 1824 5076 1825 5076 1825 5077 1824 5077 1826 5077 1825 5078 1826 5078 1827 5078 1827 5079 1826 5079 1729 5079 1690 5080 1689 5080 1828 5080 1828 5081 1689 5081 1829 5081 1828 5082 1829 5083 1830 5084 1830 5085 1829 5086 1831 5087 1830 5088 1831 5088 1832 5088 1832 5089 1831 5089 1833 5089 1832 5090 1833 5090 1834 5090 1834 5091 1833 5091 1835 5091 1834 5092 1835 5092 1836 5092 1836 5093 1835 5093 1837 5093 1836 5094 1837 5095 1838 5096 1838 5097 1837 5098 1728 5099 1695 485 1700 485 1839 485 1839 5100 1700 5100 1840 5100 1839 5101 1840 5102 1841 5101 1841 5103 1840 5104 1842 5105 1841 5106 1842 5106 1843 5106 1843 5107 1842 5108 1844 5109 1843 5110 1844 5110 1845 5110 1845 5111 1844 5111 1846 5111 1845 5112 1846 5113 1847 5114 1847 5115 1846 5115 1848 5115 1847 5116 1848 5117 1849 5116 1849 5118 1848 5119 1724 5118 1703 5120 1702 5120 1850 5120 1850 5121 1702 5121 1851 5121 1850 5122 1851 5122 1852 5123 1852 5124 1851 5125 1853 5126 1852 5127 1853 5128 1854 5129 1854 5130 1853 5131 1855 5132 1854 5133 1855 5133 1856 5133 1856 5134 1855 5134 1857 5134 1856 5135 1857 5135 1858 5135 1858 5136 1857 5136 1859 5136 1858 5137 1859 5137 1860 5138 1860 5139 1859 5140 1722 5141 1706 5142 1705 5142 1861 5142 1861 5143 1705 5143 1862 5143 1861 5144 1862 5145 1863 5146 1863 5147 1862 5148 1864 5149 1863 5150 1864 5151 1865 5151 1865 5152 1864 5153 1866 5154 1865 5155 1866 5155 1867 5155 1867 5156 1866 5157 1868 5158 1867 5159 1868 5160 1869 5161 1869 5162 1868 5163 1870 5164 1869 5165 1870 5166 1871 5167 1871 5168 1870 5168 1721 5168 1708 5169 1707 5169 1872 5169 1872 5170 1707 5170 1873 5170 1872 5171 1873 5171 1874 5171 1874 5172 1873 5172 1875 5173 1874 5174 1875 5174 1876 5174 1876 5175 1875 5176 1877 5177 1876 5178 1877 5178 1878 5178 1878 5179 1877 5179 1879 5179 1878 5180 1879 5181 1880 5180 1880 5182 1879 5183 1881 5183 1880 5184 1881 5185 1882 5186 1882 5187 1881 5187 1720 5187 1589 5188 1590 5189 1762 5190 1762 5191 1590 5191 1592 5191 1762 5192 1592 5192 1760 5192 1760 5193 1592 5193 1601 5194 1760 5195 1601 5195 1761 5195 1761 5196 1601 5196 1600 5196 1587 5197 1589 5198 1765 5199 1765 5200 1589 5200 1762 5201 1765 5202 1762 5203 1767 5202 1767 5204 1762 5204 1763 5204 1767 5205 1763 5206 1769 5207 1769 5208 1763 5208 1764 5208 1769 5209 1764 5209 1771 5209 1738 5210 1584 5210 1765 5210 1765 5211 1584 5212 1586 5213 1765 5214 1586 5215 1587 5216 1580 5217 1579 5218 1883 5219 1883 5220 1579 5220 1738 5220 1883 5221 1738 5221 1884 5221 1884 5222 1738 5222 1766 5222 1884 5223 1766 5223 1885 5223 1885 5224 1766 5224 1768 5224 1885 5225 1768 5226 1886 5227 1886 5228 1768 5228 1770 5228 1886 5229 1770 5230 1887 5231 1887 5232 1770 5233 1772 5234 1887 5235 1772 5235 1888 5235 1665 5236 1670 5236 1888 5236 1888 5237 1670 5237 1773 5237 1888 5238 1773 5239 1887 5240 1887 5241 1773 5242 1775 5242 1887 5243 1775 5244 1886 5245 1886 5246 1775 5246 1777 5246 1886 5247 1777 5247 1885 5248 1885 5249 1777 5249 1779 5249 1885 620 1779 620 1884 620 1884 5250 1779 5251 1781 5251 1884 5252 1781 5252 1883 5252 1883 5253 1781 5253 1783 5253 1883 5254 1783 5254 1580 5254 1580 5255 1783 5256 1582 5257 1737 5258 1577 5258 1783 5258 1783 5259 1577 5259 1583 5259 1783 5260 1583 5261 1582 5262 1574 5263 1578 5263 1889 5263 1889 5264 1578 5264 1737 5264 1889 5265 1737 5265 1890 5265 1890 5266 1737 5266 1782 5266 1890 5267 1782 5268 1891 5269 1891 5270 1782 5270 1780 5270 1891 5271 1780 5271 1892 5271 1892 5272 1780 5272 1778 5272 1892 5273 1778 5273 1893 5273 1893 5274 1778 5275 1776 5276 1893 5277 1776 5277 1894 5277 1894 5278 1776 5279 1774 5279 1894 5280 1774 5280 1668 5280 1668 5281 1774 5281 1669 5281 1668 659 1673 659 1894 659 1894 5282 1673 5282 1895 5282 1894 5283 1895 5284 1893 5285 1893 5286 1895 5286 1896 5286 1893 5287 1896 5287 1892 5287 1892 5288 1896 5288 1897 5288 1892 5289 1897 5289 1891 5289 1891 5290 1897 5290 1898 5290 1891 5291 1898 5292 1890 5293 1890 5294 1898 5294 1899 5294 1890 5295 1899 5295 1889 5295 1889 5296 1899 5297 1900 5296 1889 5298 1900 5298 1574 5298 1574 5299 1900 5300 1575 5301 1673 5302 1672 5302 1895 5302 1895 3827 1672 3827 1784 3827 1895 5303 1784 5303 1896 5303 1896 5304 1784 5304 1786 5304 1896 5305 1786 5305 1897 5305 1897 5306 1786 5306 1788 5306 1897 5307 1788 5307 1898 5307 1898 5308 1788 5309 1790 5310 1898 5311 1790 5311 1899 5311 1899 5312 1790 5313 1792 5314 1899 5315 1792 5316 1900 5317 1900 5318 1792 5319 1794 5320 1900 5321 1794 5321 1575 5321 1575 5322 1794 5322 1571 5322 1736 5323 1568 5324 1794 5325 1794 5326 1568 5327 1572 5328 1794 5329 1572 5329 1571 5329 1566 5330 1569 5331 1901 5332 1901 5333 1569 5334 1736 5335 1901 5336 1736 5336 1902 5336 1902 5337 1736 5337 1793 5337 1902 5338 1793 5339 1903 5340 1903 5341 1793 5342 1791 5343 1903 5344 1791 5344 1904 5344 1904 5345 1791 5345 1789 5345 1904 5346 1789 5346 1905 5346 1905 5347 1789 5347 1787 5347 1905 5348 1787 5348 1906 5348 1906 5349 1787 5349 1785 5349 1906 5350 1785 5350 1676 5350 1676 5351 1785 5351 1671 5351 1676 5352 1675 5352 1906 5352 1906 5353 1675 5353 1907 5353 1906 5354 1907 5355 1905 5356 1905 5357 1907 5358 1908 5359 1905 5360 1908 5361 1904 5362 1904 5363 1908 5363 1909 5363 1904 5364 1909 5364 1903 5364 1903 5365 1909 5365 1910 5365 1903 5366 1910 5366 1902 5367 1902 5368 1910 5369 1911 5370 1902 5371 1911 5371 1901 5371 1901 5372 1911 5372 1735 5372 1901 5373 1735 5373 1566 5373 1566 5374 1735 5375 1564 5374 1561 5376 1563 5377 1734 5378 1734 5379 1563 5380 1735 5381 1734 3902 1735 3902 1912 3902 1912 5382 1735 5382 1911 5382 1912 5383 1911 5383 1913 5383 1913 5384 1911 5384 1910 5384 1913 5385 1910 5385 1914 5385 1914 5386 1910 5386 1909 5386 1914 5387 1909 5387 1915 5387 1915 5388 1909 5389 1908 5390 1915 5391 1908 5392 1916 5393 1916 5394 1908 5395 1907 5396 1916 5397 1907 5397 1674 5397 1674 5398 1907 5398 1675 5398 1558 5399 1560 5399 1733 5399 1733 5400 1560 5400 1734 5400 1733 5401 1734 5401 1917 5401 1917 5402 1734 5402 1912 5402 1917 5403 1912 5404 1918 5405 1918 5406 1912 5406 1913 5406 1918 5407 1913 5408 1919 5409 1919 5410 1913 5410 1914 5410 1919 5411 1914 5411 1920 5411 1920 5412 1914 5413 1915 5414 1920 5415 1915 5416 1921 5417 1921 5418 1915 5419 1916 5420 1921 5421 1916 5421 1679 5421 1679 5422 1916 5422 1674 5422 1554 5423 1553 5424 1922 5425 1922 5426 1553 5427 1733 5428 1922 5429 1733 5429 1923 5429 1923 5430 1733 5430 1917 5430 1923 5431 1917 5431 1924 5431 1924 5432 1917 5433 1918 5434 1924 5435 1918 5435 1925 5435 1925 5436 1918 5436 1919 5436 1925 5437 1919 5437 1926 5437 1926 5438 1919 5438 1920 5438 1926 5439 1920 5439 1927 5439 1927 5440 1920 5441 1921 5442 1927 5443 1921 5443 1678 5443 1678 5444 1921 5444 1679 5444 1678 5445 1677 5445 1927 5445 1927 5446 1677 5446 1795 5446 1927 5447 1795 5447 1926 5447 1926 5448 1795 5448 1797 5448 1926 5449 1797 5449 1925 5449 1925 5450 1797 5450 1799 5450 1925 5451 1799 5451 1924 5451 1924 5452 1799 5453 1801 5453 1924 5454 1801 5455 1923 5454 1923 5456 1801 5457 1803 5458 1923 5459 1803 5460 1922 5459 1922 5461 1803 5462 1805 5461 1922 5463 1805 5463 1554 5464 1554 5465 1805 5465 1556 5465 1732 5466 1551 5467 1805 5468 1805 5469 1551 5469 1557 5469 1805 5470 1557 5471 1556 5472 1549 5473 1552 5473 1928 5474 1928 5475 1552 5475 1732 5475 1928 5476 1732 5476 1929 5476 1929 5477 1732 5477 1804 5477 1929 5478 1804 5478 1930 5478 1930 5479 1804 5479 1802 5479 1930 5480 1802 5481 1931 5482 1931 5483 1802 5483 1800 5483 1931 5484 1800 5484 1932 5484 1932 5485 1800 5485 1798 5485 1932 5486 1798 5486 1933 5486 1933 5487 1798 5488 1796 5489 1933 5490 1796 5490 1681 5490 1681 5491 1796 5491 1682 5491 1681 5492 1680 5492 1933 5492 1933 5493 1680 5493 1934 5493 1933 5494 1934 5494 1932 5495 1932 5496 1934 5497 1935 5498 1932 5499 1935 5499 1931 5499 1931 5500 1935 5500 1936 5500 1931 5501 1936 5502 1930 5502 1930 5503 1936 5503 1937 5503 1930 5504 1937 5505 1929 5505 1929 5506 1937 5507 1938 5508 1929 5509 1938 5509 1928 5509 1928 5510 1938 5510 1731 5510 1928 5511 1731 5511 1549 5511 1549 5512 1731 5513 1547 5512 1544 5514 1546 5514 1816 5514 1816 5515 1546 5515 1731 5515 1816 5516 1731 5517 1814 5518 1814 5519 1731 5519 1938 5519 1814 916 1938 917 1812 918 1812 5520 1938 5521 1937 5522 1812 5523 1937 5524 1810 5524 1810 5525 1937 5525 1936 5525 1810 5526 1936 5526 1808 5526 1808 5527 1936 5527 1935 5527 1808 5528 1935 5529 1806 5530 1806 5531 1935 5532 1934 5532 1806 931 1934 931 1685 931 1685 5533 1934 5533 1680 5533 1730 5534 1541 5535 1816 5536 1816 5537 1541 5537 1543 5537 1816 5538 1543 5539 1544 5540 1537 5541 1536 5541 1939 5541 1939 5542 1536 5542 1730 5542 1939 5543 1730 5543 1940 5543 1940 5544 1730 5544 1815 5545 1940 5546 1815 5547 1941 5548 1941 5549 1815 5550 1813 5551 1941 5552 1813 5552 1942 5552 1942 5553 1813 5553 1811 5553 1942 5554 1811 5554 1943 5555 1943 5556 1811 5557 1809 5558 1943 5559 1809 5560 1944 5561 1944 5562 1809 5563 1807 5564 1944 5565 1807 5565 1683 5565 1683 5566 1807 5566 1684 5566 1683 5567 1688 5567 1944 5567 1944 5568 1688 5568 1817 5568 1944 5569 1817 5569 1943 5569 1943 5570 1817 5571 1819 5572 1943 5573 1819 5574 1942 5575 1942 5576 1819 5577 1821 5576 1942 5578 1821 5578 1941 5578 1941 5579 1821 5580 1823 5581 1941 5582 1823 5583 1940 5584 1940 5585 1823 5585 1825 5585 1940 5586 1825 5587 1939 5588 1939 5589 1825 5589 1827 5589 1939 5590 1827 5590 1537 5590 1537 5591 1827 5592 1539 5593 1729 5594 1534 5595 1827 5596 1827 5597 1534 5598 1540 5599 1827 5600 1540 5601 1539 5600 1532 5602 1535 5603 1945 5604 1945 5605 1535 5606 1729 5607 1945 5608 1729 5609 1946 5610 1946 5611 1729 5611 1826 5611 1946 5612 1826 5612 1947 5612 1947 5613 1826 5613 1824 5613 1947 5614 1824 5614 1948 5614 1948 5615 1824 5615 1822 5615 1948 5616 1822 5617 1949 5618 1949 5619 1822 5619 1820 5619 1949 5620 1820 5621 1950 5622 1950 5623 1820 5624 1818 5625 1950 5626 1818 5626 1686 5626 1686 5627 1818 5627 1687 5627 1686 5628 1691 5628 1950 5628 1950 5629 1691 5629 1951 5629 1950 5630 1951 5631 1949 5632 1949 5633 1951 5634 1952 5635 1949 5636 1952 5637 1948 5638 1948 5639 1952 5640 1953 5639 1948 5641 1953 5642 1947 5643 1947 1032 1953 1032 1954 1032 1947 5644 1954 5644 1946 5644 1946 5645 1954 5646 1955 5647 1946 5648 1955 5649 1945 5650 1945 5651 1955 5651 1956 5651 1945 5652 1956 5653 1532 5654 1532 1042 1956 1042 1657 1042 1691 5655 1690 5655 1951 5655 1951 5656 1690 5656 1828 5656 1951 5657 1828 5658 1952 5659 1952 5660 1828 5661 1830 5662 1952 5663 1830 5664 1953 5665 1953 5666 1830 5666 1832 5666 1953 5667 1832 5668 1954 5668 1954 5669 1832 5670 1834 5671 1954 5672 1834 5672 1955 5672 1955 5673 1834 5673 1836 5673 1955 5674 1836 5674 1956 5674 1956 5675 1836 5675 1838 5675 1956 1065 1838 1066 1657 1067 1657 1068 1838 1068 1658 1068 1728 5676 1655 5677 1838 5678 1838 5679 1655 5680 1659 5681 1838 5682 1659 5683 1658 5683 1653 5684 1656 5684 1957 5684 1957 5685 1656 5686 1728 5687 1957 5688 1728 5688 1958 5688 1958 5689 1728 5689 1837 5689 1958 5690 1837 5690 1959 5690 1959 5691 1837 5691 1835 5691 1959 5692 1835 5692 1960 5692 1960 5693 1835 5693 1833 5693 1960 5694 1833 5695 1961 5696 1961 5697 1833 5697 1831 5697 1961 5698 1831 5698 1962 5698 1962 5699 1831 5699 1829 5699 1962 5700 1829 5700 1694 5700 1694 5701 1829 5701 1689 5701 1694 5702 1693 5702 1962 5702 1962 5703 1693 5703 1963 5703 1962 5704 1963 5705 1961 5706 1961 5707 1963 5708 1964 5708 1961 5709 1964 5710 1960 5711 1960 5712 1964 5712 1965 5712 1960 5713 1965 5713 1959 5713 1959 5714 1965 5714 1966 5714 1959 5715 1966 5715 1958 5715 1958 5716 1966 5716 1967 5716 1958 5717 1967 5718 1957 5719 1957 5720 1967 5720 1727 5720 1957 5721 1727 5721 1653 5721 1653 5722 1727 5722 1651 5722 1648 5723 1650 5724 1726 5725 1726 5726 1650 5726 1727 5726 1726 5727 1727 5727 1968 5727 1968 5728 1727 5728 1967 5728 1968 5729 1967 5730 1969 5731 1969 5732 1967 5732 1966 5732 1969 5733 1966 5733 1970 5733 1970 5734 1966 5734 1965 5735 1970 5736 1965 5737 1971 5738 1971 5739 1965 5739 1964 5739 1971 5740 1964 5741 1972 5742 1972 5743 1964 5744 1963 5744 1972 5745 1963 5745 1692 5745 1692 5746 1963 5746 1693 5746 1645 5747 1647 5748 1725 5749 1725 5750 1647 5751 1726 5752 1725 5753 1726 5754 1973 5755 1973 5756 1726 5757 1968 5758 1973 5759 1968 5760 1974 5761 1974 5762 1968 5762 1969 5762 1974 5763 1969 5763 1975 5763 1975 5764 1969 5764 1970 5764 1975 5765 1970 5765 1976 5766 1976 5767 1970 5767 1971 5767 1976 5768 1971 5769 1977 5770 1977 5771 1971 5772 1972 5773 1977 1179 1972 1179 1697 1179 1697 5774 1972 5774 1692 5774 1641 5775 1640 5775 1978 5775 1978 5776 1640 5776 1725 5776 1978 5777 1725 5777 1979 5778 1979 5779 1725 5780 1973 5781 1979 5782 1973 5783 1980 5784 1980 4291 1973 4291 1974 4291 1980 5785 1974 5785 1981 5785 1981 5786 1974 5786 1975 5786 1981 5787 1975 5788 1982 5789 1982 5790 1975 5791 1976 5792 1982 5793 1976 5794 1983 5794 1983 5795 1976 5796 1977 5797 1983 5798 1977 5798 1696 5798 1696 5799 1977 5799 1697 5799 1696 5800 1695 5800 1983 5800 1983 5801 1695 5801 1839 5801 1983 5802 1839 5803 1982 5804 1982 5805 1839 5805 1841 5805 1982 5806 1841 5807 1981 5806 1981 5808 1841 5808 1843 5808 1981 5809 1843 5809 1980 5809 1980 5810 1843 5810 1845 5810 1980 5811 1845 5812 1979 5811 1979 5813 1845 5813 1847 5814 1979 5815 1847 5815 1978 5815 1978 5816 1847 5817 1849 5816 1978 5818 1849 5818 1641 5818 1641 5819 1849 5819 1643 5819 1724 5820 1638 5820 1849 5820 1849 5821 1638 5821 1644 5821 1849 5822 1644 5823 1643 5824 1636 5825 1639 5826 1984 5827 1984 5828 1639 5828 1724 5828 1984 5829 1724 5829 1985 5829 1985 5830 1724 5831 1848 5832 1985 5833 1848 5833 1986 5833 1986 5834 1848 5834 1846 5834 1986 5835 1846 5835 1987 5835 1987 5836 1846 5836 1844 5836 1987 5837 1844 5837 1988 5837 1988 5838 1844 5838 1842 5838 1988 5839 1842 5839 1989 5839 1989 5840 1842 5840 1840 5840 1989 4354 1840 4354 1699 4354 1699 5841 1840 5841 1700 5841 1699 5842 1698 5842 1989 5842 1989 5843 1698 5843 1990 5843 1989 5844 1990 5844 1988 5844 1988 5845 1990 5846 1991 5847 1988 5848 1991 5848 1987 5848 1987 5849 1991 5849 1992 5849 1987 5850 1992 5850 1986 5850 1986 5851 1992 5852 1993 5853 1986 5854 1993 5854 1985 5854 1985 5855 1993 5856 1994 5857 1985 5858 1994 5858 1984 5858 1984 5859 1994 5859 1723 5859 1984 5860 1723 5861 1636 5862 1636 5863 1723 5864 1634 5864 1631 5865 1633 5865 1860 5865 1860 5866 1633 5867 1723 5868 1860 5869 1723 5869 1858 5869 1858 5870 1723 5870 1994 5870 1858 5871 1994 5872 1856 5873 1856 5874 1994 5874 1993 5874 1856 5875 1993 5875 1854 5875 1854 5876 1993 5877 1992 5878 1854 5879 1992 5880 1852 5881 1852 5882 1992 5882 1991 5882 1852 5883 1991 5884 1850 5884 1850 5885 1991 5886 1990 5887 1850 5888 1990 5888 1703 5888 1703 5889 1990 5889 1698 5889 1722 5890 1628 5890 1860 5890 1860 5891 1628 5892 1630 5893 1860 5894 1630 5895 1631 5895 1624 5896 1623 5896 1995 5896 1995 5897 1623 5897 1722 5897 1995 5898 1722 5899 1996 5900 1996 5901 1722 5902 1859 5903 1996 5904 1859 5904 1997 5904 1997 5905 1859 5905 1857 5905 1997 5906 1857 5906 1998 5906 1998 5907 1857 5907 1855 5907 1998 5908 1855 5909 1999 5910 1999 5911 1855 5912 1853 5913 1999 5914 1853 5914 2000 5914 2000 5915 1853 5916 1851 5917 2000 5918 1851 5918 1701 5918 1701 5919 1851 5919 1702 5919 1701 5920 1706 5920 2000 5920 2000 5921 1706 5921 1861 5921 2000 5922 1861 5922 1999 5922 1999 5923 1861 5924 1863 5925 1999 5926 1863 5927 1998 5928 1998 5929 1863 5929 1865 5929 1998 5930 1865 5930 1997 5930 1997 5931 1865 5931 1867 5931 1997 5932 1867 5932 1996 5932 1996 5933 1867 5934 1869 5935 1996 5936 1869 5937 1995 5938 1995 5939 1869 5939 1871 5939 1995 5940 1871 5940 1624 5940 1624 5941 1871 5941 1626 5941 1721 5942 1621 5942 1871 5943 1871 5944 1621 5945 1627 5946 1871 5947 1627 5947 1626 5948 1618 5949 1622 5950 2001 5951 2001 5952 1622 5953 1721 5953 2001 5954 1721 5954 2002 5954 2002 5955 1721 5955 1870 5955 2002 5956 1870 5956 2003 5956 2003 5957 1870 5958 1868 5959 2003 5960 1868 5961 2004 5962 2004 5963 1868 5964 1866 5964 2004 5965 1866 5965 2005 5965 2005 5966 1866 5966 1864 5966 2005 5967 1864 5967 2006 5967 2006 5968 1864 5968 1862 5968 2006 5969 1862 5969 1704 5969 1704 5970 1862 5970 1705 5970 1704 5971 1709 5971 2006 5971 2006 5972 1709 5972 2007 5972 2006 5973 2007 5974 2005 5975 2005 5976 2007 5977 2008 5977 2005 5978 2008 5978 2004 5978 2004 5979 2008 5979 2009 5979 2004 1391 2009 1391 2003 1391 2003 5980 2009 5980 2010 5981 2003 5982 2010 5982 2002 5982 2002 5983 2010 5983 2011 5983 2002 4497 2011 4497 2001 4497 2001 5984 2011 5985 2012 5986 2001 5987 2012 5987 1618 5987 1618 5988 2012 5989 1619 5990 1709 5991 1708 5991 2007 5991 2007 5992 1708 5992 1872 5992 2007 5993 1872 5994 2008 5993 2008 5995 1872 5995 1874 5995 2008 5996 1874 5996 2009 5996 2009 5997 1874 5998 1876 5999 2009 6000 1876 6001 2010 6002 2010 6003 1876 6003 1878 6003 2010 6004 1878 6005 2011 6006 2011 6007 1878 6008 1880 6009 2011 6010 1880 6011 2012 6011 2012 6012 1880 6013 1882 6014 2012 6015 1882 6016 1619 6017 1619 6018 1882 6018 1615 6018 1720 6019 1612 6019 1882 6019 1882 6020 1612 6021 1616 6022 1882 6023 1616 6023 1615 6023 1610 6024 1613 6025 2013 6026 2013 6027 1613 6027 1720 6027 2013 6028 1720 6028 2014 6028 2014 6029 1720 6029 1881 6029 2014 6030 1881 6030 2015 6030 2015 6031 1881 6032 1879 6033 2015 6034 1879 6034 2016 6034 2016 6035 1879 6035 1877 6035 2016 6036 1877 6036 2017 6036 2017 6037 1877 6037 1875 6038 2017 6039 1875 6039 2018 6039 2018 6040 1875 6041 1873 6040 2018 1452 1873 1452 1712 1452 1712 6042 1873 6042 1707 6042 1712 6043 1711 6043 2018 6043 2018 6044 1711 6044 2019 6044 2018 6045 2019 6045 2017 6046 2017 6047 2019 6048 2020 6048 2017 6049 2020 6049 2016 6049 2016 6050 2020 6051 2021 6050 2016 6052 2021 6052 2015 6052 2015 6053 2021 6053 2022 6053 2015 6054 2022 6055 2014 6056 2014 6057 2022 6057 2023 6057 2014 6058 2023 6058 2013 6058 2013 6059 2023 6059 1719 6059 2013 6060 1719 6061 1610 6062 1610 6063 1719 6064 1608 6065 1605 6066 1607 6067 1718 6068 1718 6069 1607 6069 1719 6069 1718 6070 1719 6070 2024 6070 2024 6071 1719 6071 2023 6072 2024 6073 2023 6074 2025 6073 2025 6075 2023 6075 2022 6075 2025 6076 2022 6076 2026 6076 2026 6077 2022 6077 2021 6077 2026 6078 2021 6079 2027 6080 2027 6081 2021 6081 2020 6082 2027 6083 2020 6084 2028 6085 2028 6086 2020 6087 2019 6088 2028 6089 2019 6089 1710 6089 1710 6090 2019 6090 1711 6090 1602 6091 1604 6092 1717 6093 1717 6094 1604 6095 1718 6094 1717 6096 1718 6096 2029 6096 2029 6097 1718 6097 2024 6097 2029 6098 2024 6099 2030 6100 2030 6101 2024 6101 2025 6101 2030 6102 2025 6102 2031 6102 2031 6103 2025 6103 2026 6103 2031 6104 2026 6104 2032 6104 2032 6105 2026 6105 2027 6106 2032 6107 2027 6107 2033 6107 2033 6108 2027 6109 2028 6108 2033 6110 2028 6110 1714 6110 1714 6111 2028 6111 1710 6111 1594 6112 1593 6113 2034 6114 2034 6115 1593 6115 1717 6115 2034 6116 1717 6116 2035 6116 2035 6117 1717 6118 2029 6119 2035 6120 2029 6120 2036 6120 2036 6121 2029 6122 2030 6123 2036 6124 2030 6124 2037 6124 2037 6125 2030 6125 2031 6125 2037 6126 2031 6127 2038 6128 2038 6129 2031 6129 2032 6129 2038 6130 2032 6131 2039 6132 2039 6133 2032 6134 2033 6135 2039 6136 2033 6136 1713 6136 1713 6137 2033 6137 1714 6137 1713 6138 1664 6138 2039 6138 2039 6139 1664 6139 1754 6139 2039 6140 1754 6141 2038 6142 2038 6143 1754 6144 1755 6145 2038 6146 1755 6147 2037 6148 2037 6149 1755 6149 1756 6149 2037 6150 1756 6150 2036 6150 2036 6151 1756 6151 1757 6151 2036 6152 1757 6152 2035 6152 2035 6153 1757 6154 1758 6155 2035 6156 1758 6156 2034 6156 2034 6157 1758 6157 1716 6157 2034 6158 1716 6159 1594 6160 1594 6161 1716 6161 1596 6161 1665 6162 1888 6162 1739 6162 1739 6163 1888 6163 1772 6163 1739 6164 1772 6165 1741 6166 1741 6167 1772 6167 1771 6167 1741 6168 1771 6169 1744 6170 1744 6171 1771 6171 1764 6171 1744 6172 1764 6172 1748 6172 1748 6173 1764 6174 1759 6175 1748 6176 1759 6176 1753 6176 1753 6177 1759 6177 1761 6177 1753 6178 1761 6179 1716 6179 1716 1609 1761 1609 1600 1609 1716 6180 1600 6181 1598 6182 2040 6183 2041 6183 2042 6183 2043 6184 2044 6184 2045 6184 2045 6184 2044 6184 2046 6184 2045 6185 2046 6185 2047 6185 2047 6184 2046 6184 2048 6184 2049 6186 2050 6186 2046 6186 2046 6187 2050 6187 2042 6187 2046 6184 2042 6184 2048 6184 2048 6188 2042 6188 2041 6188 2051 6184 2052 6184 2053 6184 2053 6184 2052 6184 2054 6184 2053 6184 2054 6184 2055 6184 2055 6189 2054 6189 2056 6189 2057 6184 2058 6184 2059 6184 2059 6184 2058 6184 2052 6184 2060 6184 2061 6184 2062 6184 2062 6190 2061 6190 2044 6190 2051 6184 2063 6184 2052 6184 2052 6191 2063 6191 2064 6191 2052 6184 2064 6184 2059 6184 2059 6192 2064 6192 2065 6192 2059 6184 2065 6184 2042 6184 2042 6193 2065 6193 2066 6193 2067 6194 2068 6194 2054 6194 2054 6195 2068 6195 2069 6195 2054 6196 2069 6196 2056 6196 2056 6184 2069 6184 2070 6184 2043 6197 2071 6197 2044 6197 2044 6198 2071 6198 2072 6198 2044 6199 2072 6199 2062 6199 2062 6200 2072 6200 2073 6200 2062 6184 2073 6184 2069 6184 2069 6201 2073 6201 2074 6201 2040 6184 2042 6184 2075 6184 2075 6184 2042 6184 2066 6184 2075 6184 2066 6184 2076 6184 2076 6184 2066 6184 2077 6184 2076 6184 2077 6184 2074 6184 2074 6184 2077 6184 2078 6184 2074 6184 2078 6184 2069 6184 2069 6202 2078 6202 2079 6202 2069 6203 2079 6203 2070 6203 2080 6204 2055 6204 2081 6204 2081 6205 2055 6205 2056 6205 2081 6206 2056 6206 2082 6206 2082 6207 2056 6207 2070 6207 2082 6207 2070 6207 2083 6207 2083 6208 2070 6208 2079 6208 2083 6208 2079 6208 2084 6208 2084 6209 2079 6209 2078 6209 2084 6210 2078 6210 2085 6210 2085 6211 2078 6211 2077 6211 2085 6212 2077 6212 2086 6212 2086 6213 2077 6213 2066 6213 2086 6214 2066 6214 2087 6214 2087 6215 2066 6215 2065 6215 2087 6216 2065 6216 2088 6216 2088 6217 2065 6217 2064 6217 2088 6217 2064 6217 2089 6217 2089 6218 2064 6218 2063 6218 2089 6218 2063 6218 2090 6218 2090 6219 2063 6219 2051 6219 2090 6220 2051 6220 2091 6220 2091 6221 2051 6221 2053 6221 2091 6222 2053 6222 2080 6222 2080 6223 2053 6223 2055 6223 2092 6204 2074 6204 2093 6204 2093 6224 2074 6224 2073 6224 2093 6225 2073 6225 2094 6225 2094 6226 2073 6226 2072 6226 2094 6226 2072 6226 2095 6226 2095 6227 2072 6227 2071 6227 2095 6227 2071 6227 2096 6227 2096 6228 2071 6228 2043 6228 2096 6229 2043 6229 2097 6229 2097 6211 2043 6211 2045 6211 2097 6212 2045 6212 2098 6212 2098 6213 2045 6213 2047 6213 2098 6214 2047 6214 2099 6214 2099 6230 2047 6230 2048 6230 2099 6231 2048 6231 2100 6231 2100 6232 2048 6232 2041 6232 2100 6232 2041 6232 2101 6232 2101 6233 2041 6233 2040 6233 2101 6233 2040 6233 2102 6233 2102 6234 2040 6234 2075 6234 2102 6235 2075 6235 2103 6235 2103 6221 2075 6221 2076 6221 2103 6222 2076 6222 2092 6222 2092 6223 2076 6223 2074 6223 2104 6236 2105 6236 2106 6236 2106 6184 2105 6184 2107 6184 2106 6184 2107 6184 2108 6184 2109 6184 2110 6184 2106 6184 2106 6237 2110 6237 2111 6237 2106 6238 2111 6238 2104 6238 2112 6239 2113 6239 2106 6239 2106 6184 2113 6184 2114 6184 2106 6184 2114 6184 2109 6184 2108 6240 2115 6240 2106 6240 2106 6241 2115 6241 2116 6241 2106 6242 2116 6242 2112 6242 2117 6243 2118 6243 2119 6243 2119 6184 2118 6184 2120 6184 2119 6184 2120 6184 2121 6184 2122 6184 2123 6184 2119 6184 2119 6244 2123 6244 2124 6244 2119 6245 2124 6245 2117 6245 2125 6246 2126 6246 2119 6246 2119 6184 2126 6184 2127 6184 2119 6184 2127 6184 2122 6184 2121 6247 2128 6247 2119 6247 2119 6248 2128 6248 2129 6248 2119 6249 2129 6249 2125 6249 2130 6250 2131 6250 2132 6250 2132 6251 2131 6251 2133 6251 2132 6252 2133 6252 2134 6252 2134 6253 2133 6253 2135 6253 2132 6254 2136 6254 2137 6254 2138 6255 2139 6255 2140 6255 2137 6256 2141 6256 2132 6256 2132 181 2141 181 2142 181 2132 6257 2142 6257 2130 6257 2143 181 2144 181 2145 181 2145 181 2144 181 2146 181 2145 181 2146 181 2133 181 2133 181 2146 181 2147 181 2133 6258 2147 6258 2135 6258 2138 6259 2148 6259 2139 6259 2139 6260 2148 6260 2149 6260 2139 6261 2149 6261 2150 6261 2140 6262 2151 6262 2138 6262 2138 6263 2151 6263 2152 6263 2138 181 2152 181 2132 181 2132 6264 2152 6264 2153 6264 2132 6265 2153 6265 2136 6265 2143 181 2145 181 2154 181 2154 6266 2145 6266 2155 6266 2154 6267 2155 6267 2156 6267 2156 6268 2157 6268 2154 6268 2154 6269 2157 6269 2158 6269 2154 181 2158 181 2159 181 2142 6270 2160 6270 2161 6270 2142 6271 2161 6271 2130 6271 2130 6184 2161 6184 2162 6184 2130 6184 2162 6184 2131 6184 2131 6272 2162 6272 2163 6272 2131 6273 2163 6273 2133 6273 2133 6274 2164 6274 2165 6274 2133 6275 2165 6275 2145 6275 2145 6276 2165 6276 2166 6276 2145 6277 2166 6277 2155 6277 2155 6278 2166 6278 2167 6278 2155 6279 2167 6279 2156 6279 2156 6280 2167 6280 2168 6280 2156 6281 2168 6281 2157 6281 2157 6282 2168 6282 2169 6282 2157 6283 2169 6283 2158 6283 2158 6284 2169 6284 2170 6284 2158 6285 2170 6285 2159 6285 2159 6286 2170 6286 2171 6286 2159 6287 2171 6287 2154 6287 2154 6288 2171 6288 2172 6288 2154 6289 2172 6289 2143 6289 2143 6290 2172 6290 2173 6290 2143 6291 2173 6291 2144 6291 2144 6292 2173 6292 2174 6292 2144 6293 2174 6293 2146 6293 2146 6294 2174 6294 2175 6294 2146 6295 2175 6295 2147 6295 2147 6296 2175 6296 2176 6296 2147 6297 2176 6297 2135 6297 2135 6298 2176 6298 2177 6298 2135 6299 2177 6299 2134 6299 2134 6300 2177 6300 2178 6300 2134 6301 2178 6301 2132 6301 2132 6302 2178 6302 2179 6302 2132 6303 2179 6303 2138 6303 2138 6304 2179 6304 2180 6304 2138 6305 2180 6305 2148 6305 2148 6306 2180 6306 2181 6306 2148 6307 2181 6307 2149 6307 2149 6308 2181 6308 2182 6308 2149 6309 2182 6309 2150 6309 2150 6310 2182 6310 2183 6310 2150 6311 2183 6311 2139 6311 2139 6312 2183 6312 2184 6312 2139 6313 2184 6313 2140 6313 2140 6314 2184 6314 2185 6314 2140 6315 2185 6315 2151 6315 2151 6316 2185 6316 2186 6316 2151 6317 2186 6317 2152 6317 2152 6318 2186 6318 2187 6318 2152 6319 2187 6319 2153 6319 2153 6320 2187 6320 2188 6320 2153 6321 2188 6321 2136 6321 2136 6322 2188 6322 2189 6322 2136 6323 2189 6323 2137 6323 2137 6324 2189 6324 2190 6324 2137 6325 2190 6325 2141 6325 2141 6326 2190 6326 2191 6326 2141 6327 2191 6327 2142 6327 2192 6328 2193 6328 2191 6328 2191 6329 2193 6329 2194 6329 2191 6330 2194 6330 2142 6330 2142 6331 2194 6331 2195 6331 2195 6332 2196 6332 2142 6332 2142 6333 2196 6333 2197 6333 2142 6334 2197 6334 2160 6334 2198 6335 2199 6335 2164 6335 2133 6336 2200 6336 2164 6336 2164 6337 2200 6337 2201 6337 2164 6338 2201 6338 2198 6338 2163 6339 2202 6339 2133 6339 2133 6340 2202 6340 2203 6340 2133 6341 2203 6341 2200 6341 2204 6342 2205 6342 2206 6342 2206 6343 2205 6343 2207 6343 2208 6344 2209 6344 2210 6344 2210 6345 2209 6345 2211 6345 2212 6346 2213 6346 2192 6346 2192 6347 2213 6347 2214 6347 2192 6348 2214 6348 2193 6348 2215 6349 2195 6350 2194 6351 2193 6352 2214 6352 2194 6352 2194 6353 2214 6353 2216 6353 2194 6354 2216 6354 2215 6354 2217 6355 2197 6355 2196 6355 2195 6356 2215 6356 2196 6356 2196 6357 2215 6358 2218 6359 2196 6360 2218 6360 2217 6360 2215 6361 2216 6361 2219 6361 2219 6362 2216 6362 2214 6362 2220 6363 2221 6363 2222 6363 2222 6364 2221 6364 2223 6364 2222 6365 2223 6365 2224 6365 2225 6366 2226 6366 2227 6366 2227 6367 2226 6368 2228 6368 2227 6369 2228 6369 2229 6369 2224 6370 2223 6370 2230 6370 2230 6371 2223 6371 2219 6371 2230 6372 2219 6372 2231 6372 2231 6373 2219 6373 2214 6373 2231 6374 2214 6374 2213 6374 2218 6375 2215 6376 2232 6377 2232 6378 2215 6378 2219 6378 2232 6379 2219 6379 2226 6379 2226 6380 2219 6380 2223 6380 2226 6381 2223 6381 2228 6381 2228 6382 2223 6382 2221 6382 2228 6383 2221 6383 2229 6383 2220 6384 2229 6384 2221 6384 2217 6385 2218 6386 2233 6386 2233 6387 2218 6387 2232 6387 2233 6388 2232 6388 2234 6388 2234 6389 2232 6389 2226 6389 2234 6390 2226 6390 2235 6390 2235 6391 2226 6391 2225 6391 2202 181 2163 181 2162 181 2160 181 2197 181 2161 181 2161 181 2197 181 2217 181 2161 6392 2217 6392 2162 6392 2162 181 2217 181 2236 181 2162 181 2236 181 2202 181 2237 6393 2238 6393 2239 6393 2240 6394 2241 6395 2242 6396 2242 6397 2241 6397 2236 6397 2243 6398 2244 6398 2245 6398 2245 6399 2244 6399 2246 6399 2247 6400 2248 6400 2249 6400 2249 6401 2248 6401 2250 6401 2249 6402 2250 6402 2251 6402 2236 6403 2252 6403 2242 6403 2242 6404 2252 6404 2253 6404 2242 6405 2253 6405 2246 6405 2246 6406 2253 6406 2254 6406 2246 6407 2254 6407 2245 6407 2238 6408 2240 6408 2239 6408 2239 6409 2240 6409 2242 6409 2239 6410 2242 6410 2251 6410 2251 6411 2242 6411 2246 6411 2251 6412 2246 6412 2249 6412 2249 6413 2246 6413 2244 6413 2249 6414 2244 6414 2247 6414 2243 6415 2247 6415 2244 6415 2255 6416 2237 6416 2256 6416 2256 6417 2237 6417 2239 6417 2256 6418 2239 6418 2257 6419 2257 6420 2239 6420 2251 6420 2257 6421 2251 6421 2258 6421 2258 6422 2251 6422 2250 6422 2259 6423 2178 6423 2177 6423 2260 6424 2261 6424 2262 6424 2262 6425 2261 6425 2165 6425 2262 6426 2165 6426 2199 6426 2199 6427 2165 6427 2164 6427 2263 6428 2264 6428 2212 6428 2190 6429 2265 6429 2263 6429 2263 6430 2212 6430 2190 6430 2190 6431 2212 6432 2192 6433 2190 6434 2192 6434 2191 6434 2265 6435 2190 6435 2266 6435 2266 6436 2190 6436 2189 6436 2266 6437 2189 6437 2267 6437 2267 6438 2189 6438 2268 6438 2268 6439 2189 6439 2188 6439 2268 6440 2188 6440 2269 6440 2269 6441 2188 6441 2270 6441 2270 6442 2188 6442 2187 6442 2270 6443 2187 6443 2271 6443 2271 6444 2187 6444 2272 6444 2272 6445 2187 6445 2186 6445 2272 6446 2186 6446 2273 6446 2273 6447 2186 6447 2274 6447 2274 6448 2186 6448 2185 6448 2274 6449 2185 6449 2275 6449 2275 6450 2185 6450 2276 6450 2276 6451 2185 6451 2184 6451 2276 6452 2184 6452 2277 6452 2277 6453 2184 6453 2278 6453 2278 6454 2184 6454 2183 6454 2278 6455 2183 6455 2279 6455 2279 6456 2183 6456 2280 6456 2280 6457 2183 6457 2182 6457 2280 6458 2182 6458 2281 6458 2281 6459 2182 6459 2282 6459 2282 6460 2182 6460 2181 6460 2282 6461 2181 6462 2283 6463 2283 6464 2181 6464 2284 6464 2284 6465 2181 6465 2180 6465 2284 6466 2180 6467 2285 6468 2285 6469 2180 6469 2286 6469 2286 6470 2180 6470 2179 6470 2286 6471 2179 6471 2287 6471 2178 6472 2259 6472 2179 6472 2179 6473 2259 6473 2288 6473 2179 6474 2288 6474 2287 6474 2176 6475 2289 6475 2177 6475 2177 6476 2289 6476 2290 6476 2177 6423 2290 6423 2259 6423 2175 6477 2291 6477 2176 6477 2176 6478 2291 6478 2292 6478 2176 6479 2292 6479 2289 6479 2174 6480 2293 6480 2175 6480 2175 6481 2293 6481 2294 6481 2175 6482 2294 6482 2291 6482 2173 6483 2295 6483 2174 6483 2174 6484 2295 6485 2296 6486 2174 6487 2296 6487 2293 6487 2172 6488 2297 6488 2173 6488 2173 6489 2297 6489 2298 6489 2173 6490 2298 6490 2295 6490 2171 6491 2299 6491 2172 6491 2172 6492 2299 6492 2300 6492 2172 6493 2300 6493 2297 6493 2170 6494 2301 6494 2171 6494 2171 6495 2301 6495 2302 6495 2171 6496 2302 6496 2299 6496 2169 6497 2303 6497 2170 6497 2170 6498 2303 6498 2304 6498 2170 6499 2304 6499 2301 6499 2168 6500 2305 6500 2169 6500 2169 6501 2305 6501 2306 6501 2169 6502 2306 6502 2303 6502 2167 6503 2307 6503 2168 6503 2168 6504 2307 6504 2308 6504 2168 6505 2308 6505 2305 6505 2166 6506 2309 6506 2167 6506 2167 6507 2309 6507 2310 6507 2167 6508 2310 6508 2307 6508 2261 6509 2311 6509 2165 6509 2165 6510 2311 6510 2312 6510 2165 6511 2312 6511 2166 6511 2166 6512 2312 6512 2313 6512 2166 6513 2313 6513 2309 6513 2203 6514 2202 6514 2236 6514 2203 6515 2236 6515 2200 6515 2236 6516 2241 6516 2200 6516 2200 6517 2241 6518 2240 6519 2200 6520 2240 6521 2201 6522 2201 6523 2240 6523 2198 6523 2237 6524 2255 6524 2262 6524 2240 6525 2238 6525 2198 6525 2198 6526 2238 6526 2237 6526 2198 6527 2237 6527 2199 6527 2199 6528 2237 6528 2262 6528 2260 6529 2314 6529 2315 6529 2260 6530 2315 6530 2261 6530 2261 6531 2315 6531 2316 6531 2261 6532 2316 6532 2311 6532 2311 6533 2316 6533 2317 6533 2311 6534 2317 6534 2312 6534 2312 6535 2317 6535 2318 6535 2312 6536 2318 6536 2313 6536 2313 6537 2318 6537 2319 6537 2313 6538 2319 6538 2309 6538 2309 6539 2319 6539 2320 6539 2309 6540 2320 6540 2310 6540 2310 6541 2320 6541 2321 6541 2310 6542 2321 6542 2307 6542 2307 6543 2321 6543 2322 6543 2307 6544 2322 6544 2308 6544 2308 6545 2322 6545 2323 6545 2308 6546 2323 6546 2305 6546 2305 6547 2323 6547 2324 6547 2305 6548 2324 6548 2306 6548 2306 6549 2324 6549 2325 6549 2306 6550 2325 6550 2303 6550 2303 6551 2325 6551 2326 6551 2303 6552 2326 6552 2304 6552 2304 6553 2326 6553 2327 6553 2304 6554 2327 6554 2301 6554 2301 6555 2327 6555 2328 6555 2301 6556 2328 6556 2302 6556 2302 6557 2328 6557 2329 6557 2302 6558 2329 6558 2299 6558 2299 6559 2329 6559 2330 6559 2299 6560 2330 6560 2300 6560 2300 6561 2330 6561 2331 6561 2300 6562 2331 6562 2297 6562 2297 6563 2331 6563 2332 6563 2297 6564 2332 6565 2298 6566 2298 6567 2332 6567 2333 6567 2298 6568 2333 6568 2295 6568 2295 6569 2333 6569 2334 6569 2295 6570 2334 6571 2296 6572 2296 6573 2334 6573 2335 6573 2296 6574 2335 6574 2293 6574 2293 6575 2335 6575 2336 6575 2293 6576 2336 6576 2294 6576 2294 6577 2336 6577 2337 6577 2294 6578 2337 6578 2291 6578 2291 6579 2337 6579 2338 6579 2291 6580 2338 6580 2292 6580 2292 6581 2338 6581 2339 6581 2292 6582 2339 6582 2289 6582 2289 6583 2339 6583 2340 6583 2289 6584 2340 6584 2290 6584 2290 6585 2340 6585 2259 6585 2259 6586 2340 6586 2341 6586 2259 6587 2341 6587 2288 6587 2288 6588 2341 6588 2342 6588 2288 6589 2342 6589 2287 6589 2287 6590 2342 6590 2343 6590 2287 6591 2343 6591 2286 6591 2286 6592 2343 6592 2344 6592 2286 6593 2344 6593 2285 6593 2285 6594 2344 6594 2345 6594 2285 6595 2345 6596 2284 6596 2284 6597 2345 6597 2346 6597 2284 6598 2346 6598 2283 6598 2283 6599 2346 6599 2347 6599 2283 6600 2347 6601 2282 6602 2348 6603 2264 6603 2349 6603 2349 6604 2264 6604 2263 6604 2349 6605 2263 6605 2350 6605 2350 6606 2263 6606 2265 6606 2350 6607 2265 6607 2351 6607 2351 6608 2265 6608 2266 6608 2351 6609 2266 6609 2352 6609 2352 6610 2266 6610 2267 6610 2352 6611 2267 6611 2353 6611 2353 6612 2267 6612 2268 6612 2353 6613 2268 6613 2354 6613 2354 6614 2268 6614 2269 6614 2354 6615 2269 6615 2355 6615 2355 6616 2269 6616 2270 6616 2355 6617 2270 6617 2356 6617 2356 6618 2270 6618 2271 6618 2356 6619 2271 6619 2357 6619 2357 6620 2271 6620 2272 6620 2357 6621 2272 6621 2358 6621 2358 6622 2272 6622 2273 6622 2358 6623 2273 6623 2359 6623 2359 6624 2273 6624 2274 6624 2359 6625 2274 6625 2360 6625 2360 6626 2274 6626 2275 6626 2360 6627 2275 6627 2361 6627 2361 6628 2275 6628 2276 6628 2361 6629 2276 6629 2362 6629 2362 6630 2276 6630 2277 6630 2362 6631 2277 6631 2363 6631 2363 6632 2277 6632 2278 6632 2363 6633 2278 6633 2364 6633 2364 6634 2278 6634 2279 6634 2364 6635 2279 6635 2365 6635 2365 6636 2279 6636 2280 6636 2365 6637 2280 6637 2366 6637 2366 6638 2280 6639 2281 6640 2366 6641 2281 6641 2367 6641 2367 6642 2281 6642 2282 6642 2367 6643 2282 6643 2368 6643 2368 6644 2282 6644 2347 6644 2369 6645 2370 6645 2371 6645 2371 6646 2370 6646 2372 6646 2205 6647 2204 6647 2373 6647 2205 6648 2373 6648 2374 6648 2374 6649 2373 6649 2375 6649 2374 6650 2375 6650 2376 6650 2376 6650 2375 6650 2377 6650 2376 6651 2377 6651 2378 6651 2378 6652 2377 6652 2379 6652 2378 6653 2379 6653 2380 6653 2380 6654 2379 6654 2381 6654 2380 6655 2381 6655 2372 6655 2372 6655 2381 6655 2382 6655 2372 6656 2382 6656 2371 6656 2383 6657 2370 6657 2384 6657 2384 6658 2370 6658 2369 6658 2384 6659 2385 6659 2383 6659 2386 6660 2387 6660 2388 6660 2376 6661 2378 6661 2380 6661 2383 181 2386 181 2370 181 2370 181 2386 181 2388 181 2370 181 2388 181 2205 181 2205 6662 2388 6662 2207 6662 2205 6663 2374 6663 2370 6663 2370 181 2374 181 2376 181 2370 181 2376 181 2372 181 2372 181 2376 181 2380 181 2207 6664 2389 6664 2206 6664 2206 6665 2389 6665 2204 6665 2204 6666 2389 6666 2390 6666 2391 6667 2373 6667 2211 6667 2211 6668 2373 6668 2204 6668 2211 6669 2204 6669 2210 6669 2210 6670 2204 6670 2390 6670 2392 6671 2393 6671 2394 6671 2394 208 2393 208 2395 208 2394 208 2395 208 2396 208 2397 6672 2398 6672 2394 6672 2394 6673 2398 6673 2399 6673 2394 6674 2399 6674 2392 6674 2400 6675 2401 6675 2394 6675 2394 208 2401 208 2402 208 2394 208 2402 208 2397 208 2396 208 2403 208 2394 208 2394 6676 2403 6676 2404 6676 2394 6677 2404 6677 2400 6677 2405 6678 2406 6678 2407 6678 2407 208 2406 208 2408 208 2407 208 2408 208 2409 208 2410 208 2411 208 2407 208 2407 6679 2411 6679 2412 6679 2407 6680 2412 6680 2405 6680 2413 6681 2414 6681 2407 6681 2407 208 2414 208 2415 208 2407 208 2415 208 2410 208 2409 6682 2416 6682 2407 6682 2407 6683 2416 6683 2417 6683 2407 6684 2417 6684 2413 6684 2210 6685 2390 6685 2208 6685 2418 181 2419 181 2420 181 2209 6686 2420 6686 2421 6686 2209 6662 2208 6662 2422 6662 2420 6687 2209 6687 2418 6687 2418 181 2209 181 2422 181 2418 6660 2422 6660 2423 6660 2424 181 2425 181 2426 181 2426 181 2425 181 2209 181 2426 181 2209 181 2427 181 2427 181 2209 181 2421 181 2419 6688 2428 6688 2429 6688 2430 6689 2420 6689 2429 6689 2429 6690 2420 6690 2419 6690 2211 6691 2209 6691 2391 6691 2391 6692 2209 6692 2425 6692 2420 6693 2430 6693 2431 6693 2420 6694 2431 6694 2421 6694 2421 6695 2431 6695 2432 6695 2421 6655 2432 6655 2427 6655 2427 6655 2432 6655 2433 6655 2427 6696 2433 6696 2426 6696 2426 6697 2433 6697 2434 6697 2426 6698 2434 6698 2424 6698 2424 6699 2434 6699 2435 6699 2424 6700 2435 6700 2425 6700 2425 6700 2435 6700 2436 6700 2425 6701 2436 6701 2391 6701 2437 6184 2438 6184 2439 6184 2439 6184 2438 6184 2440 6184 2439 6184 2440 6184 2441 6184 2442 6184 2443 6184 2439 6184 2439 6702 2443 6702 2444 6702 2439 6703 2444 6703 2437 6703 2445 6704 2446 6704 2439 6704 2439 6184 2446 6184 2447 6184 2439 6184 2447 6184 2442 6184 2441 6184 2448 6184 2439 6184 2439 6705 2448 6705 2449 6705 2439 6706 2449 6706 2445 6706 2450 6184 2451 6184 2452 6184 2452 6184 2451 6184 2453 6184 2452 6184 2453 6184 2454 6184 2455 6184 2456 6184 2452 6184 2452 6707 2456 6707 2457 6707 2452 6708 2457 6708 2450 6708 2458 6709 2459 6709 2452 6709 2452 6184 2459 6184 2460 6184 2452 6184 2460 6184 2455 6184 2454 6184 2461 6184 2452 6184 2452 6710 2461 6710 2462 6710 2452 6711 2462 6711 2458 6711 2463 6712 2464 6712 2465 6712 2465 6713 2464 6713 2466 6713 2467 6714 2468 6714 2464 6714 2463 181 2469 181 2470 181 2469 181 2471 181 2470 181 2470 6715 2471 6715 2472 6715 2470 6716 2472 6716 2473 6716 2474 181 2475 181 2476 181 2476 6717 2475 6717 2467 6717 2476 6718 2467 6718 2470 6718 2470 6719 2467 6719 2464 6719 2470 6720 2464 6720 2463 6720 2477 6721 2478 6721 2473 6721 2473 6722 2478 6722 2470 6722 2470 6723 2478 6723 2479 6723 2466 6724 2464 6724 2480 6724 2480 6725 2464 6725 2468 6725 2470 6726 2479 6726 2476 6726 2476 6727 2479 6727 2481 6727 2476 6700 2481 6700 2474 6700 2474 6700 2481 6700 2482 6700 2474 6728 2482 6728 2475 6728 2475 6729 2482 6729 2483 6729 2475 6730 2483 6730 2467 6730 2467 6731 2483 6731 2484 6731 2467 6184 2484 6184 2468 6184 2468 6184 2484 6184 2485 6184 2468 6732 2485 6732 2480 6732 2486 6733 2487 6733 2213 6733 2488 6734 2489 6734 2213 6734 2213 6735 2489 6735 2490 6735 2213 6736 2490 6736 2486 6736 2491 6737 2492 6738 2213 6739 2213 6740 2492 6740 2493 6740 2213 6741 2493 6742 2488 6743 2212 6744 2264 6744 2213 6744 2213 6745 2264 6745 2348 6745 2213 6746 2348 6746 2491 6746 2491 6747 2348 6748 2494 6749 2495 6750 2229 6750 2496 6750 2496 6751 2229 6751 2220 6751 2496 6752 2220 6753 2497 6752 2220 6754 2222 6754 2497 6754 2497 6755 2222 6755 2224 6755 2497 6756 2224 6756 2498 6756 2213 6757 2487 6757 2231 6757 2231 6758 2487 6758 2498 6758 2231 6759 2498 6759 2230 6759 2230 6760 2498 6760 2224 6760 2229 6761 2247 6761 2227 6761 2227 6762 2247 6762 2243 6762 2227 6763 2243 6763 2225 6763 2225 6764 2243 6764 2245 6764 2225 6765 2245 6765 2235 6765 2235 6766 2245 6766 2254 6766 2235 6767 2254 6767 2234 6767 2234 6767 2254 6767 2253 6767 2234 6768 2253 6768 2233 6768 2233 6768 2253 6768 2252 6768 2233 6769 2252 6769 2217 6769 2217 6770 2252 6770 2236 6770 2499 6771 2255 6771 2500 6771 2500 6772 2255 6772 2256 6772 2256 6773 2257 6773 2500 6773 2500 6774 2257 6774 2258 6774 2500 6775 2258 6775 2501 6775 2258 6776 2250 6776 2501 6776 2501 6777 2250 6778 2248 6779 2501 6780 2248 6781 2502 6782 2502 6783 2248 6783 2247 6783 2502 6784 2247 6784 2503 6784 2260 6785 2262 6785 2255 6785 2504 6786 2505 6787 2506 6788 2499 6789 2507 6789 2255 6789 2255 6790 2507 6790 2504 6790 2504 6791 2506 6791 2255 6791 2255 6792 2506 6792 2508 6792 2255 6793 2508 6793 2509 6793 2509 6794 2510 6795 2255 6796 2255 6797 2510 6797 2314 6797 2255 6798 2314 6798 2260 6798 2481 6799 2479 6799 2486 6799 2511 181 2504 181 2507 181 2512 181 2513 181 2514 181 2515 181 2516 181 2382 181 2382 181 2516 181 2371 181 2511 181 2507 181 2513 181 2517 181 2518 181 2381 181 2514 181 2513 181 2519 181 2519 181 2513 181 2507 181 2519 6799 2507 6799 2520 6799 2521 6800 2522 6800 2523 6800 2524 181 2525 181 2521 181 2521 6801 2525 6801 2526 6801 2521 181 2526 181 2522 181 2432 181 2431 181 2485 181 2485 181 2431 181 2480 181 2482 181 2527 181 2483 181 2483 181 2527 181 2528 181 2483 6802 2528 6802 2484 6802 2523 181 2529 181 2521 181 2521 6803 2529 6803 2530 6803 2521 181 2530 181 2531 181 2531 6804 2530 6804 2532 6804 2531 6805 2532 6805 2514 6805 2514 6806 2532 6806 2533 6806 2514 181 2533 181 2512 181 2382 6807 2534 6807 2535 6807 2535 181 2536 181 2382 181 2382 6808 2536 6808 2524 6808 2382 181 2524 181 2515 181 2515 181 2524 181 2521 181 2537 181 2538 181 2482 181 2482 181 2538 181 2539 181 2482 181 2539 181 2527 181 2381 6809 2518 6809 2382 6809 2382 181 2518 181 2540 181 2382 6810 2540 6810 2534 6810 2377 181 2541 181 2379 181 2379 6811 2541 6811 2542 6811 2379 181 2542 181 2381 181 2381 6812 2542 6812 2543 6812 2381 6813 2543 6813 2517 6813 2373 181 2391 181 2375 181 2375 6814 2391 6814 2436 6814 2481 181 2486 181 2482 181 2482 181 2486 181 2490 181 2482 6815 2490 6815 2537 6815 2436 181 2435 181 2544 181 2545 6816 2546 6816 2377 6816 2377 6817 2546 6817 2547 6817 2377 6818 2547 6818 2541 6818 2548 181 2549 181 2433 181 2433 181 2549 181 2550 181 2551 6819 2552 6819 2485 6819 2544 181 2553 181 2436 181 2436 6820 2553 6820 2554 6820 2436 6821 2554 6821 2555 6821 2550 181 2556 181 2433 181 2433 6813 2556 6813 2557 6813 2433 6822 2557 6822 2434 6822 2434 181 2557 181 2558 181 2434 181 2558 181 2435 181 2435 6823 2558 6823 2559 6823 2435 6818 2559 6818 2544 6818 2528 6824 2560 6824 2484 6824 2484 6803 2560 6803 2561 6803 2484 181 2561 181 2485 181 2485 6825 2561 6825 2562 6825 2485 6826 2562 6826 2551 6826 2552 6827 2563 6827 2485 6827 2485 181 2563 181 2564 181 2485 181 2564 181 2432 181 2432 6808 2564 6808 2565 6808 2432 181 2565 181 2433 181 2433 6828 2565 6828 2566 6828 2433 6829 2566 6829 2548 6829 2555 181 2567 181 2436 181 2436 6830 2567 6830 2568 6830 2436 181 2568 181 2375 181 2375 6830 2568 6830 2569 6830 2375 181 2569 181 2377 181 2377 6831 2569 6831 2570 6831 2377 6832 2570 6832 2545 6832 2571 6833 2572 6833 2516 6833 2573 6834 2574 6834 2520 6834 2520 6835 2574 6835 2575 6835 2571 6836 2516 6836 2576 6836 2576 6837 2516 6837 2515 6837 2576 6184 2515 6184 2577 6184 2577 6184 2515 6184 2521 6184 2577 6838 2521 6838 2578 6838 2578 6839 2521 6839 2531 6839 2578 6840 2531 6840 2579 6840 2579 6841 2531 6841 2514 6841 2579 6650 2514 6650 2575 6650 2575 6650 2514 6650 2519 6650 2575 6842 2519 6842 2520 6842 2580 6843 2574 6843 2581 6843 2581 6844 2574 6844 2573 6844 2576 181 2574 181 2571 181 2571 6845 2574 6845 2580 6845 2571 181 2580 181 2582 181 2582 6846 2583 6846 2571 6846 2571 6847 2583 6847 2584 6847 2571 6848 2584 6848 2585 6848 2579 181 2575 181 2578 181 2578 181 2575 181 2574 181 2578 181 2574 181 2577 181 2577 181 2574 181 2576 181 2586 6849 2572 6849 2585 6849 2585 6850 2572 6850 2571 6850 2385 6851 2572 6851 2587 6851 2587 6852 2572 6852 2586 6852 2371 6853 2516 6853 2369 6853 2369 6854 2516 6854 2572 6854 2369 6855 2572 6855 2384 6855 2384 6856 2572 6856 2385 6856 2588 6857 2589 6857 2389 6857 2590 6858 2591 6858 2388 6858 2388 6859 2591 6859 2592 6859 2592 6860 2593 6860 2388 6860 2388 6861 2593 6861 2594 6861 2388 6862 2594 6862 2207 6862 2207 6863 2594 6863 2595 6863 2207 6864 2595 6864 2389 6864 2389 6865 2595 6865 2596 6865 2389 6866 2596 6866 2588 6866 2597 6867 2598 6867 2386 6867 2598 6868 2599 6868 2386 6868 2386 6869 2599 6870 2600 6871 2386 6872 2600 6872 2387 6872 2387 6873 2600 6873 2601 6873 2387 6874 2601 6874 2388 6874 2388 6875 2601 6875 2602 6875 2388 6876 2602 6877 2590 6878 2385 6879 2603 6879 2604 6879 2604 6880 2605 6880 2385 6880 2385 6881 2605 6881 2606 6881 2385 6882 2606 6882 2383 6882 2383 6883 2606 6883 2607 6883 2383 6884 2607 6884 2386 6884 2386 6885 2607 6885 2608 6885 2386 6886 2608 6886 2597 6886 2603 6887 2589 6887 2604 6887 2604 6888 2589 6888 2588 6888 2604 6889 2588 6889 2605 6889 2605 6890 2588 6890 2596 6890 2605 6891 2596 6891 2606 6891 2606 6892 2596 6892 2595 6892 2606 6893 2595 6893 2607 6893 2607 6894 2595 6894 2594 6894 2607 6895 2594 6895 2608 6895 2590 6896 2602 6897 2591 6898 2591 6899 2602 6899 2597 6899 2591 6900 2597 6900 2592 6900 2592 6901 2597 6901 2608 6901 2592 6902 2608 6902 2593 6902 2593 6903 2608 6903 2594 6903 2599 6904 2598 6905 2600 6906 2600 6907 2598 6907 2597 6907 2600 6908 2597 6908 2601 6908 2601 6909 2597 6909 2602 6909 2389 6655 2589 6655 2390 6655 2390 6655 2589 6655 2609 6655 2609 6910 2610 6910 2611 6910 2611 6911 2610 6911 2612 6911 2611 6912 2612 6912 2613 6912 2613 6913 2612 6913 2614 6913 2613 6914 2614 6914 2615 6914 2615 6915 2614 6915 2616 6915 2615 6916 2616 6916 2617 6916 2617 6917 2616 6917 2618 6917 2617 6918 2618 6918 2619 6918 2619 6919 2618 6919 2620 6919 2619 6920 2620 6920 2621 6920 2622 6921 2623 6922 2624 6923 2624 6924 2623 6924 2621 6924 2624 6925 2621 6925 2625 6925 2625 6926 2621 6926 2620 6926 2626 6927 2627 6928 2628 6929 2628 6930 2627 6930 2621 6930 2628 6931 2621 6931 2629 6931 2629 6932 2621 6932 2623 6932 2395 6933 2630 6933 2396 6933 2396 6934 2630 6934 2631 6934 2396 6935 2631 6935 2403 6935 2403 6936 2631 6936 2632 6936 2403 6937 2632 6937 2404 6937 2404 6938 2632 6938 2633 6938 2404 6939 2633 6939 2400 6939 2400 6940 2633 6940 2634 6940 2400 6941 2634 6941 2401 6941 2401 6941 2634 6941 2635 6941 2401 6942 2635 6942 2402 6942 2402 6943 2635 6943 2636 6943 2402 6944 2636 6944 2397 6944 2397 6945 2636 6945 2637 6945 2397 6946 2637 6946 2398 6946 2398 6946 2637 6946 2638 6946 2398 6947 2638 6947 2399 6947 2399 6948 2638 6948 2639 6948 2399 6949 2639 6949 2392 6949 2392 6950 2639 6950 2640 6950 2392 6951 2640 6951 2393 6951 2393 6952 2640 6952 2641 6952 2393 6953 2641 6953 2395 6953 2395 6954 2641 6954 2630 6954 2408 6955 2642 6955 2409 6955 2409 6956 2642 6956 2643 6956 2409 6957 2643 6957 2416 6957 2416 6957 2643 6957 2644 6957 2416 6958 2644 6958 2417 6958 2417 6959 2644 6959 2645 6959 2417 6960 2645 6960 2413 6960 2413 6961 2645 6961 2646 6961 2413 6962 2646 6962 2414 6962 2414 6963 2646 6963 2647 6963 2414 6964 2647 6964 2415 6964 2415 6965 2647 6965 2648 6965 2415 6966 2648 6966 2410 6966 2410 6967 2648 6967 2649 6967 2410 6968 2649 6968 2411 6968 2411 6969 2649 6969 2650 6969 2411 6970 2650 6970 2412 6970 2412 6971 2650 6971 2651 6971 2412 6972 2651 6972 2405 6972 2405 6973 2651 6973 2652 6973 2405 6974 2652 6974 2406 6974 2406 6974 2652 6974 2653 6974 2406 6975 2653 6975 2408 6975 2408 6976 2653 6976 2642 6976 2612 6977 2610 6977 2428 6977 2622 6978 2624 6978 2418 6978 2418 6979 2624 6979 2625 6979 2625 6980 2620 6980 2418 6980 2418 6981 2620 6981 2618 6981 2418 6982 2618 6982 2419 6982 2419 6983 2618 6983 2616 6983 2419 6984 2616 6984 2428 6984 2428 6985 2616 6985 2614 6985 2428 6986 2614 6986 2612 6986 2621 6987 2627 6987 2422 6987 2627 6988 2626 6988 2422 6988 2422 6989 2626 6990 2628 6991 2422 6992 2628 6992 2423 6992 2423 6993 2628 6993 2629 6993 2423 6994 2629 6994 2418 6994 2418 6995 2629 6995 2623 6995 2418 6996 2623 6997 2622 6998 2390 6999 2609 6999 2611 6999 2611 7000 2613 7000 2390 7000 2390 7001 2613 7001 2615 7001 2390 7002 2615 7002 2208 7002 2208 7003 2615 7003 2617 7003 2208 7004 2617 7004 2422 7004 2422 7005 2617 7005 2619 7005 2422 7006 2619 7006 2621 7006 2430 7007 2429 7007 2428 7007 2654 7008 2465 7008 2466 7008 2480 7009 2431 7009 2466 7009 2466 7010 2431 7010 2430 7010 2466 7011 2430 7011 2654 7011 2654 7012 2430 7012 2428 7012 2440 7013 2655 7013 2441 7013 2441 7013 2655 7013 2656 7013 2441 7014 2656 7014 2448 7014 2448 7015 2656 7015 2657 7015 2448 7016 2657 7016 2449 7016 2449 7017 2657 7017 2658 7017 2449 7018 2658 7018 2445 7018 2445 7019 2658 7019 2659 7019 2445 7020 2659 7020 2446 7020 2446 7021 2659 7021 2660 7021 2446 7022 2660 7022 2447 7022 2447 7023 2660 7023 2661 7023 2447 7024 2661 7024 2442 7024 2442 7025 2661 7025 2662 7025 2442 7026 2662 7026 2443 7026 2443 7027 2662 7027 2663 7027 2443 7028 2663 7028 2444 7028 2444 7029 2663 7029 2664 7029 2444 7030 2664 7030 2437 7030 2437 7031 2664 7031 2665 7031 2437 7032 2665 7032 2438 7032 2438 7033 2665 7033 2666 7033 2438 7034 2666 7034 2440 7034 2440 7035 2666 7035 2655 7035 2453 7036 2667 7036 2454 7036 2454 7037 2667 7037 2668 7037 2454 7038 2668 7038 2461 7038 2461 7039 2668 7039 2669 7039 2461 7040 2669 7040 2462 7040 2462 7041 2669 7041 2670 7041 2462 7042 2670 7042 2458 7042 2458 7043 2670 7043 2671 7043 2458 7044 2671 7044 2459 7044 2459 7045 2671 7045 2672 7045 2459 7046 2672 7046 2460 7046 2460 7046 2672 7046 2673 7046 2460 7047 2673 7047 2455 7047 2455 7048 2673 7048 2674 7048 2455 7049 2674 7049 2456 7049 2456 7050 2674 7050 2675 7050 2456 7051 2675 7051 2457 7051 2457 7052 2675 7052 2676 7052 2457 7053 2676 7053 2450 7053 2450 7054 2676 7054 2677 7054 2450 7055 2677 7055 2451 7055 2451 7056 2677 7056 2678 7056 2451 7057 2678 7057 2453 7057 2453 7058 2678 7058 2667 7058 2679 7059 2680 7060 2681 7061 2682 7062 2683 7062 2684 7062 2685 6700 2686 6700 2687 6700 2684 7063 2683 7063 2687 7063 2687 7064 2683 7064 2688 7064 2687 7065 2688 7065 2685 7065 2681 7066 2680 7066 2684 7066 2684 7067 2680 7068 2689 7069 2684 7070 2689 7070 2682 7070 2690 7071 2691 7071 2681 7071 2681 7072 2691 7073 2692 7074 2681 7075 2692 7075 2679 7075 2693 181 2694 181 2690 181 2690 181 2694 181 2695 181 2690 181 2695 181 2691 181 2685 7076 2688 7076 2463 7076 2465 7077 2654 7077 2463 7077 2463 7078 2654 7078 2686 7078 2463 7079 2686 7079 2685 7079 2688 7080 2683 7081 2463 7082 2463 7083 2683 7083 2682 7083 2463 7084 2682 7084 2469 7084 2469 7085 2682 7085 2689 7085 2469 7086 2689 7086 2680 7086 2680 7087 2679 7087 2469 7087 2469 7088 2679 7088 2692 7088 2469 7089 2692 7089 2471 7089 2471 7090 2692 7090 2691 7090 2691 7091 2695 7091 2471 7091 2471 7092 2695 7092 2694 7092 2471 7092 2694 7092 2472 7092 2696 7093 2477 7093 2473 7093 2472 7094 2694 7094 2473 7094 2473 7095 2694 7095 2693 7095 2473 7096 2693 7096 2696 7096 2497 7097 2696 7097 2496 7097 2496 7098 2696 7099 2495 7100 2497 7101 2498 7101 2696 7101 2696 7102 2498 7102 2487 7102 2696 7103 2487 7103 2477 7103 2486 7104 2479 7104 2487 7104 2487 7105 2479 7105 2478 7105 2487 7106 2478 7106 2477 7106 2495 7107 2503 7107 2229 7107 2229 7108 2503 7108 2247 7108 2499 7109 2500 7109 2697 7109 2500 7110 2501 7110 2697 7110 2697 7111 2501 7111 2502 7111 2697 7112 2502 7113 2503 7114 2520 7115 2507 7115 2573 7115 2573 7116 2507 7116 2499 7116 2573 7117 2499 7117 2581 7117 2581 7118 2499 7118 2697 7118 2581 7119 2697 7119 2580 7119 2580 7120 2697 7120 2698 7120 2580 7121 2698 7121 2582 7121 2698 7122 2699 7122 2582 7122 2582 7123 2699 7123 2700 7123 2582 7123 2700 7123 2583 7123 2583 7124 2700 7124 2584 7124 2700 7125 2701 7125 2584 7125 2584 7126 2701 7126 2702 7126 2584 7127 2702 7128 2703 7129 2587 7130 2586 7130 2585 7130 2704 7131 2705 7131 2585 7131 2703 7132 2706 7133 2584 7134 2584 7135 2706 7135 2707 7135 2584 7136 2707 7136 2585 7136 2585 7137 2707 7137 2708 7137 2585 7138 2708 7138 2704 7138 2705 7139 2709 7139 2585 7139 2585 7140 2709 7140 2710 7140 2585 7141 2710 7141 2587 7141 2701 181 2700 181 2711 181 2711 181 2700 181 2699 181 2711 181 2699 181 2698 181 2701 7142 2711 7142 2702 7142 2702 7143 2711 7143 2712 7143 2702 7144 2712 7144 2703 7144 2703 7145 2712 7146 2706 7147 2706 7148 2712 7148 2707 7148 2707 7149 2712 7149 2713 7149 2707 7150 2713 7150 2708 7150 2714 7151 2710 7151 2713 7151 2713 7152 2710 7153 2709 7154 2709 7155 2705 7155 2713 7155 2713 7156 2705 7157 2704 7158 2713 7159 2704 7160 2708 7161 2385 6650 2587 6650 2603 6650 2603 6650 2587 6650 2710 6650 2715 6650 2603 6650 2716 6650 2716 6650 2603 6650 2710 6650 2716 6650 2710 6650 2717 6650 2717 6650 2710 6650 2714 6650 2718 7162 2719 7163 2720 7164 2721 7165 2722 7166 2723 7167 2724 6650 2716 6650 2717 6650 2723 7168 2722 7168 2717 7168 2717 7169 2722 7170 2725 7171 2717 7172 2725 7172 2724 7172 2720 7173 2719 7173 2723 7173 2723 7174 2719 7174 2726 7174 2723 7175 2726 7176 2721 7177 2727 7178 2728 7178 2720 7178 2720 7179 2728 7179 2729 7179 2720 7180 2729 7180 2718 7180 2730 208 2731 208 2727 208 2727 208 2731 208 2732 208 2727 208 2732 208 2728 208 2730 7181 2733 7181 2734 7181 2730 7182 2734 7182 2731 7182 2731 7183 2734 7183 2735 7183 2731 7183 2735 7183 2732 7183 2719 7184 2718 7184 2736 7184 2736 7185 2718 7185 2729 7185 2736 7186 2729 7186 2735 7186 2735 7187 2729 7188 2728 7189 2735 7190 2728 7190 2732 7190 2725 7191 2715 7191 2724 7191 2724 6650 2715 6650 2716 6650 2725 7192 2722 7192 2715 7192 2715 7193 2722 7193 2721 7193 2715 7194 2721 7194 2736 7194 2736 7195 2721 7196 2726 7197 2736 7198 2726 7198 2719 7198 2649 208 2603 208 2650 208 2650 208 2603 208 2715 208 2650 7199 2715 7199 2651 7199 2651 208 2715 208 2652 208 2646 208 2645 208 2737 208 2737 7200 2645 7200 2644 7200 2737 7201 2644 7201 2733 7201 2610 7202 2633 7202 2632 7202 2715 7203 2736 7203 2652 7203 2652 208 2736 208 2735 208 2652 208 2735 208 2653 208 2653 208 2735 208 2734 208 2653 208 2734 208 2642 208 2642 208 2734 208 2733 208 2642 208 2733 208 2643 208 2643 208 2733 208 2644 208 2637 208 2609 208 2638 208 2638 7204 2609 7204 2589 7204 2638 208 2589 208 2639 208 2639 7205 2589 7205 2603 7205 2639 208 2603 208 2640 208 2640 208 2603 208 2649 208 2610 208 2632 208 2738 208 2738 7206 2632 7206 2631 7206 2738 208 2631 208 2630 208 2637 208 2636 208 2609 208 2609 208 2636 208 2635 208 2609 208 2635 208 2610 208 2610 7207 2635 7207 2634 7207 2610 7208 2634 7208 2633 7208 2737 7209 2739 7209 2740 7209 2649 7210 2648 7210 2640 7210 2640 7211 2648 7211 2647 7211 2640 208 2647 208 2641 208 2641 7212 2647 7212 2646 7212 2641 7213 2646 7213 2630 7213 2630 208 2646 208 2737 208 2630 208 2737 208 2738 208 2738 208 2737 208 2740 208 2738 208 2740 208 2741 208 2742 7214 2743 7214 2738 7214 2738 7215 2743 7215 2744 7215 2738 6700 2744 6700 2745 6700 2746 7216 2747 7216 2741 7216 2741 7217 2747 7217 2748 7217 2741 7218 2748 7218 2749 7218 2749 7219 2750 7220 2741 7221 2741 7222 2750 7222 2751 7222 2741 7223 2751 7223 2738 7223 2738 7224 2751 7224 2752 7224 2738 7225 2752 7225 2742 7225 2741 7226 2740 7226 2746 7226 2746 7227 2740 7227 2739 7227 2746 7227 2739 7227 2753 7227 2753 7228 2739 7228 2737 7228 2753 7229 2737 7229 2754 7229 2747 208 2746 208 2755 208 2755 208 2746 208 2753 208 2755 208 2753 208 2754 208 2747 7230 2755 7230 2748 7230 2748 7231 2755 7232 2756 7233 2748 7234 2756 7235 2749 7236 2749 7237 2756 7238 2750 7239 2750 7240 2756 7240 2751 7240 2751 7241 2756 7241 2757 7241 2751 7242 2757 7242 2752 7242 2758 7243 2745 7243 2757 7243 2757 7244 2745 7245 2744 7246 2744 7247 2743 7247 2757 7247 2757 7248 2743 7248 2742 7248 2757 7249 2742 7250 2752 7251 2686 6700 2654 6700 2428 6700 2610 6700 2738 6700 2745 6700 2758 6700 2687 6700 2745 6700 2745 6700 2687 6700 2686 6700 2745 6700 2686 6700 2610 6700 2610 6700 2686 6700 2428 6700 2713 7252 2712 7252 2711 7252 2663 7253 2662 7253 2759 7253 2759 6184 2662 6184 2661 6184 2759 7254 2661 7254 2760 7254 2714 6184 2713 6184 2657 6184 2657 7255 2713 7255 2711 7255 2657 7256 2711 7256 2658 7256 2658 6184 2711 6184 2698 6184 2658 7257 2698 7257 2659 7257 2659 6184 2698 6184 2660 6184 2693 7258 2761 7258 2696 7258 2696 7259 2761 7259 2762 7259 2696 7260 2762 7260 2763 7260 2667 6184 2678 6184 2754 6184 2754 7261 2678 7261 2677 7261 2754 6184 2677 6184 2755 6184 2727 6184 2665 6184 2730 6184 2730 7262 2665 7262 2664 7262 2664 6184 2663 6184 2730 6184 2730 7263 2663 7263 2759 7263 2730 6184 2759 6184 2733 6184 2733 6184 2759 6184 2764 6184 2733 7264 2764 7264 2765 7264 2758 7265 2677 7265 2676 7265 2766 6184 2767 6184 2737 6184 2737 7266 2767 7266 2768 7266 2657 7267 2656 7267 2714 7267 2714 7268 2656 7268 2655 7268 2714 6184 2655 6184 2717 6184 2717 7269 2655 7269 2666 7269 2717 6184 2666 6184 2723 6184 2723 7270 2666 7270 2665 7270 2723 6184 2665 6184 2720 6184 2720 6184 2665 6184 2727 6184 2758 7271 2757 7271 2677 7271 2677 7272 2757 7272 2756 7272 2677 7273 2756 7273 2755 7273 2676 6184 2675 6184 2758 6184 2758 7274 2675 7274 2674 7274 2758 6184 2674 6184 2687 6184 2687 7275 2674 7275 2673 7275 2687 7276 2673 7276 2672 7276 2684 7277 2687 7277 2681 7277 2681 7278 2687 7278 2672 7278 2681 6184 2672 6184 2690 6184 2690 6184 2672 6184 2671 6184 2690 6184 2671 6184 2693 6184 2765 6184 2769 6184 2733 6184 2733 7279 2769 7279 2770 7279 2733 6184 2770 6184 2737 6184 2737 6184 2770 6184 2771 6184 2737 7280 2771 7280 2766 7280 2661 6184 2660 6184 2760 6184 2760 6184 2660 6184 2698 6184 2760 6184 2698 6184 2772 6184 2772 6184 2698 6184 2697 6184 2772 6184 2697 6184 2773 6184 2773 6184 2697 6184 2503 6184 2773 6184 2503 6184 2763 6184 2763 6184 2503 6184 2495 6184 2763 6184 2495 6184 2696 6184 2671 7281 2670 7281 2693 7281 2693 7282 2670 7282 2669 7282 2693 6184 2669 6184 2761 6184 2761 6184 2669 6184 2668 6184 2761 6184 2668 6184 2774 6184 2774 7283 2668 7283 2667 7283 2774 6184 2667 6184 2768 6184 2768 7284 2667 7284 2754 7284 2768 6184 2754 6184 2737 6184 2086 7285 2775 7285 2085 7285 2085 7286 2775 7286 2776 7286 2085 7287 2776 7287 2084 7287 2084 7288 2776 7288 2777 7288 2084 7289 2777 7289 2083 7289 2083 7290 2777 7290 2778 7290 2083 7291 2778 7291 2082 7291 2082 7292 2778 7292 2779 7292 2082 7293 2779 7293 2081 7293 2081 7294 2779 7295 2780 7296 2081 7297 2780 7297 2080 7297 2080 7298 2780 7298 2781 7298 2080 7299 2781 7299 2091 7299 2091 7300 2781 7300 2782 7300 2091 7301 2782 7302 2090 7303 2090 7304 2782 7304 2783 7304 2090 7305 2783 7305 2089 7305 2089 7306 2783 7306 2784 7306 2089 7307 2784 7307 2088 7307 2088 7308 2784 7308 2785 7308 2088 7309 2785 7309 2087 7309 2087 7310 2785 7310 2786 7310 2087 7311 2786 7312 2086 7313 2086 7314 2786 7314 2775 7314 2786 7315 2787 7315 2775 7315 2775 7316 2787 7316 2788 7316 2775 7317 2788 7317 2776 7317 2776 7318 2788 7318 2789 7318 2776 7319 2789 7319 2777 7319 2777 7320 2789 7320 2790 7320 2777 7321 2790 7321 2778 7321 2778 7322 2790 7322 2791 7322 2778 7323 2791 7323 2779 7323 2779 7324 2791 7324 2792 7324 2779 7325 2792 7325 2780 7325 2780 7326 2792 7326 2793 7326 2780 7327 2793 7327 2781 7327 2781 7328 2793 7328 2794 7328 2781 7329 2794 7329 2782 7329 2782 7330 2794 7330 2795 7330 2782 7331 2795 7331 2783 7331 2783 7332 2795 7332 2796 7332 2783 7333 2796 7333 2784 7333 2784 7334 2796 7334 2797 7334 2784 7335 2797 7335 2785 7335 2785 7336 2797 7336 2798 7336 2785 7337 2798 7337 2786 7337 2786 7338 2798 7338 2787 7338 2798 7339 2118 7339 2787 7339 2787 7340 2118 7340 2117 7340 2787 7341 2117 7341 2788 7341 2788 7342 2117 7343 2124 7344 2788 7345 2124 7345 2789 7345 2789 7346 2124 7347 2123 7348 2789 7349 2123 7350 2790 7351 2790 7352 2123 7353 2122 7354 2790 7355 2122 7355 2791 7355 2791 7356 2122 7356 2127 7356 2791 7357 2127 7357 2792 7357 2792 7358 2127 7359 2126 7360 2792 7361 2126 7361 2793 7362 2793 7363 2126 7364 2125 7365 2793 7366 2125 7366 2794 7366 2794 7367 2125 7368 2129 7369 2794 7370 2129 7370 2795 7370 2795 7371 2129 7371 2128 7371 2795 7372 2128 7372 2796 7372 2796 7373 2128 7373 2121 7373 2796 7374 2121 7374 2797 7374 2797 7375 2121 7375 2120 7375 2797 7376 2120 7376 2798 7376 2798 7377 2120 7378 2118 7379 2098 7380 2799 7380 2097 7380 2097 7381 2799 7381 2800 7381 2097 7382 2800 7382 2096 7382 2096 7383 2800 7383 2801 7383 2096 7384 2801 7384 2095 7384 2095 7385 2801 7385 2802 7385 2095 7386 2802 7386 2094 7386 2094 7387 2802 7387 2803 7387 2094 7388 2803 7388 2093 7388 2093 7389 2803 7389 2804 7389 2093 7390 2804 7390 2092 7390 2092 7391 2804 7391 2805 7391 2092 7392 2805 7392 2103 7393 2103 7394 2805 7395 2806 7396 2103 7397 2806 7397 2102 7397 2102 7398 2806 7398 2807 7398 2102 7399 2807 7400 2101 7401 2101 7402 2807 7402 2808 7402 2101 7403 2808 7403 2100 7403 2100 7404 2808 7404 2809 7404 2100 7405 2809 7405 2099 7405 2099 7406 2809 7407 2810 7407 2099 7408 2810 7408 2098 7408 2098 7409 2810 7409 2799 7409 2810 7410 2811 7411 2799 7410 2799 7412 2811 7412 2812 7412 2799 7413 2812 7413 2800 7413 2800 7414 2812 7415 2813 7416 2800 7417 2813 7418 2801 7419 2801 7420 2813 7420 2814 7420 2801 7421 2814 7421 2802 7422 2802 7423 2814 7423 2815 7423 2802 7424 2815 7424 2803 7424 2803 7425 2815 7425 2816 7425 2803 7426 2816 7426 2804 7426 2804 7427 2816 7427 2817 7427 2804 7428 2817 7428 2805 7428 2805 7429 2817 7429 2818 7429 2805 7430 2818 7430 2806 7430 2806 7431 2818 7431 2819 7431 2806 7432 2819 7432 2807 7432 2807 7433 2819 7433 2820 7433 2807 7434 2820 7434 2808 7434 2808 7435 2820 7435 2821 7435 2808 7436 2821 7437 2809 7437 2809 7438 2821 7438 2822 7438 2809 7439 2822 7439 2810 7439 2810 7440 2822 7441 2811 7441 2822 7442 2823 7442 2811 7442 2811 7443 2823 7444 2824 7445 2811 7446 2824 7446 2812 7446 2812 7447 2824 7447 2825 7447 2812 7448 2825 7448 2813 7448 2813 7449 2825 7450 2826 7451 2813 7452 2826 7452 2814 7452 2814 7453 2826 7453 2827 7453 2814 7454 2827 7455 2815 7456 2815 7457 2827 7458 2828 7459 2815 7460 2828 7460 2816 7460 2816 7461 2828 7462 2829 7463 2816 7464 2829 7464 2817 7464 2817 7465 2829 7465 2830 7465 2817 7466 2830 7466 2818 7466 2818 7467 2830 7467 2831 7467 2818 7468 2831 7468 2819 7468 2819 7469 2831 7469 2832 7469 2819 7470 2832 7470 2820 7470 2820 7471 2832 7471 2833 7471 2820 7472 2833 7473 2821 7474 2821 7475 2833 7475 2834 7475 2821 7476 2834 7477 2822 7478 2822 7479 2834 7479 2823 7479 2834 7480 2105 7481 2823 7482 2823 7483 2105 7484 2104 7485 2823 7486 2104 7486 2824 7486 2824 7487 2104 7487 2111 7487 2824 7488 2111 7488 2825 7488 2825 7489 2111 7489 2110 7489 2825 7490 2110 7491 2826 7492 2826 7493 2110 7493 2109 7493 2826 7494 2109 7495 2827 7496 2827 7497 2109 7498 2114 7499 2827 7500 2114 7500 2828 7500 2828 7501 2114 7502 2113 7503 2828 7504 2113 7504 2829 7504 2829 7505 2113 7505 2112 7505 2829 7506 2112 7507 2830 7506 2830 7508 2112 7508 2116 7508 2830 7509 2116 7509 2831 7509 2831 7510 2116 7511 2115 7512 2831 7513 2115 7513 2832 7513 2832 7514 2115 7514 2108 7514 2832 7515 2108 7515 2833 7515 2833 7516 2108 7516 2107 7516 2833 7517 2107 7517 2834 7517 2834 7518 2107 7518 2105 7518 2492 7519 2491 7519 2835 7519 2494 7520 2348 7521 2349 7521 2505 7522 2504 7522 2511 7522 2505 7523 2511 7524 2506 7524 2509 7525 2508 7525 2836 7525 2314 7526 2510 7526 2837 7526 2489 7527 2488 7527 2838 7527 2838 7528 2488 7529 2493 7530 2491 7531 2494 7531 2835 7531 2835 7532 2494 7532 2349 7532 2835 7533 2349 7533 2839 7533 2839 7534 2349 7534 2350 7534 2839 7535 2350 7535 2840 7535 2840 7536 2350 7536 2351 7536 2840 7537 2351 7537 2841 7537 2841 7538 2351 7538 2352 7538 2841 7539 2352 7539 2842 7539 2842 7540 2352 7540 2353 7540 2842 7541 2353 7541 2843 7541 2843 7542 2353 7542 2354 7542 2843 7543 2354 7543 2844 7543 2844 7544 2354 7544 2355 7544 2844 7545 2355 7545 2845 7545 2845 7546 2355 7546 2356 7546 2845 7547 2356 7547 2846 7547 2846 7548 2356 7548 2357 7548 2846 7549 2357 7549 2847 7549 2847 7550 2357 7550 2358 7550 2847 7551 2358 7551 2848 7551 2848 7552 2358 7552 2359 7552 2848 7553 2359 7553 2849 7553 2849 7554 2359 7554 2360 7554 2849 7555 2360 7555 2850 7555 2850 7556 2360 7556 2361 7556 2850 7557 2361 7557 2851 7557 2851 7558 2361 7558 2362 7558 2851 7559 2362 7559 2852 7559 2852 7560 2362 7560 2363 7560 2852 7561 2363 7561 2853 7561 2853 7562 2363 7562 2364 7562 2853 7563 2364 7563 2854 7563 2854 7564 2364 7564 2365 7564 2854 7565 2365 7565 2855 7565 2855 7566 2365 7566 2366 7566 2855 7567 2366 7567 2856 7567 2856 7568 2366 7568 2367 7568 2856 7569 2367 7569 2857 7569 2857 7570 2367 7570 2368 7570 2857 7571 2368 7571 2858 7571 2858 7572 2368 7572 2347 7572 2858 7573 2347 7573 2859 7573 2859 7574 2347 7574 2346 7574 2859 7575 2346 7575 2860 7575 2860 7576 2346 7576 2345 7576 2860 7577 2345 7577 2861 7577 2861 7578 2345 7578 2344 7578 2861 7579 2344 7579 2862 7579 2862 7580 2344 7580 2343 7580 2862 7581 2343 7581 2863 7581 2863 7582 2343 7582 2342 7582 2863 7583 2342 7583 2864 7583 2864 7584 2342 7584 2341 7584 2864 7585 2341 7585 2865 7585 2865 7586 2341 7586 2340 7586 2865 7587 2340 7587 2866 7587 2866 7588 2340 7588 2339 7588 2866 7589 2339 7589 2867 7589 2867 7590 2339 7590 2338 7590 2867 7591 2338 7591 2868 7591 2868 7592 2338 7592 2337 7592 2868 7593 2337 7593 2869 7593 2869 7594 2337 7594 2336 7594 2869 7595 2336 7595 2870 7595 2870 7596 2336 7596 2335 7596 2870 7597 2335 7597 2871 7597 2871 7598 2335 7598 2334 7598 2871 7599 2334 7599 2872 7599 2872 7600 2334 7600 2333 7600 2872 7601 2333 7602 2873 7603 2873 7604 2333 7604 2332 7604 2873 7605 2332 7605 2874 7605 2874 7606 2332 7606 2331 7606 2874 7607 2331 7607 2875 7607 2875 7608 2331 7608 2330 7608 2875 7609 2330 7609 2876 7609 2876 7610 2330 7610 2329 7610 2876 7611 2329 7611 2877 7612 2877 7613 2329 7613 2328 7613 2877 7614 2328 7614 2878 7614 2878 7615 2328 7615 2327 7615 2878 7616 2327 7616 2879 7616 2879 7617 2327 7617 2326 7617 2879 7618 2326 7618 2880 7618 2880 7619 2326 7619 2325 7619 2880 7620 2325 7620 2881 7620 2881 7621 2325 7621 2324 7621 2881 7622 2324 7622 2882 7622 2882 7623 2324 7623 2323 7623 2882 7624 2323 7624 2883 7624 2883 7625 2323 7625 2322 7625 2883 7626 2322 7626 2884 7626 2884 7627 2322 7627 2321 7627 2884 7628 2321 7628 2885 7628 2885 7629 2321 7629 2320 7629 2885 7630 2320 7630 2886 7630 2886 7631 2320 7631 2319 7631 2886 7632 2319 7632 2887 7632 2887 7633 2319 7634 2318 7635 2887 7636 2318 7637 2888 7638 2888 7639 2318 7639 2317 7639 2888 7640 2317 7640 2889 7640 2889 7641 2317 7641 2316 7641 2889 7642 2316 7642 2837 7642 2837 7643 2316 7643 2315 7643 2837 7644 2315 7644 2314 7644 2493 7645 2492 7645 2838 7645 2838 7646 2492 7646 2835 7646 2838 7647 2835 7647 2890 7647 2890 7648 2835 7648 2839 7648 2890 7649 2839 7649 2891 7649 2891 7650 2839 7650 2840 7650 2891 7651 2840 7651 2892 7651 2892 7652 2840 7652 2841 7653 2892 7654 2841 7655 2893 7656 2893 7657 2841 7657 2842 7657 2893 7658 2842 7658 2894 7658 2894 7659 2842 7659 2843 7659 2894 7660 2843 7660 2895 7660 2895 7661 2843 7661 2844 7661 2895 7662 2844 7662 2896 7662 2896 7663 2844 7663 2845 7663 2896 7664 2845 7664 2897 7664 2897 7665 2845 7665 2846 7665 2897 7666 2846 7666 2898 7666 2898 7667 2846 7667 2847 7667 2898 7668 2847 7668 2899 7668 2899 7669 2847 7669 2848 7669 2899 7670 2848 7670 2900 7670 2900 7671 2848 7671 2849 7671 2900 7672 2849 7672 2901 7672 2901 7673 2849 7673 2850 7673 2901 7674 2850 7674 2902 7674 2902 7675 2850 7675 2851 7675 2902 7676 2851 7676 2903 7676 2903 7677 2851 7677 2852 7677 2903 7678 2852 7678 2904 7678 2904 7679 2852 7679 2853 7679 2904 7680 2853 7680 2905 7680 2905 7681 2853 7681 2854 7681 2905 7682 2854 7682 2906 7682 2906 7683 2854 7683 2855 7683 2906 7684 2855 7684 2907 7684 2907 7685 2855 7685 2856 7685 2907 7686 2856 7686 2908 7686 2908 7687 2856 7687 2857 7687 2908 7688 2857 7688 2909 7688 2909 7689 2857 7689 2858 7689 2909 7690 2858 7690 2910 7690 2910 7691 2858 7691 2859 7691 2910 7692 2859 7692 2911 7692 2911 7693 2859 7693 2860 7693 2911 7694 2860 7694 2912 7694 2912 7695 2860 7695 2861 7695 2912 7696 2861 7696 2913 7696 2913 7697 2861 7697 2862 7697 2913 7698 2862 7698 2914 7698 2914 7699 2862 7699 2863 7699 2914 7700 2863 7700 2915 7700 2915 7701 2863 7701 2864 7701 2915 7702 2864 7702 2916 7702 2916 7703 2864 7703 2865 7703 2916 7704 2865 7704 2917 7704 2917 7705 2865 7705 2866 7705 2917 7706 2866 7706 2918 7707 2918 7708 2866 7708 2867 7708 2918 7709 2867 7709 2919 7709 2919 7710 2867 7710 2868 7710 2919 7711 2868 7711 2920 7711 2920 7712 2868 7712 2869 7712 2920 7713 2869 7713 2921 7713 2921 7714 2869 7714 2870 7714 2921 7715 2870 7715 2922 7715 2922 7716 2870 7716 2871 7716 2922 7717 2871 7717 2923 7717 2923 7718 2871 7718 2872 7718 2923 7719 2872 7719 2924 7719 2924 7720 2872 7720 2873 7720 2924 7721 2873 7721 2925 7721 2925 7722 2873 7722 2874 7722 2925 7723 2874 7723 2926 7723 2926 7724 2874 7724 2875 7724 2926 7725 2875 7725 2927 7725 2927 7726 2875 7726 2876 7726 2927 7727 2876 7727 2928 7727 2928 7728 2876 7728 2877 7728 2928 7729 2877 7729 2929 7729 2929 7730 2877 7730 2878 7730 2929 7731 2878 7731 2930 7731 2930 7732 2878 7732 2879 7732 2930 7733 2879 7733 2931 7733 2931 7734 2879 7734 2880 7734 2931 7735 2880 7735 2932 7735 2932 7736 2880 7736 2881 7736 2932 7737 2881 7737 2933 7737 2933 7738 2881 7738 2882 7738 2933 7739 2882 7739 2934 7739 2934 7740 2882 7740 2883 7740 2934 7741 2883 7741 2935 7741 2935 7742 2883 7742 2884 7742 2935 7743 2884 7743 2936 7743 2936 7744 2884 7744 2885 7744 2936 7745 2885 7745 2937 7745 2937 7746 2885 7746 2886 7746 2937 7747 2886 7747 2938 7747 2938 7748 2886 7748 2887 7748 2938 7749 2887 7749 2939 7749 2939 7750 2887 7750 2888 7750 2939 7751 2888 7751 2940 7751 2940 7752 2888 7752 2889 7752 2940 7753 2889 7753 2836 7753 2836 7754 2889 7754 2837 7754 2836 7755 2837 7755 2509 7755 2509 7756 2837 7757 2510 7758 2490 7759 2489 7759 2537 7759 2537 7760 2489 7760 2838 7760 2537 7761 2838 7761 2538 7761 2538 7762 2838 7762 2890 7762 2538 7763 2890 7763 2539 7763 2539 7764 2890 7764 2891 7764 2539 7765 2891 7765 2527 7765 2527 7766 2891 7766 2892 7766 2527 7767 2892 7767 2528 7767 2528 7768 2892 7768 2893 7768 2528 7769 2893 7769 2560 7769 2560 7770 2893 7770 2894 7770 2560 7771 2894 7771 2561 7771 2561 7772 2894 7772 2895 7772 2561 7773 2895 7773 2562 7773 2562 7774 2895 7774 2896 7774 2562 7775 2896 7775 2551 7775 2551 7776 2896 7776 2897 7776 2551 7777 2897 7777 2552 7777 2552 7778 2897 7778 2898 7778 2552 7779 2898 7779 2563 7779 2563 7780 2898 7780 2899 7780 2563 7781 2899 7781 2564 7781 2564 7782 2899 7782 2900 7782 2564 7783 2900 7783 2565 7783 2565 7784 2900 7784 2901 7784 2565 7785 2901 7785 2566 7785 2566 7786 2901 7786 2902 7786 2566 7787 2902 7787 2548 7787 2548 7788 2902 7788 2903 7788 2548 7789 2903 7789 2549 7789 2549 7790 2903 7790 2904 7790 2549 7791 2904 7791 2550 7791 2550 7792 2904 7792 2905 7792 2550 7793 2905 7793 2556 7793 2556 7794 2905 7794 2906 7794 2556 7795 2906 7795 2557 7795 2557 7796 2906 7796 2907 7796 2557 7797 2907 7797 2558 7797 2558 7798 2907 7798 2908 7798 2558 7799 2908 7799 2559 7799 2559 7800 2908 7800 2909 7800 2559 7801 2909 7801 2544 7801 2544 7802 2909 7802 2910 7802 2544 7803 2910 7803 2553 7803 2553 7804 2910 7804 2911 7804 2553 7805 2911 7805 2554 7805 2554 7806 2911 7806 2912 7806 2554 7807 2912 7807 2555 7807 2555 7808 2912 7808 2913 7808 2555 7809 2913 7809 2567 7809 2567 7810 2913 7810 2914 7810 2567 7811 2914 7811 2568 7811 2568 7812 2914 7812 2915 7812 2568 7813 2915 7813 2569 7813 2569 7814 2915 7814 2916 7814 2569 7815 2916 7815 2570 7815 2570 7816 2916 7816 2917 7816 2570 7817 2917 7817 2545 7817 2545 7818 2917 7818 2918 7818 2545 7819 2918 7819 2546 7819 2546 7820 2918 7820 2919 7820 2546 7821 2919 7821 2547 7821 2547 7822 2919 7822 2920 7822 2547 7823 2920 7823 2541 7823 2541 7824 2920 7824 2921 7824 2541 7825 2921 7825 2542 7825 2542 7826 2921 7826 2922 7826 2542 7827 2922 7827 2543 7827 2543 7828 2922 7828 2923 7828 2543 7829 2923 7829 2517 7829 2517 7830 2923 7830 2924 7830 2517 7831 2924 7831 2518 7831 2518 7832 2924 7832 2925 7832 2518 7833 2925 7833 2540 7833 2540 7834 2925 7834 2926 7834 2540 7835 2926 7835 2534 7835 2534 7836 2926 7836 2927 7836 2534 7837 2927 7837 2535 7837 2535 7838 2927 7838 2928 7838 2535 7839 2928 7839 2536 7839 2536 7840 2928 7840 2929 7840 2536 7841 2929 7841 2524 7841 2524 7842 2929 7842 2930 7842 2524 7843 2930 7843 2525 7843 2525 7844 2930 7844 2931 7844 2525 7845 2931 7845 2526 7845 2526 7846 2931 7846 2932 7846 2526 7847 2932 7847 2522 7847 2522 7848 2932 7848 2933 7848 2522 7849 2933 7849 2523 7849 2523 7850 2933 7850 2934 7850 2523 7851 2934 7851 2529 7851 2529 7852 2934 7852 2935 7852 2529 7853 2935 7853 2530 7853 2530 7854 2935 7854 2936 7854 2530 7855 2936 7855 2532 7855 2532 7856 2936 7856 2937 7856 2532 7857 2937 7857 2533 7857 2533 7858 2937 7858 2938 7858 2533 7859 2938 7859 2512 7859 2512 7860 2938 7860 2939 7860 2512 7861 2939 7861 2513 7861 2513 7862 2939 7862 2940 7862 2513 7863 2940 7863 2511 7863 2511 7864 2940 7864 2836 7864 2511 7865 2836 7865 2506 7865 2506 7866 2836 7866 2508 7866 2059 7867 2770 7867 2057 7867 2057 7868 2770 7868 2769 7868 2057 7869 2769 7869 2058 7869 2058 7870 2769 7870 2765 7870 2058 7871 2765 7871 2052 7871 2052 7872 2765 7872 2764 7872 2042 7873 2771 7873 2059 7873 2059 7873 2771 7873 2770 7873 2759 7874 2054 7874 2764 7874 2764 7875 2054 7875 2052 7875 2046 7876 2768 7876 2049 7876 2049 7877 2768 7877 2767 7877 2049 7878 2767 7878 2050 7878 2050 7879 2767 7879 2766 7879 2050 7880 2766 7880 2042 7880 2042 7881 2766 7881 2771 7881 2054 7882 2759 7882 2067 7882 2067 7883 2759 7883 2760 7883 2067 7884 2760 7884 2068 7884 2068 7885 2760 7885 2772 7885 2068 7886 2772 7886 2069 7886 2069 7887 2772 7887 2773 7887 2044 7888 2774 7888 2046 7888 2046 7889 2774 7889 2768 7889 2763 7890 2062 7890 2773 7890 2773 7890 2062 7890 2069 7890 2062 7891 2763 7891 2060 7891 2060 7892 2763 7892 2762 7892 2060 7893 2762 7893 2061 7893 2061 7894 2762 7894 2761 7894 2061 7895 2761 7895 2044 7895 2044 7896 2761 7896 2774 7896 2941 6650 2942 6650 2943 6650 2943 6650 2942 6650 2944 6650 2945 181 2946 181 2947 181 2947 181 2946 181 2948 181 2949 6700 2950 6700 2951 6700 2951 6700 2950 6700 2952 6700 2953 208 2954 208 2955 208 2955 208 2954 208 2956 208 2957 7897 2958 7897 2959 7897 2959 7898 2958 7898 2960 7898 2959 6184 2960 6184 2961 6184 2962 6184 2963 6184 2964 6184 2964 7899 2963 7899 2965 7899 2964 7900 2965 7900 2966 7900 2966 7901 2965 7901 2967 7901 2968 6184 2969 6184 2970 6184 2970 6184 2969 6184 2971 6184 2970 7902 2971 7902 2972 7902 2968 7903 2973 7903 2969 7903 2969 7904 2973 7904 2974 7904 2969 6184 2974 6184 2975 6184 2976 6184 2977 6184 2978 6184 2979 6184 2980 6184 2981 6184 2981 6184 2980 6184 2982 6184 2981 6184 2982 6184 2983 6184 2983 6184 2982 6184 2984 6184 2960 7905 2985 7905 2961 7905 2961 7906 2985 7906 2986 7906 2961 6184 2986 6184 2987 6184 2987 6184 2986 6184 2980 6184 2987 6184 2980 6184 2988 6184 2988 6184 2980 6184 2979 6184 2984 7907 2989 7907 2983 7907 2983 6184 2989 6184 2990 6184 2983 6184 2990 6184 2991 6184 2991 7908 2990 7908 2992 7908 2972 6184 2993 6184 2970 6184 2970 6184 2993 6184 2994 6184 2970 6184 2994 6184 2995 6184 2995 7909 2994 7909 2991 7909 2995 6184 2991 6184 2996 6184 2957 6184 2959 6184 2997 6184 2997 6184 2959 6184 2998 6184 2997 6184 2998 6184 2999 6184 3000 6184 2992 6184 3001 6184 3001 6184 2992 6184 3002 6184 3003 6184 3004 6184 3005 6184 3005 6184 3004 6184 2978 6184 3005 6184 2978 6184 3006 6184 3006 6184 2978 6184 3007 6184 3003 6184 3008 6184 3004 6184 3004 6184 3008 6184 3009 6184 3004 6184 3009 6184 3010 6184 3010 7910 3009 7910 2997 7910 3010 6184 2997 6184 3011 6184 3011 7911 2997 7911 2999 7911 2992 6184 3012 6184 3002 6184 3002 6184 3012 6184 2962 6184 3002 6184 2962 6184 3013 6184 3013 6184 2962 6184 2964 6184 3000 6184 3014 6184 2992 6184 2992 6184 3014 6184 3015 6184 2992 7912 3015 7912 2991 7912 2991 6184 3015 6184 3016 6184 2991 7913 3016 7913 2996 7913 2974 7914 3017 7914 2975 7914 2975 7915 3017 7915 3018 7915 2975 6184 3018 6184 3019 6184 3019 6184 3018 6184 3020 6184 3019 6184 3020 6184 3021 6184 3021 7916 3020 7916 3022 7916 2977 7917 3023 7917 2978 7917 2978 6184 3023 6184 3024 6184 2978 6184 3024 6184 3007 6184 3007 7918 3024 7918 3025 7918 3007 6184 3025 6184 3026 6184 3026 7919 3025 7919 3027 7919 3027 7920 3025 7920 3028 7920 3027 6184 3028 6184 3029 6184 3029 7921 3028 7921 3030 7921 3029 7922 3030 7922 2967 7922 2967 7923 3030 7923 3031 7923 2967 6184 3031 6184 2966 6184 2976 6184 2978 6184 3020 6184 3020 7924 2978 7924 3032 7924 3020 6184 3032 6184 3022 6184 2955 7925 2956 7925 3033 7925 2955 7926 3033 7926 3034 7926 3034 7927 3033 7927 3035 7927 3034 7928 3035 7928 3036 7928 3036 7929 3035 7929 3037 7929 3036 7930 3037 7930 3038 7930 3038 7931 3037 7931 3039 7931 3038 7932 3039 7932 3040 7932 3040 7933 3039 7933 2942 7933 3040 7934 2942 7934 2941 7934 2943 7935 2944 7935 3041 7935 2943 7936 3041 7936 3042 7936 3042 7937 3041 7937 3043 7937 3042 7938 3043 7938 3044 7938 3044 7939 3043 7939 3045 7939 3044 7940 3045 7940 3046 7940 3046 7941 3045 7941 3047 7941 3046 7942 3047 7942 3048 7942 3048 7943 3047 7943 2946 7943 3048 7944 2946 7944 2945 7944 2947 7945 2948 7945 3049 7945 2947 7946 3049 7946 3050 7946 3050 7947 3049 7947 3051 7947 3050 7948 3051 7948 3052 7948 3052 7949 3051 7949 3053 7949 3052 7950 3053 7950 3054 7950 3054 7951 3053 7951 3055 7951 3054 7952 3055 7952 3056 7952 3056 7953 3055 7953 2950 7953 3056 7954 2950 7954 2949 7954 2951 7955 2952 7955 3057 7955 2951 7956 3057 7956 3058 7956 3058 7957 3057 7957 3059 7957 3058 7958 3059 7958 3060 7958 3060 7959 3059 7959 3061 7959 3060 7960 3061 7960 3062 7960 3062 7961 3061 7961 3063 7961 3062 7962 3063 7962 3064 7962 3064 7963 3063 7963 2954 7963 3064 7964 2954 7964 2953 7964 2947 7965 2978 7965 2945 7965 2945 7965 2978 7965 3004 7965 2978 7966 2947 7966 3050 7966 2978 7967 3050 7967 3032 7967 3032 7968 3050 7968 3052 7968 3032 7969 3052 7969 3022 7969 3022 7970 3052 7970 3054 7970 3022 7971 3054 7971 3021 7971 3021 7972 3054 7972 3056 7972 3021 7973 3056 7973 3019 7973 3019 7974 3056 7974 2949 7974 3019 7975 2949 7975 2975 7975 2959 7976 2943 7976 3042 7976 2959 7977 3042 7977 2998 7977 2998 7978 3042 7978 3044 7978 2998 7979 3044 7979 2999 7979 2999 7980 3044 7980 3046 7980 2999 7981 3046 7981 3011 7981 3011 7982 3046 7982 3048 7982 3011 7983 3048 7983 3010 7983 3010 7984 3048 7984 2945 7984 3010 7985 2945 7985 3004 7985 2951 7986 2969 7986 2949 7986 2949 7987 2969 7987 2975 7987 2961 7988 2941 7988 2959 7988 2959 7989 2941 7989 2943 7989 2969 7990 2951 7990 3058 7990 2969 7991 3058 7991 2971 7991 2971 7992 3058 7992 3060 7992 2971 7993 3060 7993 2972 7993 2972 7994 3060 7994 3062 7994 2972 7995 3062 7995 2993 7995 2993 7996 3062 7996 3064 7996 2993 7997 3064 7997 2994 7997 2994 7998 3064 7998 2953 7998 2994 7999 2953 7999 2991 7999 2983 8000 2955 8000 3034 8000 2983 8001 3034 8001 2981 8001 2981 8002 3034 8002 3036 8002 2981 8003 3036 8003 2979 8003 2979 8004 3036 8004 3038 8004 2979 8005 3038 8005 2988 8005 2988 8006 3038 8006 3040 8006 2988 8007 3040 8007 2987 8007 2987 8008 3040 8008 2941 8008 2987 8009 2941 8009 2961 8009 2955 8010 2983 8010 2953 8010 2953 8011 2983 8011 2991 8011 3065 8012 3066 8012 3067 8012 3067 6184 3066 6184 3068 6184 3067 6184 3068 6184 3069 6184 3070 6184 3071 6184 3072 6184 3072 6184 3071 6184 3073 6184 3072 6184 3073 6184 3074 6184 3074 6184 3073 6184 3075 6184 3074 8013 3075 8013 3065 8013 3065 8014 3075 8014 3076 8014 3065 8015 3076 8015 3066 8015 3068 8016 3077 8016 3069 8016 3069 8017 3077 8017 3078 8017 3069 6184 3078 6184 3079 6184 3079 6184 3078 6184 3080 6184 3079 6184 3080 6184 3081 6184 3081 8018 3080 8018 3082 8018 3081 6184 3082 6184 3083 6184 3083 6184 3082 6184 3084 6184 3083 6184 3084 6184 3085 6184 3085 6184 3084 6184 3086 6184 3085 6184 3086 6184 3087 6184 3087 6184 3086 6184 3088 6184 3087 6184 3088 6184 3089 6184 3089 8019 3088 8019 3090 8019 3089 8020 3090 8020 3091 8020 3092 6184 3093 6184 3094 6184 3094 6184 3093 6184 3095 6184 3094 6184 3095 6184 3096 6184 3096 6184 3095 6184 3097 6184 3096 6184 3097 6184 3070 6184 3070 6184 3097 6184 3098 6184 3070 6184 3098 6184 3071 6184 3099 6184 3100 6184 3101 6184 3101 8021 3100 8021 3102 8021 3101 6184 3102 6184 3103 6184 3103 8022 3102 8022 3104 8022 3103 6184 3104 6184 3092 6184 3092 8023 3104 8023 3105 8023 3092 6184 3105 6184 3093 6184 3090 8024 3106 8024 3091 8024 3091 6184 3106 6184 3107 6184 3091 6184 3107 6184 3108 6184 3108 8025 3107 8025 3109 8025 3108 6184 3109 6184 3099 6184 3099 8026 3109 8026 3110 8026 3099 6184 3110 6184 3100 6184 3111 6184 3112 6184 3113 6184 3113 8027 3112 8027 3114 8027 3113 6184 3114 6184 3115 6184 3116 6184 3117 6184 3118 6184 3118 8028 3117 8028 3119 8028 3118 6184 3119 6184 3111 6184 3111 8029 3119 8029 3120 8029 3111 6184 3120 6184 3112 6184 3121 8030 3122 8030 3123 8030 3123 6184 3122 6184 3124 6184 3123 8031 3124 8031 3116 8031 3116 6184 3124 6184 3125 6184 3116 8032 3125 8032 3117 8032 3126 6184 3127 6184 3128 6184 3128 6184 3127 6184 3129 6184 3128 6184 3129 6184 3130 6184 3131 6184 3132 6184 3133 6184 3133 6184 3132 6184 3134 6184 3133 6184 3134 6184 3126 6184 3126 8033 3134 8033 3135 8033 3126 8034 3135 8034 3127 8034 3114 6184 3136 6184 3115 6184 3115 6184 3136 6184 3137 6184 3115 6184 3137 6184 3138 6184 3138 6184 3137 6184 3139 6184 3138 8035 3139 8035 3140 8035 3140 8036 3139 8036 3141 8036 3140 8037 3141 8037 3142 8037 3142 6184 3141 6184 3143 6184 3142 6184 3143 6184 3144 6184 3144 6184 3143 6184 3145 6184 3144 8038 3145 8038 3131 8038 3131 8039 3145 8039 3146 8039 3131 6184 3146 6184 3132 6184 3147 6184 3148 6184 3121 6184 3121 6184 3148 6184 3149 6184 3121 6184 3149 6184 3122 6184 3129 6184 3150 6184 3130 6184 3130 8040 3150 8040 3151 8040 3130 6184 3151 6184 3152 6184 3152 8041 3151 8041 3153 8041 3152 6184 3153 6184 3147 6184 3147 8042 3153 8042 3154 8042 3147 6184 3154 6184 3148 6184 2967 8043 3148 8043 3029 8043 3029 8044 3148 8044 3154 8044 3029 8045 3154 8045 3027 8045 3027 8046 3154 8046 3153 8046 3027 8047 3153 8047 3026 8047 3026 8048 3153 8048 3151 8048 3026 8049 3151 8049 3007 8049 3007 8050 3151 8050 3150 8050 3007 8051 3150 8051 3006 8051 3006 8052 3150 8052 3129 8052 3006 8053 3129 8053 3005 8053 3005 8054 3129 8054 3127 8054 3005 8055 3127 8055 3003 8055 3003 8056 3127 8056 3135 8056 3003 8057 3135 8057 3008 8057 3008 8058 3135 8058 3134 8058 3008 8059 3134 8059 3009 8059 3009 8060 3134 8060 3132 8060 3009 8061 3132 8061 2997 8061 2997 8062 3132 8062 3146 8062 2997 8063 3146 8063 2957 8063 2957 8064 3146 8064 3145 8064 2957 8065 3145 8065 2958 8065 2958 8066 3145 8066 3143 8066 2958 8067 3143 8067 2960 8067 2960 8068 3143 8068 3141 8068 2960 8069 3141 8069 2985 8069 2985 8070 3141 8070 3139 8070 2985 8071 3139 8071 2986 8071 2986 8072 3139 8072 3137 8072 2986 8073 3137 8073 2980 8073 2980 8074 3137 8074 3136 8074 2980 8075 3136 8075 2982 8075 2982 8076 3136 8076 3114 8076 2982 8077 3114 8077 2984 8077 2984 8078 3114 8078 3112 8078 2984 8079 3112 8079 2989 8079 2989 8080 3112 8080 3120 8080 2989 8081 3120 8081 2990 8081 2990 8082 3120 8082 3119 8082 2990 8083 3119 8083 2992 8083 2992 8084 3119 8084 3117 8084 2992 8085 3117 8085 3012 8085 3012 8086 3117 8086 3125 8086 3012 8087 3125 8087 2962 8087 2962 8088 3125 8088 3124 8088 2962 8089 3124 8089 2963 8089 2963 8090 3124 8090 3122 8090 2963 8091 3122 8091 2965 8091 2965 8092 3122 8092 3149 8092 2965 8093 3149 8093 2967 8093 2967 8094 3149 8094 3148 8094 2974 8095 3095 8095 3017 8095 3017 8096 3095 8096 3093 8096 3017 8097 3093 8097 3018 8097 3018 8098 3093 8098 3105 8098 3018 8099 3105 8099 3020 8099 3020 8100 3105 8100 3104 8100 3020 8101 3104 8101 2976 8101 2976 8102 3104 8102 3102 8102 2976 8103 3102 8103 2977 8103 2977 8104 3102 8104 3100 8104 2977 8105 3100 8105 3023 8105 3023 8106 3100 8106 3110 8106 3023 8107 3110 8107 3024 8107 3024 8108 3110 8108 3109 8108 3024 8109 3109 8109 3025 8109 3025 8110 3109 8110 3107 8110 3025 8059 3107 8059 3028 8059 3028 8111 3107 8111 3106 8111 3028 8112 3106 8112 3030 8112 3030 8113 3106 8113 3090 8113 3030 8114 3090 8114 3031 8114 3031 8115 3090 8115 3088 8115 3031 8116 3088 8116 2966 8116 2966 8117 3088 8117 3086 8117 2966 8118 3086 8118 2964 8118 2964 8119 3086 8119 3084 8119 2964 8120 3084 8120 3013 8120 3013 8121 3084 8121 3082 8121 3013 8122 3082 8122 3002 8122 3002 8123 3082 8123 3080 8123 3002 8124 3080 8124 3001 8124 3001 8125 3080 8125 3078 8125 3001 8126 3078 8126 3000 8126 3000 8127 3078 8127 3077 8127 3000 8128 3077 8128 3014 8128 3014 8129 3077 8129 3068 8129 3014 8130 3068 8130 3015 8130 3015 8131 3068 8131 3066 8131 3015 8132 3066 8132 3016 8132 3016 8133 3066 8133 3076 8133 3016 8134 3076 8134 2996 8134 2996 8135 3076 8135 3075 8135 2996 8085 3075 8085 2995 8085 2995 8136 3075 8136 3073 8136 2995 8137 3073 8137 2970 8137 2970 8138 3073 8138 3071 8138 2970 8139 3071 8139 2968 8139 2968 8140 3071 8140 3098 8140 2968 8141 3098 8141 2973 8141 2973 8142 3098 8142 3097 8142 2973 8143 3097 8143 2974 8143 2974 8144 3097 8144 3095 8144 3155 8145 3156 8145 3085 8145 3085 8146 3156 8146 3083 8146 3156 8146 3157 8146 3083 8146 3083 8147 3157 8147 3158 8147 3083 8148 3158 8148 3081 8148 3081 8149 3158 8149 3159 8149 3081 8149 3159 8149 3079 8149 3079 8150 3159 8150 3160 8150 3079 8151 3160 8151 3069 8151 3069 8152 3160 8152 3161 8152 3069 8153 3161 8153 3067 8153 3067 8154 3161 8154 3162 8154 3067 8154 3162 8154 3065 8154 3065 8155 3162 8155 3163 8155 3065 8155 3163 8155 3074 8155 3074 8156 3163 8156 3164 8156 3074 8157 3164 8157 3072 8157 3072 8158 3164 8158 3165 8158 3072 8158 3165 8158 3070 8158 3070 8159 3165 8159 3166 8159 3070 8160 3166 8160 3096 8160 3096 8161 3166 8161 3167 8161 3096 8162 3167 8162 3094 8162 3094 8163 3167 8163 3168 8163 3094 8164 3168 8164 3092 8164 3092 8165 3168 8165 3169 8165 3092 8166 3169 8166 3103 8166 3103 8167 3169 8167 3170 8167 3103 8167 3170 8167 3101 8167 3101 8168 3170 8168 3171 8168 3101 8169 3171 8169 3099 8169 3099 8170 3171 8170 3172 8170 3099 8171 3172 8171 3108 8171 3108 8172 3172 8172 3173 8172 3108 8173 3173 8173 3091 8173 3091 8174 3173 8174 3174 8174 3091 8174 3174 8174 3089 8174 3089 8175 3174 8175 3155 8175 3089 8176 3155 8176 3087 8176 3087 8177 3155 8178 3085 8179 3156 6184 3155 6184 3175 6184 3156 6184 3175 6184 3157 6184 3160 8180 3159 8180 3175 8180 3175 8181 3159 8181 3158 8181 3175 8182 3158 8182 3157 8182 3163 6184 3162 6184 3175 6184 3175 8183 3162 8183 3161 8183 3175 8184 3161 8184 3160 8184 3166 6184 3165 6184 3175 6184 3175 6184 3165 6184 3164 6184 3175 8185 3164 8185 3163 8185 3169 8186 3168 8186 3175 8186 3175 8187 3168 8187 3167 8187 3175 6184 3167 6184 3166 6184 3172 8188 3171 8188 3175 8188 3175 8189 3171 8189 3170 8189 3175 8190 3170 8190 3169 8190 3155 8191 3174 8191 3175 8191 3175 8192 3174 8192 3173 8192 3175 6184 3173 6184 3172 6184 3176 8193 3177 8193 3142 8193 3142 8194 3177 8195 3140 8196 3177 8197 3178 8197 3140 8197 3140 8198 3178 8198 3179 8198 3140 8199 3179 8199 3138 8199 3138 8200 3179 8200 3180 8200 3138 8201 3180 8201 3115 8201 3115 8202 3180 8202 3181 8202 3115 8202 3181 8202 3113 8202 3113 8203 3181 8203 3182 8203 3113 8204 3182 8204 3111 8204 3111 8205 3182 8205 3183 8205 3111 8206 3183 8206 3118 8206 3118 8207 3183 8207 3184 8207 3118 8207 3184 8207 3116 8207 3116 8208 3184 8208 3185 8208 3116 8209 3185 8209 3123 8209 3123 8210 3185 8210 3186 8210 3123 8211 3186 8211 3121 8211 3121 8212 3186 8212 3187 8212 3121 8213 3187 8213 3147 8213 3147 8214 3187 8214 3188 8214 3147 8215 3188 8215 3152 8215 3152 8216 3188 8216 3189 8216 3152 8216 3189 8216 3130 8216 3130 8217 3189 8217 3190 8217 3130 8218 3190 8218 3128 8218 3128 8219 3190 8219 3191 8219 3128 8220 3191 8220 3126 8220 3126 8221 3191 8221 3192 8221 3126 8221 3192 8221 3133 8221 3133 8222 3192 8222 3193 8222 3133 8223 3193 8223 3131 8223 3131 8224 3193 8224 3176 8224 3131 8225 3176 8225 3144 8225 3144 8193 3176 8193 3142 8193 3179 8226 3178 8226 3194 8226 3194 6184 3178 6184 3177 6184 3194 6184 3177 6184 3176 6184 3182 6184 3181 6184 3194 6184 3194 8227 3181 8227 3180 8227 3194 8228 3180 8228 3179 8228 3185 6184 3184 6184 3194 6184 3194 8229 3184 8229 3183 8229 3194 8230 3183 8230 3182 8230 3188 8231 3187 8231 3194 8231 3194 6184 3187 6184 3186 6184 3194 6184 3186 6184 3185 6184 3191 6184 3190 6184 3194 6184 3194 8232 3190 8232 3189 8232 3194 8233 3189 8233 3188 8233 3176 6184 3193 6184 3194 6184 3194 8234 3193 8234 3192 8234 3194 8235 3192 8235 3191 8235 2946 6655 2956 6655 2948 6655 2948 6655 2956 6655 2954 6655 3047 8236 3045 8236 2944 8236 2944 6655 3045 6655 3043 6655 2944 6655 3043 6655 3041 6655 2942 6655 2956 6655 2944 6655 2944 6655 2956 6655 2946 6655 2944 8237 2946 8237 3047 8237 2942 6655 3039 6655 2956 6655 2956 8238 3039 8238 3037 8238 2956 8239 3037 8239 3033 8239 3033 6655 3037 6655 3035 6655 3059 8240 2954 8240 3061 8240 3061 8241 2954 8241 3063 8241 3059 6655 3057 6655 2954 6655 2954 8242 3057 8242 2952 8242 2954 8243 2952 8243 2948 8243 2948 8244 2952 8244 2950 8244 2948 6655 2950 6655 3055 6655 3055 6655 3053 6655 2948 6655 2948 6655 3053 6655 3051 6655 2948 6655 3051 6655 3049 6655</p>
        </triangles>
      </mesh>
    </geometry>
  </library_geometries>
  <library_visual_scenes>
    <visual_scene id="Scene" name="Scene">
      <node id="ust-10lx" name="ust-10lx" type="NODE">
        <matrix sid="transform">100 0 0 0 0 100 0 0 0 0 100 0 0 0 0 1</matrix>
        <instance_geometry url="#ust-10lx_001-mesh" name="ust-10lx">
          <bind_material>
            <technique_common>
              <instance_material symbol="Material_011-material" target="#Material_011-material"/>
            </technique_common>
          </bind_material>
        </instance_geometry>
      </node>
    </visual_scene>
  </library_visual_scenes>
  <scene>
    <instance_visual_scene url="#Scene"/>
  </scene>
</COLLADA>